latitude,longitude,brightness,scan,track,acq_date,acq_time,satellite,instrument,confidence,version,bright_t31,frp,daynight,type
12.6392,76.5823,316.2,1.8,1.3,2021-01-02,0801,Aqua,MODIS,68,6.03,299.2,17.4,D,0
12.6419,76.5985,313.7,1.8,1.3,2021-01-02,0801,Aqua,MODIS,64,6.03,298,12.7,D,0
12.1674,75.2479,314.6,1,1,2021-01-03,0540,Terra,MODIS,65,6.03,300,5.7,D,0
12.1931,76.9906,306.6,1.2,1.1,2021-01-18,1725,Terra,MODIS,69,6.03,288.7,10.2,N,0
12.2713,77.203,319.4,2.1,1.4,2021-01-19,0843,Aqua,MODIS,70,6.03,301.6,23.2,D,0
12.6409,76.9439,314.6,1,1,2021-01-21,0527,Terra,MODIS,56,6.03,301.5,5.7,D,0
12.6869,76.9413,315.6,1,1,2021-01-21,0527,Terra,MODIS,59,6.03,302,6.4,D,0
12.6396,76.953,318.8,1,1,2021-01-21,0527,Terra,MODIS,67,6.03,301.5,9.5,D,0
10.2895,77.089,320.4,1.2,1.1,2021-01-21,0830,Aqua,MODIS,69,6.03,294.7,18.3,D,0
12.3698,76.675,327,1.2,1.1,2021-01-21,0831,Aqua,MODIS,77,6.03,306.7,17.2,D,0
12.7182,76.6393,325.5,1.2,1.1,2021-01-21,0831,Aqua,MODIS,75,6.03,305.3,15.9,D,0
12.2406,77.1805,318.9,1.2,1.1,2021-01-21,0831,Aqua,MODIS,52,6.03,302.4,9.3,D,0
12.7229,76.643,328.2,1.2,1.1,2021-01-21,0831,Aqua,MODIS,78,6.03,305.1,18.5,D,0
12.5383,77.0226,313.6,1.3,1.1,2021-01-23,0515,Terra,MODIS,60,6.03,299.1,8.8,D,0
12.3402,77.2035,316.3,1.3,1.1,2021-01-23,0515,Terra,MODIS,45,6.03,300.6,8.6,D,0
12.3392,77.209,316.5,1.3,1.1,2021-01-23,0515,Terra,MODIS,46,6.03,301.5,8.7,D,0
10.3033,77.0957,309.8,1.2,1.1,2021-01-23,0516,Terra,MODIS,43,6.03,293.8,8.7,D,0
12.5721,77.3943,321.6,1,1,2021-01-23,0819,Aqua,MODIS,70,6.03,304.7,10.4,D,0
12.6895,77.1843,322.1,1,1,2021-01-23,0819,Aqua,MODIS,71,6.03,302.5,10.9,D,0
12.7149,74.9766,315.9,1.1,1.1,2021-01-23,0819,Aqua,MODIS,62,6.03,302.1,8.6,D,0
9.7339,77.0367,312.2,1.4,1.2,2021-01-25,0806,Aqua,MODIS,45,6.03,297.4,13,D,0
11.6508,76.6704,322,1.4,1.2,2021-01-25,0806,Aqua,MODIS,70,6.03,309.4,14.6,D,0
12.2675,77.3214,320.3,1.3,1.1,2021-01-25,0806,Aqua,MODIS,68,6.03,305.4,11.7,D,0
12.2658,77.3101,325.5,1.3,1.1,2021-01-25,0806,Aqua,MODIS,76,6.03,305.2,19.4,D,0
12.343,76.6915,324.3,1.4,1.2,2021-01-25,0807,Aqua,MODIS,74,6.03,309.6,16.7,D,0
11.3646,76.6987,310.6,1.5,1.2,2021-01-26,0546,Terra,MODIS,53,6.03,295.6,12.9,D,0
11.3621,76.7135,309.8,1.5,1.2,2021-01-26,0546,Terra,MODIS,48,6.03,297.7,12,D,0
11.3597,76.7064,318.4,1.5,1.2,2021-01-26,0546,Terra,MODIS,72,6.03,298.1,23.8,D,0
12.4033,76.6875,315.9,1.5,1.2,2021-01-26,0546,Terra,MODIS,65,6.03,302.3,12.5,D,0
12.5468,76.8048,312.7,1.5,1.2,2021-01-26,0546,Terra,MODIS,41,6.03,302.7,7.7,D,0
12.7157,74.9772,316.8,1.1,1.1,2021-01-26,0546,Terra,MODIS,67,6.03,306.3,10,D,0
12.7141,74.9876,316.2,1.1,1.1,2021-01-26,0546,Terra,MODIS,66,6.03,305.4,9.7,D,0
10.1594,77.0316,307.4,1,1,2021-01-27,1718,Terra,MODIS,71,6.03,281.8,10.4,N,0
10.1684,77.0303,306.5,1,1,2021-01-27,1718,Terra,MODIS,68,6.03,282.2,9.9,N,0
11.8034,77.0135,302.3,1,1,2021-01-27,1719,Terra,MODIS,48,6.03,289.3,5.9,N,0
12.7799,76.3499,310.3,1,1,2021-01-28,0533,Terra,MODIS,28,6.03,300,3.3,D,0
12.7178,76.765,316.1,1,1,2021-01-28,0533,Terra,MODIS,65,6.03,303.2,6.2,D,0
12.6668,76.6146,320.6,1,1,2021-01-28,0533,Terra,MODIS,73,6.03,301.6,11,D,0
12.495,77.2569,314.5,1.1,1,2021-01-28,0533,Terra,MODIS,45,6.03,303.1,6.2,D,0
12.7135,75.6826,311.3,1,1,2021-01-28,0533,Terra,MODIS,50,6.03,298,7.3,D,0
10.0394,77.4991,315.4,1.1,1.1,2021-01-28,0534,Terra,MODIS,63,6.03,303.5,6.3,D,0
9.4743,77.2931,308.9,1.1,1.1,2021-01-28,0534,Terra,MODIS,37,6.03,294.2,8,D,0
9.449,77.2956,318.8,1.5,1.2,2021-01-28,0836,Aqua,MODIS,70,6.03,295.5,22.8,D,0
9.4596,77.2942,333,1.5,1.2,2021-01-28,0836,Aqua,MODIS,85,6.03,296.6,49.9,D,0
9.5272,77.1076,312,1.4,1.2,2021-01-28,0836,Aqua,MODIS,43,6.03,298.5,9,D,0
9.5727,77.2054,321.1,1.4,1.2,2021-01-28,0836,Aqua,MODIS,73,6.03,299,23.5,D,0
9.571,77.1929,323.8,1.4,1.2,2021-01-28,0836,Aqua,MODIS,67,6.03,298.7,28.4,D,0
9.5657,77.201,328.5,1.4,1.2,2021-01-28,0836,Aqua,MODIS,81,6.03,299.3,37.5,D,0
12.5064,77.3804,321.3,1.6,1.3,2021-01-28,0837,Aqua,MODIS,71,6.03,305.9,14.9,D,0
12.7149,75.7124,315.6,1.3,1.1,2021-01-28,0837,Aqua,MODIS,45,6.03,303.2,11.6,D,0
10.4453,77.2692,303,1.1,1.1,2021-01-29,1706,Terra,MODIS,53,6.03,292,4.7,N,0
9.5471,77.126,325.3,1,1,2021-01-30,0824,Aqua,MODIS,76,6.03,297.2,18.7,D,0
9.5458,77.1169,314.3,1,1,2021-01-30,0824,Aqua,MODIS,51,6.03,296.4,7.3,D,0
12.3096,77.2213,304.2,1.6,1.3,2021-01-31,1654,Terra,MODIS,59,6.03,293.7,9,N,0
12.3209,77.2198,304.8,1.6,1.3,2021-01-31,1654,Terra,MODIS,62,6.03,293.5,9.9,N,0
12.4695,77.2689,317.5,1.6,1.2,2021-02-01,0509,Terra,MODIS,62,6.03,302.2,12.3,D,0
12.4694,77.263,316.4,1.6,1.2,2021-02-01,0509,Terra,MODIS,50,6.03,301.7,9.5,D,0
11.2757,77.2437,329.3,1.1,1,2021-02-01,0812,Aqua,MODIS,79,6.03,308.8,15.9,D,0
12.752,76.5701,326.1,1.1,1.1,2021-02-01,0813,Aqua,MODIS,44,6.03,309.4,11.3,D,0
12.7645,76.5891,326.6,1.1,1.1,2021-02-01,0813,Aqua,MODIS,61,6.03,308.6,12.4,D,0
12.6445,75.1088,314.7,1.4,1.2,2021-02-02,0552,Terra,MODIS,63,6.03,302.8,12,D,0
10.2459,77.0507,320.8,2.2,1.4,2021-02-02,0552,Terra,MODIS,77,6.03,293.1,53.8,D,0
10.2428,77.0689,309,2.2,1.4,2021-02-02,0552,Terra,MODIS,58,6.03,292.7,22.9,D,0
10.2467,77.0459,310.8,2.2,1.4,2021-02-02,0552,Terra,MODIS,62,6.03,292.4,27,D,0
10.244,77.0624,319.4,2.2,1.4,2021-02-02,0552,Terra,MODIS,75,6.03,293.4,49.8,D,0
12.5723,77.132,337.5,1.6,1.2,2021-02-03,0800,Aqua,MODIS,88,6.03,301.8,61,D,0
12.5699,77.1173,319.7,1.6,1.3,2021-02-03,0800,Aqua,MODIS,70,6.03,301.2,16.5,D,0
12.5148,77.1342,318.7,1.2,1.1,2021-02-04,0539,Terra,MODIS,65,6.03,304.4,11.2,D,0
10.0223,76.3665,314.6,1.2,1.1,2021-02-04,0540,Terra,MODIS,62,6.03,298.6,6.5,D,0
8.2099,77.4996,316.7,1.9,1.3,2021-02-04,0842,Aqua,MODIS,66,6.03,299.2,18.6,D,0
8.2078,77.4836,313.3,1.9,1.3,2021-02-04,0842,Aqua,MODIS,52,6.03,298.9,12.1,D,0
10.1865,77.1392,309.4,1.9,1.3,2021-02-04,0843,Aqua,MODIS,47,6.03,272.3,24.6,D,0
11.4756,77.3175,318.5,2.1,1.4,2021-02-04,0843,Aqua,MODIS,65,6.03,302,17.6,D,0
12.7212,77.1626,324.6,2.1,1.4,2021-02-04,0843,Aqua,MODIS,75,6.03,304.4,33.7,D,0
12.4672,77.3984,316.5,1,1,2021-02-06,0527,Terra,MODIS,46,6.03,304.6,5.5,D,0
12.3748,76.6469,316.3,1,1,2021-02-06,0527,Terra,MODIS,57,6.03,303.5,5,D,0
10.8529,76.0271,316,1,1,2021-02-06,0528,Terra,MODIS,63,6.03,301.5,6.6,D,0
10.7677,76.2341,314.4,1,1,2021-02-06,0528,Terra,MODIS,60,6.03,298.4,5.9,D,0
10.1983,77.0987,308.5,1,1,2021-02-06,0528,Terra,MODIS,49,6.03,291.3,6.2,D,0
11.0018,77.2147,328.1,1.2,1.1,2021-02-06,0831,Aqua,MODIS,76,6.03,308.9,16.9,D,0
12.1295,77.186,339.1,1.2,1.1,2021-02-06,0831,Aqua,MODIS,87,6.03,310.6,39.5,D,0
12.6325,76.7518,326.4,1.2,1.1,2021-02-06,0831,Aqua,MODIS,74,6.03,310.7,13.3,D,0
12.1134,76.7462,316.3,1.3,1.1,2021-02-08,0515,Terra,MODIS,62,6.03,303.3,7.4,D,0
9.5886,76.9288,311.6,1.2,1.1,2021-02-08,0516,Terra,MODIS,30,6.03,299.8,5.6,D,0
9.5753,76.9352,318.8,1,1,2021-02-08,0818,Aqua,MODIS,43,6.03,303.3,7.8,D,0
9.5739,76.9258,319.7,1,1,2021-02-08,0818,Aqua,MODIS,49,6.03,304.5,8.3,D,0
9.5934,76.9367,316.5,1,1,2021-02-08,0818,Aqua,MODIS,49,6.03,303.4,6.8,D,0
9.592,76.9273,321,1,1,2021-02-08,0818,Aqua,MODIS,68,6.03,309.3,10.9,D,0
10.7211,76.4568,323.2,1,1,2021-02-08,0818,Aqua,MODIS,67,6.03,310.2,11.1,D,0
11.4962,76.4618,316.3,1,1,2021-02-08,0819,Aqua,MODIS,57,6.03,304.3,7.3,D,0
12.3284,77.1176,328.5,1,1,2021-02-08,0819,Aqua,MODIS,76,6.03,315.4,10.2,D,0
12.4199,76.7288,323.7,1,1,2021-02-08,0819,Aqua,MODIS,69,6.03,309.3,9.5,D,0
12.4186,76.7197,343.6,1,1,2021-02-08,0819,Aqua,MODIS,90,6.03,309.7,37.9,D,0
12.5316,77.2508,327.2,1,1,2021-02-08,0819,Aqua,MODIS,68,6.03,309.3,12.5,D,0
12.6145,77.4461,322.9,1,1,2021-02-08,0819,Aqua,MODIS,64,6.03,311.4,6.9,D,0
12.7679,77.0393,325.3,1,1,2021-02-08,0819,Aqua,MODIS,70,6.03,311.3,8.6,D,0
12.7116,74.9818,324.3,1.1,1.1,2021-02-08,0819,Aqua,MODIS,73,6.03,310.5,15.2,D,0
9.6063,76.9384,305.8,1,1,2021-02-08,2034,Aqua,MODIS,66,6.03,289,7.2,N,0
9.587,76.9449,333.7,1,1,2021-02-08,2034,Aqua,MODIS,100,6.03,294.6,33.7,N,0
9.5856,76.954,345.7,1,1,2021-02-08,2034,Aqua,MODIS,100,6.03,295.8,53.8,N,0
12.3321,76.608,327.5,4.3,1.9,2021-02-09,0902,Aqua,MODIS,70,6.03,305,123.5,D,2
12.3191,76.6014,320,4.3,1.9,2021-02-09,0902,Aqua,MODIS,72,6.03,304.3,58.3,D,2
12.4028,77.3815,322.7,1.2,1.1,2021-02-10,0807,Aqua,MODIS,68,6.03,311.2,8.6,D,0
12.401,77.3705,322.2,1.2,1.1,2021-02-10,0807,Aqua,MODIS,67,6.03,311.7,7.6,D,0
12.4916,77.2919,323.3,1.2,1.1,2021-02-10,0807,Aqua,MODIS,55,6.03,309.7,10.6,D,0
12.5247,77.3095,324.6,1.2,1.1,2021-02-10,0807,Aqua,MODIS,71,6.03,309.8,12.4,D,0
12.5345,77.308,323.3,1.2,1.1,2021-02-10,0807,Aqua,MODIS,67,6.03,308.2,10.9,D,0
12.3487,77.1498,302.7,1.5,1.2,2021-02-10,1731,Terra,MODIS,51,6.03,287,11.2,N,0
12.3469,77.1357,305.7,1.5,1.2,2021-02-10,1731,Terra,MODIS,65,6.03,286.5,14.7,N,0
12.7171,74.9751,317.9,1.1,1.1,2021-02-11,0546,Terra,MODIS,42,6.03,305.2,10,D,0
12.7156,74.9854,320.9,1.1,1.1,2021-02-11,0546,Terra,MODIS,70,6.03,305.8,14,D,0
12.7061,74.984,319.1,1.1,1.1,2021-02-11,0546,Terra,MODIS,63,6.03,303.2,11.6,D,0
12.3759,76.6777,315.1,1.4,1.2,2021-02-11,0546,Terra,MODIS,41,6.03,301.6,8.8,D,0
12.3456,75.1445,324.5,1.2,1.1,2021-02-11,0546,Terra,MODIS,77,6.03,304.6,18.6,D,0
12.3439,75.1552,318.6,1.2,1.1,2021-02-11,0546,Terra,MODIS,69,6.03,303.1,11.3,D,0
12.2405,77.1943,307.6,1,1,2021-02-12,1719,Terra,MODIS,72,6.03,292.7,7.8,N,0
12.2392,77.1847,308.5,1,1,2021-02-12,1719,Terra,MODIS,75,6.03,292.6,8.4,N,0
12.6487,76.4591,327.7,1,1,2021-02-13,0533,Terra,MODIS,79,6.03,307.6,15.4,D,0
12.5085,77.2661,315.7,1.1,1,2021-02-13,0533,Terra,MODIS,22,6.03,302.8,5.4,D,0
12.4079,77.3832,326,1.1,1,2021-02-13,0533,Terra,MODIS,45,6.03,307.6,12.5,D,0
12.4002,77.3719,320.7,1.1,1,2021-02-13,0533,Terra,MODIS,35,6.03,307.5,7.1,D,0
12.3987,77.3817,328.3,1.1,1,2021-02-13,0533,Terra,MODIS,78,6.03,308.6,16.6,D,0
12.3809,76.9516,314.3,1,1,2021-02-13,0533,Terra,MODIS,25,6.03,303.6,5.1,D,0
12.2977,77.1921,328.4,1.1,1,2021-02-13,0533,Terra,MODIS,79,6.03,304.9,18.8,D,0
12.2886,77.1906,333.9,1.1,1,2021-02-13,0533,Terra,MODIS,84,6.03,305.4,26.8,D,0
12.2244,76.7041,333.2,1,1,2021-02-13,0533,Terra,MODIS,84,6.03,306.8,22.8,D,0
12.0874,75.9578,320.2,1,1,2021-02-13,0533,Terra,MODIS,69,6.03,299.9,12.7,D,0
12.5179,77.3579,324.4,1.6,1.3,2021-02-13,0837,Aqua,MODIS,70,6.03,310.5,13.5,D,0
12.7657,77.1414,330.2,1.6,1.2,2021-02-13,0837,Aqua,MODIS,78,6.03,308.3,31.6,D,0
12.7638,77.1271,328,1.6,1.2,2021-02-13,0837,Aqua,MODIS,75,6.03,307.9,26,D,0
12.7968,77.0495,334.4,1.1,1,2021-02-15,0521,Terra,MODIS,84,6.03,306.2,25.8,D,0
10.7913,76.7865,325,1.1,1,2021-02-15,0521,Terra,MODIS,75,6.03,303.5,15.2,D,0
12.1909,77.2233,322.5,1.6,1.2,2021-02-19,0800,Aqua,MODIS,58,6.03,301.7,22.2,D,0
12.1912,77.2167,322.4,1.6,1.2,2021-02-19,0800,Aqua,MODIS,52,6.03,300.7,19.7,D,0
12.7442,77.1228,331.6,1,1,2021-02-24,0819,Aqua,MODIS,78,6.03,307.8,18,D,0
12.7334,77.1217,324.2,1,1,2021-02-24,0819,Aqua,MODIS,55,6.03,307.6,7.8,D,0
12.7455,77.1319,326.7,1,1,2021-02-24,0819,Aqua,MODIS,70,6.03,309.5,12.4,D,0
12.7224,76.6183,317.3,2.4,1.5,2021-02-26,0502,Terra,MODIS,55,6.03,301.2,16.4,D,0
12.2394,77.1818,331.2,2.7,1.6,2021-02-27,0849,Aqua,MODIS,80,6.03,308.5,74.2,D,0
12.3789,77.3641,341.6,2.8,1.6,2021-02-27,0849,Aqua,MODIS,89,6.03,306.2,145,D,0
12.0261,76.8008,302.9,4.1,1.9,2021-02-27,1635,Terra,MODIS,52,6.03,290.6,38.4,N,0
12.0443,76.8417,301.1,4,1.9,2021-02-27,1635,Terra,MODIS,37,6.03,290.8,28.7,N,0
12.0378,76.8051,304.9,4.1,1.9,2021-02-27,1635,Terra,MODIS,62,6.03,290.6,45.9,N,0
12.0328,76.8374,306.3,4,1.9,2021-02-27,1635,Terra,MODIS,68,6.03,291,52.9,N,0
9.6764,76.4707,318.1,2.7,1.6,2021-02-28,0754,Aqua,MODIS,38,6.03,301,29.7,D,0
11.7947,76.9056,328.1,2.3,1.5,2021-02-28,0754,Aqua,MODIS,76,6.03,311.2,34.1,D,0
11.8111,76.9237,328.9,2.3,1.5,2021-02-28,0754,Aqua,MODIS,77,6.03,312.4,36.9,D,0
12.5774,77.4606,309.1,1.1,1,2021-02-28,1718,Terra,MODIS,76,6.03,294.1,8.9,N,0
12.2278,77.1945,304.5,1,1,2021-02-28,1718,Terra,MODIS,60,6.03,294,4.9,N,0
12.2265,77.1848,310.1,1,1,2021-02-28,1718,Terra,MODIS,79,6.03,295,8.8,N,0
12.2435,77.2411,306.1,1.1,1,2021-02-28,1718,Terra,MODIS,63,6.03,293.6,6.1,N,0
12.2422,77.2312,315.3,1.1,1,2021-02-28,1718,Terra,MODIS,91,6.03,294.3,13.1,N,0
12.2513,77.2301,308.8,1.1,1,2021-02-28,1718,Terra,MODIS,76,6.03,294.7,7.8,N,0
12.5788,77.4704,315.3,1.1,1,2021-02-28,1718,Terra,MODIS,91,6.03,294.1,14.2,N,0
12.7829,77.4195,322.3,1.1,1,2021-03-01,0533,Terra,MODIS,44,6.03,309.9,8.7,D,2
12.7225,77.3346,319.9,1.1,1,2021-03-01,0533,Terra,MODIS,57,6.03,307.4,7,D,0
8.5178,77.325,324.9,1.4,1.2,2021-03-01,0836,Aqua,MODIS,66,6.03,303.2,24.6,D,0
12.6015,77.3129,323.8,1.6,1.3,2021-03-01,0837,Aqua,MODIS,62,6.03,309.9,12.9,D,0
12.5881,76.7625,328.6,1.5,1.2,2021-03-01,0837,Aqua,MODIS,68,6.03,311.7,21.7,D,0
12.5864,76.7491,330.7,1.5,1.2,2021-03-01,0837,Aqua,MODIS,77,6.03,312,25.6,D,0
12.2291,77.3466,309,1.1,1,2021-03-02,1706,Terra,MODIS,76,6.03,294.8,8.1,N,0
12.2214,77.3579,310.3,1.1,1,2021-03-02,1706,Terra,MODIS,77,6.03,293.9,8.8,N,0
12.5992,77.2938,303.5,1.1,1,2021-03-02,1706,Terra,MODIS,56,6.03,293.3,5.2,N,0
10.3334,77.4133,321.3,1,1,2021-03-03,0521,Terra,MODIS,56,6.03,301.7,12.2,D,0
9.0758,77.1185,325.3,1,1,2021-03-03,0824,Aqua,MODIS,65,6.03,307.5,13.1,D,0
9.5295,77.006,324.1,1,1,2021-03-03,0824,Aqua,MODIS,67,6.03,308.1,13.1,D,0
12.293,77.2265,328.1,1.1,1,2021-03-03,0825,Aqua,MODIS,60,6.03,313.1,8.9,D,0
12.2916,77.2168,333.7,1.1,1,2021-03-03,0825,Aqua,MODIS,78,6.03,313,16.9,D,0
12.1397,76.0707,321,1,1,2021-03-03,0825,Aqua,MODIS,40,6.03,307.4,8.8,D,0
12.5882,77.304,326,1.1,1,2021-03-03,0825,Aqua,MODIS,63,6.03,311.4,8.8,D,0
12.4214,75.9762,327.7,1,1,2021-03-03,0825,Aqua,MODIS,66,6.03,313.5,12.1,D,0
12.6974,77.4927,324.2,1.1,1,2021-03-03,0825,Aqua,MODIS,56,6.03,311.1,7.9,D,0
12.742,77.3595,325.3,1.1,1,2021-03-03,0825,Aqua,MODIS,60,6.03,311.4,8.3,D,0
12.5276,75.7595,323.1,1,1,2021-03-03,0825,Aqua,MODIS,57,6.03,307.8,11.8,D,0
12.5263,75.7504,325.2,1,1,2021-03-03,0825,Aqua,MODIS,68,6.03,312.8,13.9,D,0
12.7671,77.1403,331.9,1.1,1,2021-03-03,0825,Aqua,MODIS,72,6.03,313.4,17.1,D,0
12.2731,77.1509,342.6,1.1,1,2021-03-03,0825,Aqua,MODIS,88,6.03,315.2,33.4,D,0
10.8446,76.0259,326.4,1,1,2021-03-03,0825,Aqua,MODIS,61,6.03,313.1,8.8,D,0
11.4386,76.4471,321.4,1,1,2021-03-03,0825,Aqua,MODIS,61,6.03,307,9.8,D,0
11.4373,76.438,328,1,1,2021-03-03,0825,Aqua,MODIS,76,6.03,306.4,17.6,D,0
11.4476,76.4458,317.6,1,1,2021-03-03,0825,Aqua,MODIS,41,6.03,306.3,6.2,D,0
11.4463,76.4367,322,1,1,2021-03-03,0825,Aqua,MODIS,65,6.03,306.5,10.8,D,0
12.0434,76.9545,329.2,1,1,2021-03-03,0825,Aqua,MODIS,71,6.03,317.1,8.5,D,0
12.029,76.8511,336.9,1,1,2021-03-03,0825,Aqua,MODIS,83,6.03,317.3,19.1,D,0
12.0277,76.8417,345.4,1,1,2021-03-03,0825,Aqua,MODIS,90,6.03,317.9,35.1,D,0
12.0367,76.8404,362,1,1,2021-03-03,0825,Aqua,MODIS,100,6.03,318.5,74.7,D,0
12.1556,77.0386,323.2,1,1,2021-03-03,0825,Aqua,MODIS,31,6.03,310.3,5.9,D,0
12.2745,77.1605,326.4,1.1,1,2021-03-03,0825,Aqua,MODIS,46,6.03,311.4,8.2,D,0
8.2143,77.3823,307.3,3.2,1.7,2021-03-03,1748,Terra,MODIS,53,6.03,296.9,32.8,N,0
8.5197,77.2603,314.5,1.2,1.1,2021-03-03,2041,Aqua,MODIS,89,6.03,292.4,16.3,N,0
8.5102,77.2587,306.9,1.2,1.1,2021-03-03,2041,Aqua,MODIS,70,6.03,292.7,8.7,N,0
9.989,76.358,328.3,1.2,1.1,2021-03-05,0812,Aqua,MODIS,78,6.03,306.8,18.2,D,0
10.3121,76.539,325.4,1.2,1.1,2021-03-05,0812,Aqua,MODIS,72,6.03,306.6,16.7,D,0
10.3104,76.5282,319.1,1.2,1.1,2021-03-05,0812,Aqua,MODIS,44,6.03,306.7,8.4,D,0
10.314,76.5325,319.3,1.2,1.1,2021-03-05,0812,Aqua,MODIS,19,6.03,306.2,8.8,D,0
10.7732,77.2275,328.1,1.1,1,2021-03-05,0812,Aqua,MODIS,52,6.03,311.7,12.4,D,0
12.2831,77.2888,331.1,1.1,1,2021-03-05,0813,Aqua,MODIS,70,6.03,315.9,12.7,D,0
12.2817,77.2792,331.1,1.1,1,2021-03-05,0813,Aqua,MODIS,73,6.03,317.1,13.6,D,0
12.3421,77.4954,330.8,1,1,2021-03-05,0813,Aqua,MODIS,69,6.03,318.1,11.2,D,0
12.7976,77.1487,327.1,1.1,1,2021-03-05,0813,Aqua,MODIS,64,6.03,315.7,8.5,D,0
12.7276,76.5736,333.7,1.1,1.1,2021-03-05,0813,Aqua,MODIS,80,6.03,317.5,16.4,D,0
12.1045,77.1139,303.8,1.1,1,2021-03-05,2028,Aqua,MODIS,57,6.03,291.3,7.4,N,0
12.7933,76.6618,324.8,1.8,1.3,2021-03-06,0551,Terra,MODIS,73,6.03,309.8,20.5,D,0
12.7905,76.6784,328.8,1.8,1.3,2021-03-06,0551,Terra,MODIS,79,6.03,310.9,32.8,D,0
9.4418,76.3929,316.5,2,1.4,2021-03-06,0552,Terra,MODIS,0,6.03,299.5,19.1,D,0
10.8844,76.92,328.3,1.8,1.3,2021-03-07,0800,Aqua,MODIS,67,6.03,311.3,27.8,D,0
11.4786,76.6065,321,1.9,1.3,2021-03-07,0800,Aqua,MODIS,52,6.03,298.4,34.4,D,0
11.5652,76.3485,323.6,1.9,1.4,2021-03-07,0800,Aqua,MODIS,68,6.03,303.7,35.5,D,0
11.5607,76.3603,320.6,1.9,1.4,2021-03-07,0800,Aqua,MODIS,57,6.03,303.5,27.7,D,0
11.6888,76.7668,330.3,1.8,1.3,2021-03-07,0800,Aqua,MODIS,78,6.03,316.6,22.4,D,0
11.6862,76.7507,344.5,1.8,1.3,2021-03-07,0800,Aqua,MODIS,91,6.03,317,74.2,D,0
12.6988,76.4583,325.4,1.1,1.1,2021-03-08,0539,Terra,MODIS,72,6.03,313.6,12.1,D,0
12.7761,75.2226,314.7,1,1,2021-03-08,0539,Terra,MODIS,24,6.03,303.6,5.2,D,0
11.7752,76.7511,330.7,1.9,1.3,2021-03-08,0843,Aqua,MODIS,15,6.03,315.4,13.9,D,0
12.2653,77.3453,342.3,2.1,1.4,2021-03-08,0843,Aqua,MODIS,88,6.03,316.1,88.7,D,0
12.2628,77.3255,347.5,2.1,1.4,2021-03-08,0843,Aqua,MODIS,92,6.03,314.4,116.6,D,0
12.2649,77.3396,349.9,2.1,1.4,2021-03-08,0843,Aqua,MODIS,94,6.03,316.3,132.7,D,0
12.2625,77.3199,334.9,2.1,1.4,2021-03-08,0843,Aqua,MODIS,81,6.03,313.8,52.2,D,0
12.7865,77.2395,325.5,2.1,1.4,2021-03-08,0843,Aqua,MODIS,66,6.03,313.9,21.1,D,0
12.6873,76.452,329.2,1.8,1.3,2021-03-08,0843,Aqua,MODIS,64,6.03,316.2,24.2,D,0
11.8221,77.1726,323,2.9,1.6,2021-03-09,0748,Aqua,MODIS,70,6.03,299.1,67.7,D,0
11.8245,77.1643,324.3,2.9,1.6,2021-03-09,0748,Aqua,MODIS,71,6.03,299.2,73.3,D,0
12.5222,76.6148,324.3,1,1,2021-03-10,0527,Terra,MODIS,68,6.03,308.7,7.2,D,0
9.8686,76.995,321.8,1,1,2021-03-10,0528,Terra,MODIS,70,6.03,304.3,11.6,D,0
10.7807,76.7774,333,1.1,1.1,2021-03-10,0831,Aqua,MODIS,75,6.03,311.8,17.8,D,0
12.3833,76.089,330.7,1.1,1,2021-03-10,0831,Aqua,MODIS,75,6.03,314.7,8.1,D,0
12.7081,76.7736,333.8,1.2,1.1,2021-03-10,0831,Aqua,MODIS,78,6.03,318.3,16.5,D,0
12.6862,76.6117,328.9,1.2,1.1,2021-03-10,0831,Aqua,MODIS,71,6.03,314.3,8,D,0
12.6699,76.7068,311.3,1.4,1.2,2021-03-11,1700,Terra,MODIS,82,6.03,293.1,15.1,N,0
10.8961,76.8821,320.1,1.3,1.1,2021-03-12,0515,Terra,MODIS,55,6.03,300.1,11,D,0
11.1041,76.9865,337.4,1,1,2021-03-12,0819,Aqua,MODIS,84,6.03,312.6,19.8,D,0
12.5653,77.3522,327.7,1,1,2021-03-12,0819,Aqua,MODIS,67,6.03,301.2,12.1,D,0
12.5418,77.5,317.4,2.8,1.6,2021-03-13,0557,Terra,MODIS,38,6.03,303.5,23.5,D,0
12.1766,76.7126,320.9,2.5,1.5,2021-03-13,0557,Terra,MODIS,60,6.03,307.7,30.8,D,0
11.2242,76.5277,313.3,2.5,1.5,2021-03-13,0558,Terra,MODIS,33,6.03,293.8,37.1,D,0
11.2143,76.5203,322.3,4.1,1.9,2021-03-13,0901,Aqua,MODIS,71,6.03,293.8,127.6,D,0
11.2203,76.5119,319.3,4.1,1.9,2021-03-13,0901,Aqua,MODIS,58,6.03,294.4,107.6,D,0
10.2156,77.1182,317.8,1.4,1.2,2021-03-14,0806,Aqua,MODIS,58,6.03,299,16.7,D,0
12.4914,77.4747,327.3,1.2,1.1,2021-03-14,0807,Aqua,MODIS,52,6.03,316.1,9.1,D,0
8.358,77.3616,306.9,1.4,1.2,2021-03-14,1729,Terra,MODIS,52,6.03,296.1,6.6,N,0
12.4353,77.4088,320.8,1.6,1.3,2021-03-15,0545,Terra,MODIS,30,6.03,306.8,10.5,D,0
12.436,77.4022,324.1,1.6,1.3,2021-03-15,0545,Terra,MODIS,53,6.03,307.7,17.3,D,0
12.7506,74.9615,316.7,1.1,1.1,2021-03-15,0545,Terra,MODIS,56,6.03,301.8,7.2,D,0
11.6505,76.8475,320.1,1.5,1.2,2021-03-15,0545,Terra,MODIS,57,6.03,298.3,17.1,D,0
12.4943,77.4696,323.2,2.9,1.6,2021-03-15,0849,Aqua,MODIS,41,6.03,301.8,34.9,D,0
12.5,77.4875,320.3,2.9,1.6,2021-03-15,0849,Aqua,MODIS,40,6.03,301.6,21.7,D,0
12.4972,77.4622,323.2,2.9,1.6,2021-03-15,0849,Aqua,MODIS,65,6.03,302.8,33.6,D,0
8.3714,77.4787,305.8,3.4,1.7,2021-03-15,2105,Aqua,MODIS,37,6.03,290.9,36.9,N,0
10.0821,77.4449,320.5,3.3,1.7,2021-03-16,0451,Terra,MODIS,68,6.03,299,64.5,D,0
11.9049,77.3755,324.4,2.1,1.4,2021-03-16,0754,Aqua,MODIS,57,6.03,309.8,24.5,D,0
10.079,77.4528,317.1,2.2,1.4,2021-03-16,0754,Aqua,MODIS,25,6.03,300.7,26.9,D,0
11.8925,77.378,323.6,2.1,1.4,2021-03-16,0754,Aqua,MODIS,57,6.03,309.3,23.8,D,0
11.894,77.3707,325.3,2.1,1.4,2021-03-16,0754,Aqua,MODIS,58,6.03,309.7,27.5,D,0
12.7379,76.8502,324.3,2.2,1.4,2021-03-16,0754,Aqua,MODIS,62,6.03,309.8,21.1,D,0
12.7882,76.8341,326.9,2.2,1.4,2021-03-16,0754,Aqua,MODIS,67,6.03,310.4,28.9,D,0
12.7848,76.8144,326.2,2.2,1.4,2021-03-16,0754,Aqua,MODIS,64,6.03,309.4,28.1,D,0
10.0667,77.4322,303.1,1,1,2021-03-16,1718,Terra,MODIS,18,6.03,291.1,4.7,N,0
10.3281,77.394,301,1,1,2021-03-16,1718,Terra,MODIS,22,6.03,286.2,5.3,N,0
10.5038,76.5472,310.4,1,1,2021-03-16,1718,Terra,MODIS,79,6.03,293.9,7.8,N,0
12.5484,77.4945,304.6,1.1,1,2021-03-16,1718,Terra,MODIS,58,6.03,289.3,5.9,N,0
10.0681,77.4418,312.3,1,1,2021-03-16,1718,Terra,MODIS,84,6.03,293.3,10.8,N,0
12.5577,77.4932,305,1.1,1,2021-03-16,1718,Terra,MODIS,60,6.03,291,6,N,0
10.3396,77.3947,304.4,1.9,1.3,2021-03-16,2010,Aqua,MODIS,60,6.03,289,17.4,N,0
8.3301,77.4227,338,1.2,1.1,2021-03-17,0534,Terra,MODIS,89,6.03,302.8,39.8,D,0
8.3285,77.4332,335.1,1.2,1.1,2021-03-17,0534,Terra,MODIS,87,6.03,303.3,34.3,D,0
8.3204,77.4214,327.1,1.2,1.1,2021-03-17,0534,Terra,MODIS,80,6.03,302,20.1,D,0
8.3188,77.4321,332.7,1.2,1.1,2021-03-17,0534,Terra,MODIS,85,6.03,302.8,29.2,D,0
8.3425,77.4304,323.2,1.4,1.2,2021-03-17,0836,Aqua,MODIS,52,6.03,306.9,13.2,D,0
9.4257,76.3861,320.4,1.3,1.1,2021-03-17,0836,Aqua,MODIS,39,6.03,297.6,12.1,D,0
10.6021,76.3446,324.6,1.3,1.1,2021-03-17,0837,Aqua,MODIS,52,6.03,306.5,15.6,D,0
11.5552,76.4562,323.1,1.4,1.2,2021-03-17,0837,Aqua,MODIS,65,6.03,304.5,14.9,D,0
11.5519,76.4498,322.1,1.4,1.2,2021-03-17,0837,Aqua,MODIS,60,6.03,304.7,13.8,D,0
10.3274,77.3845,307.5,1.1,1,2021-03-18,1705,Terra,MODIS,72,6.03,270.6,12.3,N,0
10.3258,77.3738,305.9,1.1,1,2021-03-18,1705,Terra,MODIS,66,6.03,274.1,11,N,0
9.8013,77.3137,342.7,1,1,2021-03-19,0824,Aqua,MODIS,89,6.03,308.8,34.4,D,0
10.0315,77.1819,325.3,1,1,2021-03-19,0824,Aqua,MODIS,61,6.03,298.9,17.1,D,0
11.1334,76.5101,334.2,1,1,2021-03-19,0825,Aqua,MODIS,80,6.03,302,28.2,D,0
12.5875,77.1108,333.3,1.1,1,2021-03-19,0825,Aqua,MODIS,76,6.03,315.5,14.2,D,0
12.5862,77.1013,333.3,1.1,1,2021-03-19,0825,Aqua,MODIS,76,6.03,315.6,15.1,D,0
12.5386,76.7594,340.9,1,1,2021-03-19,0825,Aqua,MODIS,86,6.03,310.3,28.8,D,0
12.1595,77.0805,326.9,1,1,2021-03-19,0825,Aqua,MODIS,43,6.03,312.1,9.2,D,0
10.0237,77.4093,332.7,1.1,1,2021-03-21,0812,Aqua,MODIS,67,6.03,305.3,19.5,D,0
11.0383,77.2853,333.4,1.1,1,2021-03-21,0812,Aqua,MODIS,78,6.03,309.2,14.2,D,0
11.6593,77.4926,320.4,1.1,1,2021-03-21,0813,Aqua,MODIS,44,6.03,302,11.7,D,0
12.7298,77.3195,337.9,1.1,1,2021-03-21,0813,Aqua,MODIS,82,6.03,313.5,23.6,D,0
12.6658,76.6145,340.6,1.2,1.1,2021-03-24,0539,Terra,MODIS,88,6.03,308.2,35,D,0
12.6641,76.6248,369.1,1.2,1.1,2021-03-24,0539,Terra,MODIS,100,6.03,312.8,120.7,D,0
12.6546,76.6234,337.3,1.2,1.1,2021-03-24,0539,Terra,MODIS,86,6.03,308.7,29.8,D,0
12.6529,76.634,326.2,1.2,1.1,2021-03-24,0539,Terra,MODIS,68,6.03,308.9,10.6,D,0
11.3896,76.7701,327.9,1.2,1.1,2021-03-24,0539,Terra,MODIS,76,6.03,298.9,29.8,D,0
12.3941,77.2347,336.7,2.1,1.4,2021-03-24,0843,Aqua,MODIS,82,6.03,304.6,67.8,D,0
12.3963,77.2472,329.8,2.1,1.4,2021-03-24,0843,Aqua,MODIS,55,6.03,305.9,35.7,D,0
10.5545,76.4252,317.6,1,1,2021-03-26,0527,Terra,MODIS,44,6.03,303.6,5.1,D,0
10.5531,76.4343,321.2,1,1,2021-03-26,0527,Terra,MODIS,66,6.03,304.3,8.3,D,0
9.4033,76.4414,319.5,1.1,1,2021-03-26,0830,Aqua,MODIS,55,6.03,297.8,6.6,D,0
12.2249,77.2262,343.9,1.3,1.1,2021-03-26,0831,Aqua,MODIS,88,6.03,311.1,38.8,D,0
10.548,76.428,332.4,1.1,1,2021-03-26,0831,Aqua,MODIS,74,6.03,309.5,20.2,D,0
12.2166,77.24,352.2,1.3,1.1,2021-03-26,0831,Aqua,MODIS,95,6.03,315.1,61.9,D,0
12.2151,77.2283,350.6,1.3,1.1,2021-03-26,0831,Aqua,MODIS,94,6.03,315.2,57.6,D,0
12.2265,77.2383,336.3,1.3,1.1,2021-03-26,0831,Aqua,MODIS,80,6.03,313.3,20.5,D,0
12.2335,77.214,337.4,1.2,1.1,2021-03-26,0831,Aqua,MODIS,81,6.03,312.1,23,D,0
12.5157,75.7578,333,1.1,1,2021-03-26,0831,Aqua,MODIS,77,6.03,311.6,22.5,D,0
12.7705,77.1142,337,1.3,1.1,2021-03-26,0831,Aqua,MODIS,80,6.03,313.8,23.1,D,0
12.769,77.1026,351.4,1.2,1.1,2021-03-26,0831,Aqua,MODIS,89,6.03,314.9,60.3,D,0
12.7175,76.0295,333.8,1.1,1,2021-03-26,0831,Aqua,MODIS,77,6.03,316.6,14.3,D,0
10.039,77.4401,322.9,1,1,2021-03-28,0818,Aqua,MODIS,43,6.03,298.5,9.1,D,0
10.048,77.4388,342.2,1,1,2021-03-28,0818,Aqua,MODIS,89,6.03,296.5,36.6,D,0
10.0467,77.4299,331.2,1,1,2021-03-28,0818,Aqua,MODIS,77,6.03,296,20.3,D,0
10.3052,77.3958,315,1.3,1.1,2021-03-30,0806,Aqua,MODIS,22,6.03,299.4,7.9,D,0
11.3662,76.3869,317.7,1.5,1.2,2021-03-30,0806,Aqua,MODIS,47,6.03,296.7,14.1,D,0
11.7917,77.0841,320.8,1.3,1.1,2021-03-30,0806,Aqua,MODIS,15,6.03,295,11.9,D,0
11.7898,77.0721,327.7,1.3,1.1,2021-03-30,0806,Aqua,MODIS,54,6.03,299.5,21.4,D,0
12.2303,77.3327,324.7,1.3,1.1,2021-03-30,0807,Aqua,MODIS,25,6.03,301.2,11.1,D,0
10.4937,76.5435,304.6,1.3,1.1,2021-03-30,2022,Aqua,MODIS,38,6.03,291.8,5.2,N,0
10.4948,76.5488,307.4,1.3,1.1,2021-03-30,2022,Aqua,MODIS,30,6.03,292.1,7.4,N,0
11.5768,77.2426,329.1,2.2,1.4,2021-04-01,0754,Aqua,MODIS,62,6.03,302.5,50.1,D,0
12.0579,77.123,330,1.5,1.2,2021-04-02,0837,Aqua,MODIS,51,6.03,313.8,17,D,0
12.6497,76.7479,333.4,1.5,1.2,2021-04-02,0837,Aqua,MODIS,76,6.03,316.2,20.6,D,0
11.0628,77.1243,327.7,1.1,1,2021-04-04,0521,Terra,MODIS,36,6.03,308,9.3,D,0
8.4135,77.3616,323.2,1,1,2021-04-04,0824,Aqua,MODIS,53,6.03,304.8,9.7,D,0
8.4122,77.3528,322.8,1,1,2021-04-04,0824,Aqua,MODIS,50,6.03,305.2,9.2,D,0
12.259,77.3047,334,1.1,1,2021-04-04,0825,Aqua,MODIS,71,6.03,309.9,14.5,D,0
12.2682,77.3035,361.6,1.1,1,2021-04-04,0825,Aqua,MODIS,100,6.03,312.6,76.3,D,0
12.2669,77.2938,330.5,1.1,1,2021-04-04,0825,Aqua,MODIS,53,6.03,311.4,8.7,D,0
12.1724,77.2507,335.3,1.1,1,2021-04-06,0813,Aqua,MODIS,81,6.03,313.2,17.4,D,0
12.1709,77.2409,348.5,1.1,1,2021-04-06,0813,Aqua,MODIS,93,6.03,316.4,41.8,D,0
8.4536,77.3636,301.6,1,1,2021-04-06,2028,Aqua,MODIS,42,6.03,290.9,3.6,N,0
12.3752,76.0857,328.2,3,1.6,2021-04-07,0856,Aqua,MODIS,74,6.03,310.2,43.3,D,0
11.1532,76.519,326.4,1.9,1.3,2021-04-08,0800,Aqua,MODIS,78,6.03,296,53.8,D,0
9.4152,76.4464,317.7,1.6,1.3,2021-04-09,0843,Aqua,MODIS,22,6.03,299.4,14.5,D,0
12.7075,76.6243,339.1,1.9,1.3,2021-04-09,0843,Aqua,MODIS,86,6.03,313.2,54.5,D,0
12.7054,76.6077,335.6,1.9,1.3,2021-04-09,0843,Aqua,MODIS,83,6.03,312.6,40.4,D,0
12.7196,76.6229,331,1.9,1.3,2021-04-09,0843,Aqua,MODIS,78,6.03,311.8,25.9,D,0
12.7133,76.6167,343.5,1.9,1.3,2021-04-09,0843,Aqua,MODIS,90,6.03,312.7,73.1,D,0
9.6396,76.463,320.3,1,1,2021-05-06,0824,Aqua,MODIS,53,6.03,302.3,8.5,D,0
9.8431,77.4626,314.3,2.4,1.5,2021-05-09,0551,Terra,MODIS,37,6.03,292.7,24.4,D,0
12.6723,77.4399,325.3,1.2,1.1,2021-05-17,0807,Aqua,MODIS,67,6.03,303.5,12.2,D,0
12.3858,76.18,359,1.2,1.1,2021-05-24,0813,Aqua,MODIS,99,6.03,304.5,88.1,D,0
12.3841,76.1693,330,1.2,1.1,2021-05-24,0813,Aqua,MODIS,82,6.03,304.4,17.5,D,0
12.6909,77.0991,313.4,1.1,1,2021-05-24,0813,Aqua,MODIS,52,6.03,290.4,5.3,D,0
12.7953,76.5718,327.1,1.1,1.1,2021-05-24,0813,Aqua,MODIS,79,6.03,298.6,17.1,D,0
12.7811,77.4198,321.6,1,1,2021-05-29,0526,Terra,MODIS,38,6.03,303.8,8.2,D,2
12.5352,76.8884,321.4,1.3,1.1,2021-06-02,0807,Aqua,MODIS,53,6.03,298.7,12,D,2
12.3883,76.1761,330.3,1.2,1.1,2021-06-09,0813,Aqua,MODIS,83,6.03,304.1,19.8,D,0
11.5623,77.1067,301.9,1.2,1.1,2021-06-11,1723,Terra,MODIS,45,6.03,280.2,7.2,N,0
9.3255,77.4025,314.6,1.8,1.3,2021-06-19,0545,Terra,MODIS,59,6.03,282.7,18.4,D,0
9.3931,77.3801,323.3,1,1,2021-06-30,0526,Terra,MODIS,60,6.03,294.3,13.2,D,0
9.3917,77.3892,320.1,1,1,2021-06-30,0526,Terra,MODIS,25,6.03,295.6,8.7,D,0
10.7953,76.9609,322.4,1.2,1.1,2021-06-30,0830,Aqua,MODIS,65,6.03,299.6,9.8,D,0
10.7939,76.9504,329.1,1.2,1.1,2021-06-30,0830,Aqua,MODIS,77,6.03,300,19.3,D,0
9.4232,77.4965,324.5,1,1,2021-07-25,0519,Terra,MODIS,34,6.03,299,10.7,D,2
11.4348,77.4911,312.9,1,1,2021-07-31,1710,Terra,MODIS,86,6.03,293.3,9.4,N,0
11.4244,77.3537,320,1,1,2021-07-31,1710,Terra,MODIS,100,6.03,293.2,15.1,N,0
11.4231,77.3447,333.5,1,1,2021-07-31,1710,Terra,MODIS,100,6.03,292.7,31,N,0
11.4332,77.3465,309.4,1,1,2021-07-31,1710,Terra,MODIS,77,6.03,293,6.7,N,0
9.9652,76.395,300.5,1,1,2021-08-10,2040,Aqua,MODIS,28,6.03,279.7,4.7,N,2
12.4385,77.0219,315.3,1.1,1,2021-08-26,0518,Terra,MODIS,53,6.03,296.2,5.7,D,0
12.6131,76.4083,310.7,1,1,2021-08-26,0825,Aqua,MODIS,37,6.03,285,6.8,D,0
12.4137,77.0906,311.4,1.1,1,2021-10-15,0813,Aqua,MODIS,37,6.03,291.1,5.7,D,0
10.1503,76.3887,319.9,1.1,1,2021-10-22,0818,Aqua,MODIS,74,6.03,301.2,9.6,D,2
12.335,75.1418,320.6,1.1,1.1,2021-10-22,0819,Aqua,MODIS,76,6.03,296.7,14.1,D,0
10.1498,76.3889,314.9,1.6,1.2,2021-10-24,0806,Aqua,MODIS,68,6.03,297.4,12.1,D,2
12.7154,74.9855,313.4,1.1,1.1,2021-10-25,0541,Terra,MODIS,65,6.03,296,7.1,D,0
12.7115,74.9789,312.3,1.1,1.1,2021-10-25,0541,Terra,MODIS,63,6.03,295.3,6.2,D,0
11.0509,77.282,314.9,1.1,1,2021-10-27,0529,Terra,MODIS,63,6.03,295,7.5,D,0
10.1534,76.3925,316.9,1,1,2021-10-27,0530,Terra,MODIS,68,6.03,297.5,8.1,D,2
11.9665,77.0549,300.4,1.1,1,2021-12-15,1701,Terra,MODIS,28,6.03,290,4.5,N,0
10.5638,77.3832,316.2,1,1,2021-12-16,0516,Terra,MODIS,68,6.03,296.5,8.6,D,0
12.3368,77.0269,313.9,1,1,2021-12-16,0826,Aqua,MODIS,55,6.03,296.1,7.7,D,0
12.54,76.6473,311.6,1.2,1.1,2021-12-21,0534,Terra,MODIS,61,6.03,298.4,6.6,D,0
12.5371,76.6403,312.8,1.2,1.1,2021-12-21,0534,Terra,MODIS,65,6.03,298.6,8.2,D,0
12.3726,77.0013,313.5,1,1,2021-12-23,0522,Terra,MODIS,66,6.03,297.6,7.8,D,0
11.4195,77.2768,321.3,1.3,1.1,2021-12-27,0807,Aqua,MODIS,74,6.03,302.6,17.3,D,0
11.4177,77.2652,314.3,1.3,1.1,2021-12-27,0807,Aqua,MODIS,60,6.03,301.7,8.3,D,0
12.0887,76.7668,339.4,1.4,1.2,2021-12-27,0807,Aqua,MODIS,89,6.03,304.9,52.8,D,0
12.0868,76.774,325.6,1.4,1.2,2021-12-27,0807,Aqua,MODIS,79,6.03,304.5,23.8,D,0
12.0849,76.7618,326.3,1.4,1.2,2021-12-27,0807,Aqua,MODIS,80,6.03,304.5,25.1,D,0
12.5488,76.6683,315.4,1.4,1.2,2021-12-28,0540,Terra,MODIS,69,6.03,299.5,14.4,D,0
10.8313,76.3572,305.1,1,1,2021-12-29,1713,Terra,MODIS,63,6.03,294.1,5.4,N,0
10.6201,77.3368,317.4,1.1,1.1,2021-12-30,0528,Terra,MODIS,62,6.03,299,8.7,D,0
11.9949,76.4252,312.8,1,1,2021-12-30,0528,Terra,MODIS,60,6.03,300.6,5.5,D,0
10.6216,77.3268,315.7,1.1,1.1,2021-12-30,0528,Terra,MODIS,56,6.03,300.5,6.4,D,0
9.8,76.9661,319,1.2,1.1,2022-01-03,0813,Aqua,MODIS,62,6.03,297.3,15,D,0
9.8111,76.9749,319.7,1.2,1.1,2022-01-03,0813,Aqua,MODIS,54,6.03,296.1,15.3,D,0
9.8095,76.9646,329.8,1.2,1.1,2022-01-03,0813,Aqua,MODIS,63,6.03,297.1,29.1,D,0
9.5093,77.1062,307.1,1.1,1.1,2022-01-05,1718,Terra,MODIS,70,6.03,289.6,10.1,N,0
10.5088,76.2056,321,1.2,1.1,2022-01-06,0534,Terra,MODIS,77,6.03,299.9,13.8,D,2
9.7433,76.9112,313.3,1.3,1.1,2022-01-06,0534,Terra,MODIS,63,6.03,296.3,12,D,0
9.7414,76.9229,325.5,1.3,1.1,2022-01-06,0534,Terra,MODIS,80,6.03,296.8,29.3,D,0
9.7142,77.0298,317.4,1,1,2022-01-10,0819,Aqua,MODIS,64,6.03,297.7,10,D,0
9.7232,77.0285,316.4,1,1,2022-01-10,0819,Aqua,MODIS,55,6.03,298.5,9.1,D,0
9.7392,76.8893,311.8,1,1,2022-01-10,0819,Aqua,MODIS,21,6.03,292.1,7.1,D,0
9.5044,77.1428,312.2,1.4,1.2,2022-01-12,0807,Aqua,MODIS,41,6.03,294.7,12.3,D,0
9.5024,77.1302,321.4,1.4,1.2,2022-01-12,0807,Aqua,MODIS,70,6.03,299.5,25.3,D,0
9.7319,76.972,324.8,1.4,1.2,2022-01-12,0807,Aqua,MODIS,78,6.03,294.4,32.8,D,0
10.6654,76.5323,315.8,1.5,1.2,2022-01-12,0807,Aqua,MODIS,57,6.03,298.8,12,D,0
12.1971,76.7806,323.7,1.5,1.2,2022-01-13,0540,Terra,MODIS,79,6.03,301.1,25.7,D,0
12.1669,76.8223,301.9,1,1,2022-01-14,1712,Terra,MODIS,45,6.03,289.3,5.4,N,0
12.6424,76.4042,300.8,1,1,2022-01-14,1713,Terra,MODIS,34,6.03,288.1,5.2,N,0
12.4461,77.1761,312.8,1.1,1,2022-01-15,0527,Terra,MODIS,60,6.03,297.8,6,D,0
12.4168,76.9381,311.2,1,1,2022-01-15,0527,Terra,MODIS,55,6.03,297.7,4.6,D,0
9.5567,77.0083,317.3,1.1,1,2022-01-15,0528,Terra,MODIS,70,6.03,291.8,12.7,D,0
12.283,77.3456,319.7,1.6,1.3,2022-01-15,0838,Aqua,MODIS,70,6.03,298.5,20.9,D,0
10.8107,76.7219,306.2,1.2,1.1,2022-01-16,1700,Terra,MODIS,67,6.03,295.6,5.5,N,0
10.8148,76.7264,310.1,1.2,1.1,2022-01-16,1700,Terra,MODIS,79,6.03,295.7,9.6,N,0
10.7908,77.0011,313.1,1.1,1,2022-01-17,0515,Terra,MODIS,61,6.03,292.9,6.1,D,0
10.2983,77.1622,306.6,1,1,2022-01-17,0516,Terra,MODIS,29,6.03,283.9,5,D,0
10.2227,77.0943,318.5,1,1,2022-01-17,0825,Aqua,MODIS,58,6.03,292.5,14.1,D,0
10.8194,76.3612,315.9,1.2,1.1,2022-01-19,0813,Aqua,MODIS,54,6.03,303.5,7.3,D,0
12.6367,76.9492,310.3,2,1.4,2022-01-20,0545,Terra,MODIS,52,6.03,298.2,11.4,D,0
12.5318,77.3943,322.3,1.6,1.2,2022-01-21,0801,Aqua,MODIS,72,6.03,304.4,19.8,D,0
12.5295,77.3803,320.4,1.6,1.2,2022-01-21,0801,Aqua,MODIS,69,6.03,303.8,16.1,D,0
11.644,77.0136,311,1.2,1.1,2022-01-22,0533,Terra,MODIS,37,6.03,299.3,7.4,D,0
11.6422,77.0245,312.8,1.3,1.1,2022-01-22,0533,Terra,MODIS,58,6.03,297.9,10.1,D,0
9.4131,77.1386,316.5,1.8,1.3,2022-01-22,0843,Aqua,MODIS,60,6.03,292.4,25.9,D,0
11.9093,76.9785,311.3,1,1,2022-01-23,1706,Terra,MODIS,82,6.03,290.4,11.1,N,0
11.8972,77.016,313.9,1,1,2022-01-24,0521,Terra,MODIS,59,6.03,302.6,4.9,D,0
10.3706,77.4314,323,1,1,2022-01-24,0521,Terra,MODIS,79,6.03,293.2,17.5,D,0
12.1279,77.2129,319.3,1.2,1.1,2022-01-24,0832,Aqua,MODIS,46,6.03,305.8,6.6,D,0
12.7219,75.2596,313.2,1.1,1,2022-01-26,0820,Aqua,MODIS,52,6.03,300.6,5.9,D,0
10.0655,76.7714,319.7,1.5,1.2,2022-01-28,0807,Aqua,MODIS,72,6.03,302.7,17.6,D,0
12.7185,74.9746,314.3,1.1,1.1,2022-01-29,0539,Terra,MODIS,48,6.03,302.4,6.8,D,0
12.7169,74.9849,316.5,1.1,1.1,2022-01-29,0539,Terra,MODIS,68,6.03,303.2,9.5,D,0
12.7074,74.9835,314.1,1.1,1.1,2022-01-29,0539,Terra,MODIS,42,6.03,301.7,6.4,D,0
10.8132,76.0997,319,2.8,1.6,2022-01-30,0755,Aqua,MODIS,69,6.03,299.5,39.9,D,0
12.5936,77.1379,316.3,1.1,1,2022-01-31,0527,Terra,MODIS,64,6.03,299.3,7.8,D,0
10.6887,76.0081,312.4,1,1,2022-01-31,0527,Terra,MODIS,47,6.03,298.8,4.8,D,0
9.5495,77.24,317.5,1.4,1.2,2022-01-31,0837,Aqua,MODIS,46,6.03,300.6,17.6,D,0
9.817,77.0159,314.1,1.4,1.2,2022-01-31,0837,Aqua,MODIS,0,6.03,297.7,9.1,D,0
12.4583,76.7185,312.7,1.1,1.1,2022-02-02,0515,Terra,MODIS,55,6.03,298.2,6,D,0
9.8399,76.9202,318.5,1,1,2022-02-02,0825,Aqua,MODIS,47,6.03,306.8,9.2,D,0
9.9106,77.096,318.2,1,1,2022-02-02,0825,Aqua,MODIS,55,6.03,305.5,8.9,D,0
9.9774,77.1075,321.6,1,1,2022-02-02,0825,Aqua,MODIS,68,6.03,300.9,13.6,D,0
10.0827,77.2066,316.4,1,1,2022-02-02,0825,Aqua,MODIS,46,6.03,295.3,9.6,D,0
11.9512,76.2288,318.4,1,1,2022-02-02,0826,Aqua,MODIS,48,6.03,302.9,8.3,D,0
12.6163,77.3596,322.8,1.1,1,2022-02-02,0826,Aqua,MODIS,66,6.03,308.3,9,D,0
11.2757,77.2401,331.9,1.1,1,2022-02-04,0813,Aqua,MODIS,79,6.03,315.5,14.3,D,0
11.5092,76.4094,318.8,1.2,1.1,2022-02-04,0813,Aqua,MODIS,66,6.03,301.2,14.5,D,0
11.5076,76.3985,330.5,1.2,1.1,2022-02-04,0813,Aqua,MODIS,82,6.03,302.6,31.4,D,0
12.3458,77.1904,335.5,1.1,1,2022-02-04,0813,Aqua,MODIS,84,6.03,307.6,27.4,D,0
12.3443,77.1808,327.7,1.1,1,2022-02-04,0813,Aqua,MODIS,75,6.03,307.1,16.2,D,0
12.7557,77.1062,320.4,1.1,1,2022-02-04,0813,Aqua,MODIS,51,6.03,307.9,7.8,D,0
10.6101,76.1714,322.2,2.8,1.6,2022-02-05,0856,Aqua,MODIS,71,6.03,302,48.3,D,0
10.6172,76.1882,317.5,2.8,1.6,2022-02-05,0856,Aqua,MODIS,60,6.03,302.3,31,D,0
10.6142,76.163,317.1,2.8,1.6,2022-02-05,0856,Aqua,MODIS,59,6.03,302,29.9,D,0
9.6316,76.9294,311.8,1.8,1.3,2022-02-07,0843,Aqua,MODIS,27,6.03,293.3,11.5,D,0
10.7517,76.925,331.9,1,1,2022-02-09,0521,Terra,MODIS,83,6.03,302.8,22.6,D,0
10.7504,76.934,323.9,1,1,2022-02-09,0521,Terra,MODIS,74,6.03,302.4,12.8,D,0
12.3457,76.9673,322.2,1.2,1.1,2022-02-09,0832,Aqua,MODIS,69,6.03,307.9,9.9,D,0
12.4909,77.3721,323.2,1.3,1.1,2022-02-09,0832,Aqua,MODIS,70,6.03,308.3,9.7,D,0
10.2088,77.245,302.7,1.4,1.2,2022-02-10,1653,Terra,MODIS,51,6.03,270.3,14.2,N,0
12.1167,75.3551,325.1,1.1,1.1,2022-02-11,0819,Aqua,MODIS,76,6.03,306.8,15,D,0
12.1152,75.3449,325.1,1.1,1.1,2022-02-11,0819,Aqua,MODIS,76,6.03,304.9,14.6,D,0
12.4221,77.0517,321.2,1,1,2022-02-11,0819,Aqua,MODIS,67,6.03,295.7,9.6,D,0
12.2974,75.5841,319.3,1.1,1,2022-02-11,0819,Aqua,MODIS,66,6.03,299.3,14.1,D,0
12.7906,76.7373,326.8,1,1,2022-02-11,0819,Aqua,MODIS,76,6.03,302.6,16.1,D,0
12.7041,74.9761,318.5,1.1,1.1,2022-02-11,0819,Aqua,MODIS,43,6.03,301.8,8.2,D,0
12.7152,74.9852,318.2,1.1,1.1,2022-02-11,0819,Aqua,MODIS,42,6.03,302.7,8.2,D,0
12.7136,74.9747,320.4,1.1,1.1,2022-02-11,0819,Aqua,MODIS,48,6.03,303.6,10.8,D,0
10.1512,76.3877,322.8,1.6,1.2,2022-02-13,0806,Aqua,MODIS,77,6.03,304.3,19.8,D,2
12.2996,75.5667,316,1.7,1.3,2022-02-13,0807,Aqua,MODIS,57,6.03,294.8,24.2,D,0
12.7151,75.7121,321.3,1.6,1.3,2022-02-13,0807,Aqua,MODIS,69,6.03,299.1,27.8,D,0
12.7166,74.9812,321.9,1.1,1.1,2022-02-14,0539,Terra,MODIS,75,6.03,303.3,15,D,0
12.7071,74.9798,318.7,1.1,1.1,2022-02-14,0539,Terra,MODIS,58,6.03,301.6,10.4,D,0
12.3447,75.1512,321.7,1.2,1.1,2022-02-14,0539,Terra,MODIS,73,6.03,299.8,14,D,0
12.3422,75.1448,322.2,1.2,1.1,2022-02-14,0539,Terra,MODIS,75,6.03,300.9,15.5,D,0
10.0015,77.1779,302.6,1,1,2022-02-15,1711,Terra,MODIS,50,6.03,283.6,6.7,N,0
11.445,77.2403,300.9,1,1,2022-02-15,1711,Terra,MODIS,34,6.03,287.1,3.9,N,0
12.4036,77.3803,312.4,1.1,1,2022-02-16,0526,Terra,MODIS,58,6.03,290.2,6.4,D,0
12.2861,76.7207,319.3,1.1,1.1,2022-02-18,0514,Terra,MODIS,67,6.03,304.4,7.2,D,0
8.6077,76.8472,315.5,1,1,2022-02-18,0515,Terra,MODIS,53,6.03,301.6,5.4,D,0
8.6064,76.8565,319,1,1,2022-02-18,0515,Terra,MODIS,69,6.03,302.4,8.6,D,0
12.4993,77.361,325.3,1.1,1,2022-02-18,0825,Aqua,MODIS,71,6.03,308.1,9.3,D,0
12.2778,75.6046,357.1,1,1,2022-02-18,0825,Aqua,MODIS,98,6.03,307.2,73.4,D,0
12.2765,75.5955,321.5,1,1,2022-02-18,0825,Aqua,MODIS,59,6.03,300.6,13.1,D,0
12.7116,76.5763,321.8,1,1,2022-02-18,0825,Aqua,MODIS,59,6.03,308.4,5.2,D,0
12.7127,74.9838,318.7,1,1,2022-02-18,0825,Aqua,MODIS,65,6.03,305.2,7.8,D,0
12.2817,76.749,322.7,1.7,1.3,2022-02-20,0502,Terra,MODIS,72,6.03,304,21.5,D,0
10.7733,77.2435,323.1,1.1,1.1,2022-02-20,0812,Aqua,MODIS,28,6.03,305.8,6.6,D,0
10.7717,77.2334,329.9,1.1,1.1,2022-02-20,0812,Aqua,MODIS,73,6.03,306.2,17.7,D,0
10.7702,77.2232,324.6,1.1,1.1,2022-02-20,0812,Aqua,MODIS,48,6.03,306,10.9,D,0
12.1422,77.322,353.8,1.1,1,2022-02-20,0813,Aqua,MODIS,96,6.03,314.9,57.8,D,0
12.1408,77.3121,343.5,1.1,1,2022-02-20,0813,Aqua,MODIS,90,6.03,313.1,34.1,D,0
12.149,77.3254,331.7,1.1,1,2022-02-20,0813,Aqua,MODIS,57,6.03,313.9,16,D,0
12.146,77.3058,328.6,1.1,1,2022-02-20,0813,Aqua,MODIS,24,6.03,314.7,12.5,D,0
12.3955,77.2338,337.4,1.1,1,2022-02-20,0813,Aqua,MODIS,85,6.03,313,27.7,D,0
12.6503,77.0218,324.2,1.1,1,2022-02-20,0813,Aqua,MODIS,66,6.03,309.1,10,D,0
12.6549,77.0155,321.4,1.1,1,2022-02-20,0813,Aqua,MODIS,57,6.03,308.7,7,D,0
12.7256,77.1674,325.3,1.1,1,2022-02-20,0813,Aqua,MODIS,66,6.03,308.4,10.8,D,0
12.7242,77.1575,335.6,1.1,1,2022-02-20,0813,Aqua,MODIS,83,6.03,311.9,25.8,D,0
12.2822,75.5929,310.3,1,1,2022-02-22,1718,Terra,MODIS,80,6.03,289.3,11.2,N,0
12.0551,76.8925,319.5,1.2,1.1,2022-02-23,0532,Terra,MODIS,65,6.03,305.6,5.7,D,0
11.8875,76.7195,339.8,1.2,1.1,2022-02-23,0532,Terra,MODIS,89,6.03,309.6,38.3,D,0
11.8858,76.7303,338.4,1.2,1.1,2022-02-23,0532,Terra,MODIS,88,6.03,309.5,35.7,D,0
10.8589,76.0258,318.5,1.1,1.1,2022-02-23,0533,Terra,MODIS,60,6.03,305,8.5,D,0
12.5292,77.3824,322.7,2.8,1.6,2022-02-24,0748,Aqua,MODIS,67,6.03,307.6,38.8,D,0
12.5325,77.375,321.5,2.8,1.6,2022-02-24,0748,Aqua,MODIS,69,6.03,307.8,36.3,D,0
11.7416,76.374,316.8,1,1,2022-02-25,0520,Terra,MODIS,61,6.03,300.6,8.3,D,0
10.0343,76.8373,316.7,1,1,2022-02-25,0521,Terra,MODIS,56,6.03,301.6,8.1,D,0
10.0329,76.8463,320.1,1,1,2022-02-25,0521,Terra,MODIS,66,6.03,302,10.9,D,0
9.7233,76.4449,320.1,1,1,2022-02-25,0521,Terra,MODIS,66,6.03,302.4,8.1,D,0
9.644,76.469,331.5,1.1,1,2022-02-25,0830,Aqua,MODIS,75,6.03,301,21.4,D,0
9.6427,76.4595,322.9,1.1,1,2022-02-25,0830,Aqua,MODIS,29,6.03,302.6,10.1,D,0
11.5686,76.1582,317.5,1.1,1,2022-02-25,0831,Aqua,MODIS,44,6.03,303.5,6.7,D,0
12.3466,77.1338,327.5,1.2,1.1,2022-02-25,0831,Aqua,MODIS,70,6.03,314.3,10.2,D,0
12.6159,77.2549,312.4,1.3,1.1,2022-02-26,1653,Terra,MODIS,85,6.03,293.5,15.2,N,0
12.653,76.7741,307.1,1.4,1.2,2022-02-26,1653,Terra,MODIS,70,6.03,292.5,11.8,N,0
12.3213,75.5633,321.6,1.6,1.3,2022-02-27,0508,Terra,MODIS,68,6.03,301.1,29.6,D,0
8.4962,77.264,335.1,1.1,1.1,2022-02-27,0509,Terra,MODIS,86,6.03,300,34.4,D,0
8.4947,77.2743,319.6,1.1,1.1,2022-02-27,0509,Terra,MODIS,68,6.03,299.6,11.7,D,0
9.3675,76.7103,317.3,1.1,1,2022-02-27,0818,Aqua,MODIS,51,6.03,301.5,5.4,D,0
10.5308,76.2835,321,1.1,1,2022-02-27,0818,Aqua,MODIS,43,6.03,307.9,6.7,D,0
12.7499,77.1437,318.5,4.5,1.9,2022-02-28,0902,Aqua,MODIS,58,6.03,304.6,50,D,0
12.7497,77.1389,318.6,4.5,1.9,2022-02-28,0902,Aqua,MODIS,58,6.03,304.5,50.6,D,0
8.3299,77.4376,320.5,1.5,1.2,2022-03-01,0805,Aqua,MODIS,44,6.03,306,11.9,D,0
8.3279,77.4242,322.2,1.5,1.2,2022-03-01,0805,Aqua,MODIS,69,6.03,307.6,14.2,D,0
8.3226,77.4318,320.9,1.5,1.2,2022-03-01,0805,Aqua,MODIS,37,6.03,308.1,12.7,D,0
8.3335,77.4307,319.7,1.5,1.2,2022-03-01,0805,Aqua,MODIS,33,6.03,305.9,11.7,D,0
12.7167,77.2296,327.5,1.3,1.1,2022-03-01,0807,Aqua,MODIS,64,6.03,312.6,14.1,D,0
12.7739,77.3292,329.7,1.3,1.1,2022-03-01,0807,Aqua,MODIS,77,6.03,310.2,20.7,D,0
12.772,77.3173,324.6,1.3,1.1,2022-03-01,0807,Aqua,MODIS,66,6.03,309.5,12.2,D,0
12.3607,76.7413,309.5,1.5,1.2,2022-03-02,0538,Terra,MODIS,25,6.03,291.2,5.7,D,0
10.2577,77.4295,313.6,2.5,1.5,2022-03-02,0849,Aqua,MODIS,43,6.03,289.8,38.9,D,0
12.3366,77.204,307.4,2.5,1.5,2022-03-02,0849,Aqua,MODIS,42,6.03,272.8,26.4,D,0
12.686,77.3598,326.4,2.2,1.4,2022-03-03,0754,Aqua,MODIS,79,6.03,300.8,50.3,D,0
12.7774,77.1268,322.7,2.2,1.4,2022-03-03,0754,Aqua,MODIS,74,6.03,307,32,D,0
9.8268,76.7533,313.3,1,1,2022-03-03,1711,Terra,MODIS,87,6.03,296.6,10.3,N,0
12.2124,75.6563,310.4,1,1,2022-03-03,1711,Terra,MODIS,80,6.03,289.7,9.8,N,0
12.2112,75.6472,307.8,1,1,2022-03-03,1711,Terra,MODIS,61,6.03,288.9,7.7,N,0
12.2175,75.6277,301.6,1,1,2022-03-03,1711,Terra,MODIS,12,6.03,289.7,4.1,N,0
12.6054,75.7026,307.5,1,1,2022-03-03,1711,Terra,MODIS,72,6.03,289,8.8,N,0
12.6041,75.6935,309.6,1,1,2022-03-03,1711,Terra,MODIS,78,6.03,291,9.6,N,0
12.406,76.665,320.7,1,1,2022-03-04,0526,Terra,MODIS,65,6.03,304.1,11.1,D,0
12.0974,76.8772,328.6,1,1,2022-03-04,0526,Terra,MODIS,78,6.03,311.3,13.6,D,0
12.2076,75.6386,327.4,1,1,2022-03-04,0526,Terra,MODIS,76,6.03,302.7,20.5,D,0
12.2063,75.6476,320.6,1,1,2022-03-04,0526,Terra,MODIS,64,6.03,301.1,13.2,D,0
11.0606,77.3802,317.9,1.1,1,2022-03-04,0526,Terra,MODIS,63,6.03,293.7,7.8,D,0
10.0992,76.7395,319.7,1.1,1,2022-03-04,0527,Terra,MODIS,75,6.03,297.7,11.5,D,0
10.0978,76.7488,318.2,1.1,1,2022-03-04,0527,Terra,MODIS,74,6.03,298.8,10.2,D,0
8.4695,77.3658,318,1.3,1.1,2022-03-04,0836,Aqua,MODIS,47,6.03,298,13.1,D,0
12.2057,75.6397,327.4,1.2,1.1,2022-03-04,0837,Aqua,MODIS,74,6.03,308.4,22.3,D,0
12.7454,74.951,325.5,1.1,1.1,2022-03-04,0837,Aqua,MODIS,68,6.03,312.2,12.4,D,0
12.5184,76.746,324.7,1.1,1.1,2022-03-06,0514,Terra,MODIS,73,6.03,307.1,14.4,D,0
12.517,76.7561,325.2,1.1,1.1,2022-03-06,0514,Terra,MODIS,75,6.03,306.1,13.7,D,0
9.8525,77.2546,324.6,1,1,2022-03-06,0514,Terra,MODIS,65,6.03,299.4,13.8,D,0
9.646,76.4846,332.9,1,1,2022-03-06,0824,Aqua,MODIS,83,6.03,302.3,22.1,D,0
10.0894,76.7535,323.6,1,1,2022-03-06,0824,Aqua,MODIS,69,6.03,295.3,12.6,D,0
10.0983,76.7522,320.4,1,1,2022-03-06,0824,Aqua,MODIS,44,6.03,295,9,D,0
10.6419,76.4895,327.7,1,1,2022-03-06,0824,Aqua,MODIS,73,6.03,309.2,13.4,D,0
10.693,76.5281,345.2,1,1,2022-03-06,0824,Aqua,MODIS,91,6.03,306.1,39.6,D,0
10.6917,76.519,339.4,1,1,2022-03-06,0824,Aqua,MODIS,86,6.03,304.5,29,D,0
11.0245,76.3986,323.5,1,1,2022-03-06,0824,Aqua,MODIS,68,6.03,304.2,9.8,D,0
11.097,76.5206,353.1,1,1,2022-03-06,0824,Aqua,MODIS,84,6.03,295.9,63.1,D,0
12.1769,75.8396,327.4,1,1,2022-03-06,0825,Aqua,MODIS,73,6.03,303.2,18.1,D,0
12.1756,75.8305,326.8,1,1,2022-03-06,0825,Aqua,MODIS,72,6.03,306,17,D,0
12.436,76.8122,326.4,1,1,2022-03-06,0825,Aqua,MODIS,63,6.03,307.2,10,D,0
12.4347,76.8029,324.5,1,1,2022-03-06,0825,Aqua,MODIS,46,6.03,307.9,7.1,D,0
12.7684,74.9054,321.8,1,1,2022-03-06,0825,Aqua,MODIS,65,6.03,306.2,9.1,D,0
12.767,74.8959,318.1,1,1,2022-03-06,0825,Aqua,MODIS,48,6.03,304.9,4.8,D,0
12.1006,75.3142,321.1,2.6,1.5,2022-03-07,0557,Terra,MODIS,73,6.03,300.6,44.2,D,0
12.0947,75.3079,321.4,2.6,1.5,2022-03-07,0557,Terra,MODIS,74,6.03,299.8,45.3,D,0
8.2473,77.4609,320.8,1.2,1.1,2022-03-08,0811,Aqua,MODIS,65,6.03,304.3,9.5,D,0
9.6743,76.476,325.7,1.3,1.1,2022-03-08,0812,Aqua,MODIS,70,6.03,298.9,19.9,D,0
9.6724,76.4698,325.6,1.3,1.1,2022-03-08,0812,Aqua,MODIS,61,6.03,301,19.8,D,0
11.5224,76.3767,332.9,1.3,1.1,2022-03-08,0812,Aqua,MODIS,82,6.03,296.7,35,D,0
12.4206,76.7253,324.5,1.9,1.3,2022-03-10,0800,Aqua,MODIS,67,6.03,307.2,29.5,D,0
12.4177,76.708,321.2,1.9,1.3,2022-03-10,0800,Aqua,MODIS,57,6.03,305,22.2,D,0
11.1727,76.5773,308.1,1.1,1.1,2022-03-10,1717,Terra,MODIS,72,6.03,291.9,9.7,N,0
12.585,75.7687,318.7,1.1,1,2022-03-11,0532,Terra,MODIS,60,6.03,299.3,13,D,0
12.2128,75.2445,318.7,1,1,2022-03-11,0532,Terra,MODIS,38,6.03,303.1,5.8,D,0
10.3322,77.3977,328.3,1.4,1.2,2022-03-11,0532,Terra,MODIS,79,6.03,300.5,35.6,D,0
10.3304,77.4092,322.5,1.4,1.2,2022-03-11,0532,Terra,MODIS,71,6.03,300.7,24.3,D,0
10.0291,77.1123,340.2,1.3,1.1,2022-03-11,0533,Terra,MODIS,88,6.03,301.4,60.5,D,0
10.027,77.126,324.8,1.3,1.1,2022-03-11,0533,Terra,MODIS,72,6.03,299.4,27.5,D,0
10.0366,77.1752,320.7,1.7,1.3,2022-03-11,0842,Aqua,MODIS,46,6.03,302.7,24.3,D,0
10.0281,77.1111,320.2,1.7,1.3,2022-03-11,0842,Aqua,MODIS,50,6.03,303.8,22.1,D,0
10.3305,77.4082,318.8,1.8,1.3,2022-03-11,0842,Aqua,MODIS,46,6.03,305.1,18.3,D,0
10.3284,77.3923,327.3,1.8,1.3,2022-03-11,0842,Aqua,MODIS,74,6.03,304.7,41.3,D,0
11.1601,76.5758,324.1,1.6,1.3,2022-03-11,0842,Aqua,MODIS,28,6.03,306.1,23.9,D,0
12.5426,77.2333,327.4,1.9,1.4,2022-03-11,0843,Aqua,MODIS,72,6.03,313.1,28.7,D,0
10.2971,77.4182,317.3,3.2,1.7,2022-03-12,0747,Aqua,MODIS,54,6.03,304,52.7,D,0
9.8035,77.2237,303.1,1,1,2022-03-12,1704,Terra,MODIS,50,6.03,291.8,5.2,N,0
9.9477,77.2645,305.8,1,1,2022-03-12,1704,Terra,MODIS,66,6.03,294.7,6.4,N,0
10.3208,77.4314,316,1,1,2022-03-12,1704,Terra,MODIS,92,6.03,288.7,15.3,N,0
10.331,77.4334,315.1,1,1,2022-03-12,1704,Terra,MODIS,88,6.03,288.6,14.6,N,0
10.3399,77.4319,310.2,1,1,2022-03-12,1704,Terra,MODIS,56,6.03,290.3,10.2,N,0
11.9424,76.5388,302.2,1,1,2022-03-12,1705,Terra,MODIS,47,6.03,292,4.3,N,0
11.0999,76.5554,319.7,3.3,1.7,2022-03-12,2003,Aqua,MODIS,99,6.03,292.1,100.1,N,0
11.1041,76.5499,314.4,3.3,1.7,2022-03-12,2003,Aqua,MODIS,89,6.03,291.6,74.3,N,0
11.1011,76.5745,306.9,3.2,1.7,2022-03-12,2003,Aqua,MODIS,70,6.03,291.7,43.7,N,0
12.1509,77.3024,326.6,1,1,2022-03-13,0520,Terra,MODIS,74,6.03,308.5,11.7,D,0
12.1496,77.3115,323.3,1,1,2022-03-13,0520,Terra,MODIS,68,6.03,308.9,7.3,D,0
11.706,75.9227,313.9,1,1,2022-03-13,0520,Terra,MODIS,23,6.03,302.3,5.9,D,0
11.6981,75.9129,341.5,1,1,2022-03-13,0520,Terra,MODIS,90,6.03,301.1,42,D,0
11.6969,75.9218,329.3,1,1,2022-03-13,0520,Terra,MODIS,80,6.03,303.5,22.1,D,0
11.1126,76.5291,327.3,1,1,2022-03-13,0520,Terra,MODIS,74,6.03,303.6,18.9,D,0
10.3422,77.4439,322.9,1,1,2022-03-13,0520,Terra,MODIS,62,6.03,304.4,12.1,D,0
10.3333,77.4425,341.8,1,1,2022-03-13,0520,Terra,MODIS,90,6.03,310,37.9,D,0
10.3243,77.4414,328.6,1,1,2022-03-13,0520,Terra,MODIS,74,6.03,305.5,17.5,D,0
10.1931,76.5176,333.8,1,1,2022-03-13,0520,Terra,MODIS,79,6.03,304.2,25,D,0
10.1918,76.5267,316.9,1,1,2022-03-13,0520,Terra,MODIS,57,6.03,304,5.9,D,0
10.1073,77.2323,338.3,1.1,1.1,2022-03-13,0830,Aqua,MODIS,85,6.03,306.1,39.8,D,0
10.34,77.4459,332.4,1.1,1.1,2022-03-13,0830,Aqua,MODIS,61,6.03,306.5,23.2,D,0
10.3386,77.4356,329.3,1.1,1.1,2022-03-13,0830,Aqua,MODIS,40,6.03,306.8,18.6,D,0
10.3444,77.4394,324.4,1.1,1.1,2022-03-13,0830,Aqua,MODIS,51,6.03,305.7,13.7,D,0
10.3686,77.3321,321.6,1.1,1.1,2022-03-13,0830,Aqua,MODIS,44,6.03,307.5,9.7,D,0
10.3672,77.3222,331.6,1.1,1.1,2022-03-13,0830,Aqua,MODIS,77,6.03,310.3,23.3,D,0
10.3477,76.4518,325.4,1,1,2022-03-13,0830,Aqua,MODIS,64,6.03,312.7,9.2,D,0
10.7608,76.2455,330.8,1,1,2022-03-13,0830,Aqua,MODIS,70,6.03,311.2,15.5,D,0
11.0939,76.5273,324.5,1.1,1,2022-03-13,0830,Aqua,MODIS,42,6.03,308.3,13.7,D,0
11.103,76.5257,327.6,1.1,1,2022-03-13,0830,Aqua,MODIS,54,6.03,307.6,17.8,D,0
11.1665,76.5187,332.6,1.1,1,2022-03-13,0830,Aqua,MODIS,76,6.03,304.6,29.3,D,0
11.1756,76.5169,330.1,1.1,1,2022-03-13,0830,Aqua,MODIS,71,6.03,303.5,26,D,0
11.5643,76.3295,326,1.1,1,2022-03-13,0830,Aqua,MODIS,70,6.03,309.4,12.7,D,0
12.2635,77.1581,352.1,1.2,1.1,2022-03-13,0830,Aqua,MODIS,95,6.03,311.6,62.3,D,0
12.2621,77.1477,330.4,1.2,1.1,2022-03-13,0830,Aqua,MODIS,61,6.03,313.9,16.3,D,0
12.1801,75.6711,322.5,1,1,2022-03-13,0830,Aqua,MODIS,52,6.03,304.6,12.8,D,0
12.6583,76.4656,327.2,1.1,1,2022-03-13,0830,Aqua,MODIS,57,6.03,313.3,8.4,D,0
12.7461,75.8381,330.1,1,1,2022-03-13,0831,Aqua,MODIS,75,6.03,306.8,20.2,D,0
12.1848,75.6807,304.7,1,1,2022-03-13,2045,Aqua,MODIS,55,6.03,292.1,5.8,N,0
12.1834,75.6898,322.7,1,1,2022-03-13,2045,Aqua,MODIS,100,6.03,291.5,21.1,N,0
12.1744,75.6886,302.6,1,1,2022-03-13,2045,Aqua,MODIS,42,6.03,292.5,4.2,N,0
11.1149,76.5254,327.2,1.1,1.1,2022-03-13,2045,Aqua,MODIS,100,6.03,292.7,30.2,N,0
11.1134,76.5354,312.7,1.1,1.1,2022-03-13,2045,Aqua,MODIS,85,6.03,293.5,13.5,N,0
11.1055,76.524,304.8,1.1,1.1,2022-03-13,2045,Aqua,MODIS,61,6.03,292.2,7.2,N,0
10.0014,77.1666,302.1,1.3,1.1,2022-03-13,2046,Aqua,MODIS,47,6.03,291,7.5,N,0
9.0825,77.2523,306.1,1.4,1.2,2022-03-14,1652,Terra,MODIS,48,6.03,294.5,7.9,N,0
9.0806,77.2395,311.3,1.4,1.2,2022-03-14,1652,Terra,MODIS,80,6.03,294.5,14.4,N,0
9.0875,77.2467,317.5,1.4,1.2,2022-03-14,1652,Terra,MODIS,95,6.03,294.4,23.1,N,0
9.8856,77.2281,305.2,1.4,1.2,2022-03-14,1652,Terra,MODIS,47,6.03,294.3,8.5,N,0
9.884,77.2176,304,1.4,1.2,2022-03-14,1652,Terra,MODIS,38,6.03,292.1,7.7,N,0
9.896,77.2264,309.3,1.4,1.2,2022-03-14,1652,Terra,MODIS,75,6.03,294.2,12.8,N,0
10.113,77.4453,319.9,1.3,1.1,2022-03-14,1652,Terra,MODIS,99,6.03,293,25.5,N,0
10.0943,77.3215,309.5,1.4,1.2,2022-03-14,1652,Terra,MODIS,77,6.03,294.6,12.3,N,0
10.1246,77.4532,306.3,1.3,1.1,2022-03-14,1652,Terra,MODIS,50,6.03,294.6,8.3,N,0
10.1229,77.4418,314.6,1.3,1.1,2022-03-14,1652,Terra,MODIS,89,6.03,294,18.2,N,0
10.122,77.448,325.5,1.3,1.1,2022-03-14,1652,Terra,MODIS,100,6.03,294.9,33.3,N,0
10.1202,77.4363,309.8,1.3,1.1,2022-03-14,1652,Terra,MODIS,78,6.03,293.1,12.3,N,0
10.2839,77.4954,320.6,1.3,1.1,2022-03-14,1652,Terra,MODIS,100,6.03,288.2,29.3,N,0
10.4688,77.1052,306.2,1.4,1.2,2022-03-14,1652,Terra,MODIS,65,6.03,295,8.9,N,0
11.0569,76.4609,303.4,1.5,1.2,2022-03-14,1652,Terra,MODIS,33,6.03,290.2,7.6,N,0
11.068,76.4616,314.6,1.5,1.2,2022-03-14,1652,Terra,MODIS,89,6.03,288.6,22,N,0
11.0707,76.454,304.5,1.5,1.2,2022-03-14,1652,Terra,MODIS,26,6.03,289.2,9.1,N,0
12.0988,77.1128,300.8,1.3,1.1,2022-03-14,1653,Terra,MODIS,12,6.03,289,5.1,N,0
12.1068,77.1053,300.9,1.3,1.1,2022-03-14,1653,Terra,MODIS,23,6.03,288.8,4.9,N,0
12.2956,77.1346,322.8,1.3,1.1,2022-03-15,0507,Terra,MODIS,55,6.03,305,9.7,D,0
9.078,77.2372,347.1,1.2,1.1,2022-03-15,0508,Terra,MODIS,93,6.03,302.1,57.5,D,0
9.0766,77.2476,342.9,1.2,1.1,2022-03-15,0508,Terra,MODIS,90,6.03,303.3,46.5,D,0
9.0675,77.2412,334.6,1,1,2022-03-15,0817,Aqua,MODIS,77,6.03,301.4,22.5,D,0
9.0661,77.2318,338.5,1,1,2022-03-15,0817,Aqua,MODIS,83,6.03,300.3,30.2,D,0
12.6956,76.6063,325.1,1,1,2022-03-15,0818,Aqua,MODIS,70,6.03,310,7.6,D,0
10.1947,77.252,313.7,1.5,1.2,2022-03-17,0805,Aqua,MODIS,37,6.03,293.6,15.3,D,0
10.193,77.2408,315.6,1.5,1.2,2022-03-17,0805,Aqua,MODIS,53,6.03,292.7,18.4,D,0
10.1797,77.2543,313.8,1.8,1.3,2022-03-18,0538,Terra,MODIS,39,6.03,298.8,21.3,D,0
10.0793,77.3056,317.8,1.8,1.3,2022-03-18,0538,Terra,MODIS,42,6.03,300.7,19.8,D,0
10.0764,77.3231,313.5,1.8,1.3,2022-03-18,0538,Terra,MODIS,13,6.03,298.1,10.5,D,0
10.0837,77.4572,320.6,2.5,1.5,2022-03-19,0753,Aqua,MODIS,51,6.03,276.5,57.9,D,0
10.9972,77.1703,333.9,1.4,1.2,2022-03-20,0836,Aqua,MODIS,81,6.03,306.5,23,D,0
9.8074,77.2671,306,1.6,1.2,2022-03-20,2051,Aqua,MODIS,67,6.03,292.1,12.2,N,0
9.805,77.2821,307.2,1.6,1.2,2022-03-20,2051,Aqua,MODIS,71,6.03,292.9,13.2,N,0
9.8056,77.2744,311.4,1.6,1.2,2022-03-20,2051,Aqua,MODIS,82,6.03,292.8,18.4,N,0
10.0744,77.2562,315.3,4.5,2,2022-03-21,0740,Aqua,MODIS,26,6.03,295.9,76.4,D,0
8.2258,77.3817,321.3,1,1,2022-03-22,0823,Aqua,MODIS,52,6.03,302.9,6.8,D,0
10.0762,77.3784,305.4,1.1,1,2022-03-22,2039,Aqua,MODIS,43,6.03,291.5,7.5,N,0
9.7155,77.4841,330.5,1.1,1,2022-03-29,0829,Aqua,MODIS,44,6.03,310.2,13.7,D,0
8.9292,77.2787,306.8,1.4,1.2,2022-04-02,1722,Terra,MODIS,69,6.03,291.9,8.6,N,0
12.4571,75.391,314.1,1.5,1.2,2022-04-26,0543,Terra,MODIS,42,6.03,295.6,13.2,D,0
12.4158,77.0827,318.6,2.7,1.6,2022-04-26,0851,Aqua,MODIS,52,6.03,298.4,27.1,D,0
11.5162,76.8845,316.2,1.2,1.1,2022-04-27,1716,Terra,MODIS,92,6.03,291.7,17.8,N,0
11.5149,76.8748,323.4,1.2,1.1,2022-04-27,1716,Terra,MODIS,100,6.03,293.2,26.3,N,0
12.7817,77.4184,318.8,1,1,2022-04-30,0518,Terra,MODIS,29,6.03,298.5,6,D,2
11.9376,76.7339,320.8,1.3,1.1,2022-05-02,0506,Terra,MODIS,48,6.03,297.7,11.2,D,0
11.9398,76.728,319.6,1.3,1.1,2022-05-02,0506,Terra,MODIS,60,6.03,296.8,9.4,D,0
11.9381,76.74,322.4,1.3,1.1,2022-05-02,0506,Terra,MODIS,75,6.03,298.1,13.2,D,0
9.4199,76.4465,317.7,1,1,2022-05-07,0831,Aqua,MODIS,49,6.03,296.7,6.5,D,0
12.7998,76.5751,330.8,1.2,1.1,2022-05-14,0530,Terra,MODIS,84,6.03,292.7,29.3,D,0
9.2645,77.3309,304,1.4,1.2,2022-05-27,2020,Aqua,MODIS,33,6.03,291.1,6.1,N,0
9.2542,77.3291,303.7,1.4,1.2,2022-05-27,2020,Aqua,MODIS,25,6.03,292.1,5.7,N,0
9.2838,77.3226,342.3,2.4,1.5,2022-05-28,0543,Terra,MODIS,91,6.03,288.8,157.5,D,0
9.2794,77.3485,327.3,2.4,1.5,2022-05-28,0543,Terra,MODIS,74,6.03,287.3,72.8,D,0
9.289,77.3173,325.6,2.4,1.5,2022-05-28,0543,Terra,MODIS,71,6.03,287.8,71.1,D,0
9.2851,77.3411,334.9,2.4,1.5,2022-05-28,0543,Terra,MODIS,81,6.03,288.9,111.3,D,0
9.2761,77.3123,326.6,2.4,1.5,2022-05-28,0543,Terra,MODIS,61,6.03,285.7,73.8,D,0
9.2718,77.3384,343,2.4,1.5,2022-05-28,0543,Terra,MODIS,86,6.03,288,158,D,0
9.2808,77.3443,344,2,1.4,2022-05-28,0846,Aqua,MODIS,91,6.03,298.3,104.8,D,0
9.2847,77.3344,341.5,2,1.4,2022-05-28,0846,Aqua,MODIS,89,6.03,298,95.3,D,0
10.9407,77.1566,326.9,1.3,1.1,2022-05-30,0530,Terra,MODIS,75,6.03,300.1,16.6,D,0
10.941,77.1623,324.3,1.3,1.1,2022-05-30,0530,Terra,MODIS,70,6.03,299.8,13.3,D,0
9.9272,77.4023,324.9,1,1,2022-06-01,0821,Aqua,MODIS,71,6.03,305.3,7.3,D,0
11.4883,77.2678,319.4,1.1,1,2022-06-08,0523,Terra,MODIS,68,6.03,299.2,7.4,D,0
9.7823,77.3929,320.1,1,1,2022-06-10,0511,Terra,MODIS,64,6.03,298.5,6.1,D,0
9.458,77.4107,303.4,2.7,1.6,2022-06-14,2004,Aqua,MODIS,53,6.03,279.3,29.5,N,0
9.4436,77.396,323,1.4,1.2,2022-06-15,0530,Terra,MODIS,70,6.03,282.3,29.2,D,0
9.2144,77.3009,321.3,1.4,1.2,2022-06-15,0530,Terra,MODIS,42,6.03,283,23.6,D,0
12.7836,77.4178,313.6,1,1,2022-06-17,0517,Terra,MODIS,51,6.03,292.5,6.5,D,2
9.5268,77.457,300.6,1.7,1.3,2022-06-27,1642,Terra,MODIS,25,6.03,275.8,10.8,N,0
12.6931,77.1053,315.7,1.2,1.1,2022-07-19,0812,Aqua,MODIS,62,6.03,295.5,9,D,0
12.7856,77.4199,318.3,1.1,1.1,2022-07-19,0812,Aqua,MODIS,67,6.03,297.8,11.1,D,2
10.6575,77.4194,337.8,1.2,1.1,2022-07-31,0834,Aqua,MODIS,88,6.03,296.9,32.6,D,0
12.677,77.44,318.6,1,1,2022-08-18,0818,Aqua,MODIS,52,6.03,299.2,7,D,0
11.6762,77.4103,309.2,1,1,2022-08-25,0822,Aqua,MODIS,40,6.03,287.1,4.7,D,0
11.7587,77.4104,310.1,1,1,2022-08-25,0822,Aqua,MODIS,36,6.03,288.2,4.7,D,0
9.9744,76.3715,317.8,1.2,1.1,2022-08-30,0839,Aqua,MODIS,62,6.03,292,11.3,D,2
11.515,77.1548,317.1,2.2,1.4,2022-09-17,0538,Terra,MODIS,56,6.03,298.1,17.9,D,0
8.6753,77.4632,326.3,1,1,2022-09-17,0821,Aqua,MODIS,54,6.03,308.6,14.6,D,2
11.5147,77.1519,321.4,1,1,2022-09-17,0822,Aqua,MODIS,75,6.03,297.2,8.1,D,0
9.9764,76.3682,310,1.6,1.2,2022-09-22,1646,Terra,MODIS,79,6.03,293,15,N,2
9.9773,76.3811,305.8,1.4,1.2,2022-09-22,2055,Aqua,MODIS,66,6.03,292.8,8.9,N,2
9.965,76.3944,322.6,1,1,2022-09-24,0826,Aqua,MODIS,75,6.03,301.6,11.2,D,2
12.0109,77.3583,312.2,1,1,2022-10-07,0513,Terra,MODIS,67,6.03,291.4,6.1,D,0
10.7704,77.2332,313.7,1.3,1.1,2022-10-19,0812,Aqua,MODIS,41,6.03,293.8,7.6,D,0
12.1367,77.3193,318.2,1.2,1.1,2022-10-19,0813,Aqua,MODIS,72,6.03,296.8,11,D,0
12.1465,77.3177,335,1.2,1.1,2022-10-19,0813,Aqua,MODIS,87,6.03,297.6,37.9,D,0
12.716,74.9879,313.6,1,1,2022-10-26,0525,Terra,MODIS,64,6.03,302.2,6.5,D,0
12.3414,75.1461,314.8,1.1,1,2022-10-26,0526,Terra,MODIS,67,6.03,302.4,7.1,D,0
12.34,75.1556,313,1.1,1,2022-10-26,0526,Terra,MODIS,64,6.03,301.8,5.7,D,0
10.1534,76.3806,312.7,1.3,1.1,2022-10-26,0816,Aqua,MODIS,35,6.03,298.7,4.7,D,2
10.8333,77.0682,318.4,1.2,1.1,2022-10-26,0816,Aqua,MODIS,68,6.03,295.1,12.4,D,0
11.3844,77.2065,317.4,1.1,1.1,2022-10-26,0816,Aqua,MODIS,66,6.03,291.5,9.9,D,0
11.886,76.7188,334.1,1.2,1.1,2022-10-26,0817,Aqua,MODIS,86,6.03,301.9,33.6,D,0
10.1547,76.3933,316.4,1.1,1,2022-11-02,0520,Terra,MODIS,69,6.03,299.3,8,D,0
12.7098,74.9862,316,1.3,1.1,2022-11-02,0821,Aqua,MODIS,60,6.03,297,10.5,D,0
12.7079,74.9743,318.2,1.3,1.1,2022-11-02,0821,Aqua,MODIS,69,6.03,298,13.5,D,0
12.718,74.9727,314.5,1.3,1.1,2022-11-02,0821,Aqua,MODIS,38,6.03,297,8.5,D,0
12.7743,77.4118,309.5,1.5,1.2,2022-11-04,0808,Aqua,MODIS,19,6.03,292.7,9.4,D,2
12.7069,74.9776,316,1.2,1.1,2022-11-09,0824,Aqua,MODIS,59,6.03,299.7,9.8,D,0
12.7165,74.9761,314,1.2,1.1,2022-11-09,0824,Aqua,MODIS,62,6.03,297.4,7.9,D,0
12.4905,76.7524,310.3,1,1,2022-11-16,0828,Aqua,MODIS,25,6.03,297.1,3.3,D,0
12.1152,77.2077,317.4,1.2,1.1,2022-11-18,0815,Aqua,MODIS,71,6.03,302.7,10.8,D,0
12.2043,76.7941,315.3,1,1,2022-11-21,0517,Terra,MODIS,71,6.03,299,9.1,D,0
11.1317,77.1808,315.5,1.1,1,2022-11-21,0517,Terra,MODIS,67,6.03,301.6,7.3,D,0
12.2269,77.0606,316,1.6,1.2,2022-11-21,0844,Aqua,MODIS,68,6.03,301.8,14.7,D,0
12.304,77.2121,309.7,1.1,1,2022-11-25,0818,Aqua,MODIS,59,6.03,293.4,5.9,D,0
11.4812,77.415,316.1,1,1,2022-12-02,0822,Aqua,MODIS,66,6.03,299.5,6.9,D,0
12.3715,76.7124,316,1.1,1,2022-12-03,0520,Terra,MODIS,71,6.03,298,8.9,D,0
12.37,76.7223,312.2,1.1,1,2022-12-03,0520,Terra,MODIS,51,6.03,297.8,5.4,D,0
12.139,76.5939,313.4,1.1,1,2022-12-03,0520,Terra,MODIS,65,6.03,298.6,6.2,D,0
12.0934,76.7211,312.7,1.1,1,2022-12-03,0520,Terra,MODIS,52,6.03,299.1,6.4,D,0
12.0919,76.731,312.8,1.1,1,2022-12-03,0520,Terra,MODIS,49,6.03,299.7,5.8,D,0
12.0086,76.6091,315.7,1,1,2022-12-16,0829,Aqua,MODIS,65,6.03,304.8,4.7,D,0
12.5369,76.7673,312.9,1,1,2022-12-16,0829,Aqua,MODIS,57,6.03,301.6,4.6,D,0
12.6883,76.6023,314.9,1,1,2022-12-16,0829,Aqua,MODIS,63,6.03,302.8,6.2,D,0
12.221,77.2614,312.6,1,1,2022-12-17,0507,Terra,MODIS,66,6.03,297.6,6.9,D,0
11.9991,77.0557,308,1.7,1.3,2022-12-19,0452,Terra,MODIS,50,6.03,295.7,7.4,D,0
10.4989,77.2557,312,1.1,1.1,2022-12-22,0517,Terra,MODIS,59,6.03,300.4,5.4,D,0
12.6784,76.6066,321.1,1,1,2022-12-23,0832,Aqua,MODIS,72,6.03,304,10.5,D,0
12.5806,74.9682,319.7,1,1,2022-12-23,0832,Aqua,MODIS,71,6.03,307.9,9.8,D,0
12.34,76.8393,308.6,1.2,1.1,2022-12-24,0501,Terra,MODIS,47,6.03,298,4.9,D,0
12.0241,76.8435,312.5,1.2,1.1,2022-12-24,0501,Terra,MODIS,63,6.03,301.3,6.1,D,0
12.4683,75.6531,314.5,1.4,1.2,2022-12-28,0848,Aqua,MODIS,61,6.03,296.9,13.1,D,0
12.6395,76.5381,312.6,1,1,2022-12-29,0510,Terra,MODIS,59,6.03,300.1,5.3,D,0
12.0001,76.7585,318.5,1,1,2022-12-29,0510,Terra,MODIS,72,6.03,301.3,8.4,D,0
12.3188,76.8161,316.2,1.1,1,2022-12-30,0835,Aqua,MODIS,63,6.03,305,6.9,D,0
12.3089,76.5405,316.6,1.1,1,2022-12-30,0835,Aqua,MODIS,64,6.03,305.4,4.9,D,0
12.6838,76.658,322,1.1,1,2022-12-30,0835,Aqua,MODIS,73,6.03,306.1,11.9,D,0
12.706,76.6151,316,1.1,1,2022-12-30,0835,Aqua,MODIS,58,6.03,304.5,5.6,D,0
12.7192,76.6428,316.5,1.1,1,2022-12-30,0835,Aqua,MODIS,63,6.03,303.4,6.4,D,0
12.6791,76.2326,319.3,1,1,2022-12-30,0835,Aqua,MODIS,68,6.03,306.4,8.8,D,0
12.7657,76.9575,310.3,1.1,1.1,2023-01-03,0519,Terra,MODIS,49,61.03,296.2,6.8,D,0
12.5639,76.9444,314.1,1.1,1.1,2023-01-03,0519,Terra,MODIS,67,61.03,295.3,9.1,D,0
9.7442,76.8427,311.1,1,1,2023-01-05,0504,Terra,MODIS,55,61.03,298,6.1,D,0
12.354,77.1924,312.6,1.2,1.1,2023-01-06,0838,Aqua,MODIS,41,61.03,297.9,5.1,D,0
9.8798,76.9305,313.5,1.1,1.1,2023-01-06,0838,Aqua,MODIS,57,61.03,296.8,8.2,D,0
10.8171,76.3874,321.1,1.1,1,2023-01-06,0838,Aqua,MODIS,72,61.03,302.4,11.9,D,0
12.3033,76.9656,314.8,1.2,1.1,2023-01-06,0838,Aqua,MODIS,61,61.03,300.3,6.6,D,0
12.5376,76.9464,313.9,1.2,1.1,2023-01-06,0838,Aqua,MODIS,60,61.03,300,6.4,D,0
12.67,76.7079,317.6,1.2,1.1,2023-01-06,0838,Aqua,MODIS,67,61.03,302.1,8.9,D,0
12.7766,76.8451,318.7,1.2,1.1,2023-01-06,0838,Aqua,MODIS,61,61.03,302.6,10.2,D,0
12.7809,76.7841,315.8,1.2,1.1,2023-01-06,0838,Aqua,MODIS,64,61.03,302.1,7.5,D,0
11.5726,76.5507,300.6,1.5,1.2,2023-01-07,1715,Terra,MODIS,31,61.03,288.1,8.8,N,0
12.589,74.9716,321.5,1.2,1.1,2023-01-08,0529,Terra,MODIS,77,61.03,302.8,16.1,D,0
12.5874,74.9822,320.8,1.2,1.1,2023-01-08,0529,Terra,MODIS,76,61.03,303,14.9,D,0
11.5672,76.8123,309.8,1.6,1.3,2023-01-08,0529,Terra,MODIS,54,61.03,296.7,9.6,D,0
9.7249,76.9411,309.3,1,1,2023-01-08,0824,Aqua,MODIS,36,61.03,295.5,5,D,0
9.7235,76.9316,314.1,1,1,2023-01-08,0824,Aqua,MODIS,63,61.03,297.1,9,D,0
9.7555,77.0224,312.7,1,1,2023-01-08,0824,Aqua,MODIS,56,61.03,295.8,8.5,D,0
10.0921,76.7457,321.8,1.1,1,2023-01-08,0825,Aqua,MODIS,76,61.03,299.3,14.5,D,0
11.5675,76.8112,317,1,1,2023-01-08,0825,Aqua,MODIS,69,61.03,303.4,7.7,D,0
12.5652,77.1352,324.1,1,1,2023-01-08,0825,Aqua,MODIS,77,61.03,302.2,14.6,D,0
12.6498,76.9012,314.9,1,1,2023-01-08,0825,Aqua,MODIS,61,61.03,301.2,6.4,D,0
10.7925,76.7922,322.8,1,1,2023-01-10,0513,Terra,MODIS,77,61.03,300.2,15.7,D,0
12.6143,76.4518,316.9,1,1,2023-01-10,0513,Terra,MODIS,71,61.03,301.5,9.7,D,0
10.9214,77.3523,311.4,1.1,1,2023-01-10,0513,Terra,MODIS,51,61.03,300.9,5.1,D,0
9.7423,76.9392,314.7,1.6,1.2,2023-01-10,0811,Aqua,MODIS,57,61.03,300.8,17.4,D,0
9.5491,77.2511,311.8,1.5,1.2,2023-01-10,0811,Aqua,MODIS,41,61.03,298,16,D,0
9.7417,76.9464,314,1.6,1.2,2023-01-10,0811,Aqua,MODIS,52,61.03,300.5,14.5,D,0
9.7836,76.7772,311.5,2,1.4,2023-01-11,0854,Aqua,MODIS,44,61.03,297.3,13.3,D,0
9.9186,76.9172,311.5,2.1,1.4,2023-01-11,0854,Aqua,MODIS,47,61.03,300.4,14.3,D,0
8.6243,77.2038,320.4,1.2,1.1,2023-01-13,0840,Aqua,MODIS,61,61.03,301.6,15.2,D,0
8.6145,77.2053,323.3,1.2,1.1,2023-01-13,0840,Aqua,MODIS,73,61.03,303.4,18.9,D,0
8.6256,77.2139,327.4,1.2,1.1,2023-01-13,0840,Aqua,MODIS,78,61.03,300.3,26.1,D,0
9.7808,77.0045,331.8,1.2,1.1,2023-01-13,0841,Aqua,MODIS,73,61.03,302.9,33.9,D,0
9.5337,77.1355,313.5,1.2,1.1,2023-01-13,0841,Aqua,MODIS,21,61.03,300.2,8.9,D,0
9.5417,77.1269,321.4,1,1,2023-01-15,0827,Aqua,MODIS,67,61.03,297.7,13.6,D,0
9.543,77.1359,316.7,1,1,2023-01-15,0827,Aqua,MODIS,53,61.03,297.6,9.9,D,0
12.0384,76.7436,321.4,1,1,2023-01-15,0828,Aqua,MODIS,70,61.03,309.6,6.9,D,0
12.3496,77.1784,329.3,1,1,2023-01-15,0828,Aqua,MODIS,80,61.03,306.9,18.8,D,0
12.0001,76.731,323,1,1,2023-01-15,0828,Aqua,MODIS,69,61.03,307.8,7.4,D,0
12.5204,76.7696,319.3,1,1,2023-01-15,0828,Aqua,MODIS,65,61.03,307.2,6.7,D,0
12.6638,77.1213,318.1,1,1,2023-01-15,0828,Aqua,MODIS,60,61.03,307.2,6.3,D,0
12.7079,77.3656,326.1,1,1,2023-01-15,0828,Aqua,MODIS,75,61.03,307.6,15,D,0
12.7881,76.6896,317.3,1,1,2023-01-17,0506,Terra,MODIS,69,61.03,303.2,7.9,D,0
12.5629,76.9776,314.4,1,1,2023-01-17,0506,Terra,MODIS,64,61.03,300,7.4,D,0
12.5616,76.9869,312.1,1,1,2023-01-17,0506,Terra,MODIS,57,61.03,300,5.4,D,0
9.7438,76.8894,345.1,1,1,2023-01-17,0507,Terra,MODIS,93,61.03,302.1,48.5,D,0
9.7425,76.8984,316.1,1,1,2023-01-17,0507,Terra,MODIS,68,61.03,299.2,9.7,D,0
9.803,76.9643,338.9,1.4,1.2,2023-01-17,0814,Aqua,MODIS,67,61.03,300.4,61.4,D,0
9.7435,76.9012,320.4,1.4,1.2,2023-01-17,0814,Aqua,MODIS,73,61.03,295.4,24.5,D,0
9.7977,76.9723,325.4,1.4,1.2,2023-01-17,0814,Aqua,MODIS,74,61.03,298.1,29.3,D,0
12.7644,75.9989,317.8,2.2,1.4,2023-01-18,0857,Aqua,MODIS,42,61.03,306.6,19.4,D,0
10.1712,77.0537,300.5,2.9,1.6,2023-01-18,2112,Aqua,MODIS,30,61.03,272.8,37,N,0
12.1354,76.9499,310.7,1.7,1.3,2023-01-19,0451,Terra,MODIS,58,61.03,298.6,8.1,D,0
8.7459,76.7194,314.6,2.8,1.6,2023-01-19,0801,Aqua,MODIS,0,61.03,304.2,28.4,D,0
9.8013,76.9978,338,2.5,1.5,2023-01-19,0801,Aqua,MODIS,0,61.03,299.3,141.2,D,0
9.7976,76.9755,320.5,2.6,1.5,2023-01-19,0801,Aqua,MODIS,55,61.03,299.8,53.3,D,0
9.7949,76.9926,337.7,2.5,1.5,2023-01-19,0801,Aqua,MODIS,0,61.03,302.5,138.1,D,0
10.2218,77.0919,310.6,2.5,1.5,2023-01-19,0801,Aqua,MODIS,50,61.03,297.1,27.9,D,0
12.7543,76.572,315.5,1.7,1.3,2023-01-20,0531,Terra,MODIS,69,61.03,300.5,17.5,D,0
12.755,76.5664,311.9,1.7,1.3,2023-01-20,0531,Terra,MODIS,60,61.03,300.7,10.7,D,0
9.8514,76.9186,313.7,1.3,1.1,2023-01-20,0843,Aqua,MODIS,44,61.03,300.7,9.5,D,0
10.8596,76.0043,335.4,1.2,1.1,2023-01-20,0844,Aqua,MODIS,85,61.03,309.3,35.2,D,0
11.9477,76.5852,339.1,1.3,1.1,2023-01-20,0844,Aqua,MODIS,89,61.03,307.4,46.1,D,0
12.274,77.212,318.1,1.5,1.2,2023-01-20,0844,Aqua,MODIS,56,61.03,302.4,13.5,D,0
12.6921,77.1865,316,1.5,1.2,2023-01-20,0844,Aqua,MODIS,55,61.03,303.6,10.5,D,0
11.8686,76.0257,307.5,1.3,1.1,2023-01-20,2059,Aqua,MODIS,71,61.03,289.1,12.6,N,0
11.8696,76.0192,303.7,1.3,1.1,2023-01-20,2059,Aqua,MODIS,56,61.03,288.9,9.2,N,0
11.8678,76.0308,300.7,1.3,1.1,2023-01-20,2059,Aqua,MODIS,21,61.03,289,7.1,N,0
12.0217,77.0007,313.9,1.2,1.1,2023-01-24,0500,Terra,MODIS,64,61.03,294.5,7.4,D,0
12.5884,76.9283,308.4,2.3,1.5,2023-01-26,0444,Terra,MODIS,46,61.03,296.2,12.4,D,0
10.0261,77.1091,314,1.6,1.2,2023-01-27,0525,Terra,MODIS,67,61.03,296.3,19.9,D,0
12.74,75.709,309.4,1.2,1.1,2023-01-27,0525,Terra,MODIS,44,61.03,296.4,7.5,D,0
12.7384,75.7194,315,1.2,1.1,2023-01-27,0525,Terra,MODIS,66,61.03,297.5,12.6,D,0
12.4743,76.7465,315.3,1.3,1.1,2023-01-27,0525,Terra,MODIS,67,61.03,300.2,11.8,D,0
12.1457,76.8184,312.5,1.4,1.2,2023-01-27,0525,Terra,MODIS,51,61.03,301.8,6.6,D,0
9.8961,76.868,313.3,1.4,1.2,2023-01-27,0846,Aqua,MODIS,56,61.03,296.9,11.5,D,0
12.684,76.4526,322,1.5,1.2,2023-01-27,0847,Aqua,MODIS,70,61.03,307.8,15.4,D,0
12.7088,76.5589,320.4,1.5,1.2,2023-01-27,0847,Aqua,MODIS,67,61.03,309.1,11.3,D,0
12.7747,76.9716,320.4,1,1,2023-01-29,0509,Terra,MODIS,72,61.03,303.4,11.6,D,0
12.2211,76.9725,315.2,1,1,2023-01-29,0509,Terra,MODIS,55,61.03,300.6,5.9,D,0
12.1003,76.6572,315.8,1,1,2023-01-29,0509,Terra,MODIS,66,61.03,304,6,D,0
9.6675,76.8905,319.4,1,1,2023-01-29,0509,Terra,MODIS,75,61.03,294,13.5,D,0
9.5656,77.2023,330.6,1,1,2023-01-29,0833,Aqua,MODIS,80,61.03,301.3,24.3,D,0
11.6792,76.1971,322.8,1,1,2023-01-29,0833,Aqua,MODIS,74,61.03,305,12.7,D,0
12.1335,75.9042,320.1,1,1,2023-01-29,0833,Aqua,MODIS,63,61.03,303.6,11,D,0
12.7168,77.3621,320.2,1.1,1,2023-01-29,0834,Aqua,MODIS,62,61.03,307.1,7.9,D,0
12.7017,77.1859,323.7,1.1,1,2023-01-29,0834,Aqua,MODIS,70,61.03,307,11.8,D,0
12.7456,77.1042,326.9,1.1,1,2023-01-29,0834,Aqua,MODIS,75,61.03,309.2,14.6,D,0
12.7726,76.964,336,1,1,2023-01-29,0834,Aqua,MODIS,85,61.03,308,29.1,D,0
12.7283,77.3676,308.4,1.1,1,2023-01-31,0820,Aqua,MODIS,54,61.03,283.4,4.4,D,0
12.0702,75.381,334.3,1.3,1.1,2023-02-03,0849,Aqua,MODIS,86,61.03,299.3,39.1,D,0
12.2748,77.1845,310.2,1.1,1,2023-02-04,1648,Terra,MODIS,79,61.03,291.9,10,N,0
11.651,77.1321,317.3,1.1,1,2023-02-05,0502,Terra,MODIS,69,61.03,299.2,11.8,D,0
12.5337,77.4871,337.8,1.1,1.1,2023-02-05,0836,Aqua,MODIS,86,61.03,308.7,34.6,D,0
12.5323,77.4769,322.4,1.1,1.1,2023-02-05,0836,Aqua,MODIS,52,61.03,309.3,8.8,D,0
12.5124,77.3319,320.7,1.1,1.1,2023-02-05,0836,Aqua,MODIS,51,61.03,307,7.2,D,0
12.5109,77.3216,323.4,1.1,1.1,2023-02-05,0836,Aqua,MODIS,67,61.03,305.5,11.4,D,0
12.4957,76.6105,326,1.1,1,2023-02-05,0836,Aqua,MODIS,73,61.03,308.9,11,D,0
12.5048,76.6091,330.6,1.1,1,2023-02-05,0836,Aqua,MODIS,79,61.03,306.5,16.8,D,0
12.507,76.4918,326.8,1,1,2023-02-05,0836,Aqua,MODIS,65,61.03,310.9,11.7,D,0
10.5015,77.2477,322.6,1.1,1,2023-02-07,0822,Aqua,MODIS,71,61.03,305.6,10.6,D,0
12.7132,74.9838,324,1.2,1.1,2023-02-08,0527,Terra,MODIS,77,61.03,303.1,18,D,0
12.3377,75.1476,315.1,1.2,1.1,2023-02-08,0527,Terra,MODIS,63,61.03,302.6,7.5,D,0
12.336,75.1583,315.5,1.2,1.1,2023-02-08,0527,Terra,MODIS,63,61.03,302,7.9,D,0
12.2645,75.5939,319,2.8,1.6,2023-02-08,0905,Aqua,MODIS,67,61.03,299.9,51.7,D,0
12.2691,75.5838,317.6,2.8,1.6,2023-02-08,0905,Aqua,MODIS,64,61.03,299,46.2,D,0
10.2086,77.1163,313.3,1.8,1.3,2023-02-09,0809,Aqua,MODIS,57,61.03,298.6,21.9,D,0
12.3441,77.1446,331.1,1.6,1.3,2023-02-09,0809,Aqua,MODIS,77,61.03,305.8,39.6,D,0
12.3417,77.1298,328.7,1.6,1.3,2023-02-09,0809,Aqua,MODIS,80,61.03,305.7,32.5,D,0
12.6264,76.6157,318.8,1.8,1.3,2023-02-09,0809,Aqua,MODIS,64,61.03,304.6,14.2,D,0
12.7691,76.5793,324.9,1.8,1.3,2023-02-09,0810,Aqua,MODIS,74,61.03,305.7,26.7,D,0
10.1076,77.1222,302.4,1,1,2023-02-09,1657,Terra,MODIS,49,61.03,286.4,7.5,N,0
10.6005,77.332,322.5,1,1,2023-02-10,0511,Terra,MODIS,74,61.03,305.8,11.9,D,0
9.6531,76.8781,316,1,1,2023-02-10,0512,Terra,MODIS,62,61.03,298.8,9.9,D,0
12.245,75.2387,332.7,1.4,1.2,2023-02-10,0852,Aqua,MODIS,83,61.03,302.8,38.2,D,0
12.2433,75.2257,324.6,1.4,1.2,2023-02-10,0852,Aqua,MODIS,74,61.03,304.5,21.6,D,0
12.6175,75.7126,306,1.5,1.2,2023-02-10,2106,Aqua,MODIS,66,61.03,287.1,15,N,0
12.6145,75.7065,300.3,1.5,1.2,2023-02-10,2106,Aqua,MODIS,12,61.03,285.8,8.1,N,0
10.2329,77.2584,310.1,1.2,1.1,2023-02-12,0456,Terra,MODIS,32,61.03,292,9.2,D,0
10.0564,77.0722,320.2,1.1,1,2023-02-12,0838,Aqua,MODIS,65,61.03,300.6,13.2,D,0
10.2049,77.2674,350.7,1.1,1.1,2023-02-12,0838,Aqua,MODIS,95,61.03,296.7,70.8,D,0
10.2036,77.2584,326.6,1.1,1.1,2023-02-12,0838,Aqua,MODIS,76,61.03,300.1,24.2,D,0
10.2237,77.1589,315.8,1.1,1.1,2023-02-12,0838,Aqua,MODIS,44,61.03,300.4,9.4,D,0
11.1148,77.1966,332.6,1.1,1.1,2023-02-12,0838,Aqua,MODIS,79,61.03,317.5,15.3,D,0
11.5712,76.3272,329,1.1,1,2023-02-12,0838,Aqua,MODIS,78,61.03,306,21.6,D,0
11.756,76.7231,331.3,1.1,1,2023-02-12,0838,Aqua,MODIS,80,61.03,317.6,12,D,0
12.2536,77.2214,324.2,1.2,1.1,2023-02-12,0838,Aqua,MODIS,46,61.03,311.2,9.5,D,0
12.2397,76.4348,327.3,1.1,1,2023-02-12,0838,Aqua,MODIS,73,61.03,313.6,10.3,D,0
12.3975,77.238,348.5,1.2,1.1,2023-02-12,0838,Aqua,MODIS,93,61.03,312.8,57.2,D,0
12.3961,77.2275,323.6,1.2,1.1,2023-02-12,0838,Aqua,MODIS,55,61.03,311.8,8.3,D,0
12.6857,77.1902,343.2,1.2,1.1,2023-02-12,0838,Aqua,MODIS,89,61.03,314.5,43.4,D,0
12.6901,77.1937,332.7,1.2,1.1,2023-02-12,0838,Aqua,MODIS,79,61.03,313.4,25.1,D,0
12.6887,77.1831,331.1,1.2,1.1,2023-02-12,0838,Aqua,MODIS,77,61.03,313,22.9,D,0
12.6781,76.6725,324.7,1.1,1.1,2023-02-12,0838,Aqua,MODIS,68,61.03,313.1,8.2,D,0
12.5816,75.9752,325.5,1.1,1,2023-02-12,0838,Aqua,MODIS,71,61.03,313.5,9.5,D,0
9.5587,77.0183,319.8,1.2,1.1,2023-02-12,2054,Aqua,MODIS,99,61.03,291.2,25.6,N,0
9.557,77.0291,302.8,1.2,1.1,2023-02-12,2054,Aqua,MODIS,51,61.03,289.8,8.3,N,0
10.2044,77.1681,315.6,1,1,2023-02-14,0824,Aqua,MODIS,46,61.03,297.9,10.7,D,0
9.2585,77.4345,322.4,1,1,2023-02-14,0824,Aqua,MODIS,40,61.03,310.8,7.8,D,0
9.8591,76.821,318.3,1.1,1,2023-02-14,0824,Aqua,MODIS,54,61.03,306.3,8.3,D,0
10.1561,76.4042,319.1,1.1,1.1,2023-02-14,0824,Aqua,MODIS,62,61.03,304.6,7.5,D,0
10.1546,76.3941,322,1.1,1.1,2023-02-14,0824,Aqua,MODIS,74,61.03,307.9,11,D,0
10.1531,76.384,345.4,1.1,1.1,2023-02-14,0824,Aqua,MODIS,93,61.03,308,50.3,D,2
10.1516,76.3739,327.7,1.1,1.1,2023-02-14,0824,Aqua,MODIS,80,61.03,305.2,18.2,D,0
11.528,76.4558,320.6,1.1,1,2023-02-14,0825,Aqua,MODIS,68,61.03,305.8,10.9,D,0
11.7809,76.9143,328.1,1,1,2023-02-14,0825,Aqua,MODIS,76,61.03,315,9,D,0
11.9512,75.5985,325.7,1.2,1.1,2023-02-14,0825,Aqua,MODIS,72,61.03,305.1,18.4,D,0
12.2184,77.1936,324.7,1,1,2023-02-14,0825,Aqua,MODIS,54,61.03,310,9.8,D,0
12.2884,75.1975,322.2,1.2,1.1,2023-02-14,0825,Aqua,MODIS,67,61.03,302.7,13.7,D,0
12.2867,75.1863,317.1,1.2,1.1,2023-02-14,0825,Aqua,MODIS,35,61.03,303.1,6.9,D,0
12.7043,77.2981,324.6,1,1,2023-02-14,0825,Aqua,MODIS,61,61.03,313.2,7.9,D,0
12.5374,75.7507,323.2,1.1,1.1,2023-02-14,0825,Aqua,MODIS,68,61.03,304.9,16.7,D,0
12.5358,75.7396,335.4,1.1,1.1,2023-02-14,0825,Aqua,MODIS,84,61.03,308.2,35.4,D,0
12.5453,75.7385,326.9,1.1,1.1,2023-02-14,0825,Aqua,MODIS,73,61.03,306.3,21.4,D,0
12.674,76.2353,324.5,1.1,1,2023-02-14,0825,Aqua,MODIS,64,61.03,313.3,8.1,D,0
12.6832,76.2339,327.4,1.1,1,2023-02-14,0825,Aqua,MODIS,68,61.03,314.3,11.5,D,0
10.0638,77.4049,307.4,1.2,1.1,2023-02-14,1706,Terra,MODIS,69,61.03,289,11.3,N,0
10.0625,77.3947,315.5,1.2,1.1,2023-02-14,1706,Terra,MODIS,91,61.03,291.4,19,N,0
12.6997,77.1963,307,1.3,1.1,2023-02-14,1706,Terra,MODIS,70,61.03,293,10.9,N,0
12.5301,75.756,301.6,1.1,1,2023-02-14,1706,Terra,MODIS,43,61.03,289.7,5.7,N,0
12.5289,75.7468,305.9,1.1,1,2023-02-14,1706,Terra,MODIS,66,61.03,290.3,8.4,N,0
12.5339,75.744,308.5,1.2,1.1,2023-02-14,2039,Aqua,MODIS,75,61.03,290.4,12.2,N,0
10.0637,77.4037,312.4,1,1,2023-02-14,2040,Aqua,MODIS,85,61.03,289.1,12.7,N,0
12.4348,76.6991,325.8,1.2,1.1,2023-02-15,0520,Terra,MODIS,77,61.03,302.7,20.9,D,0
12.3928,76.9094,316.8,1.2,1.1,2023-02-15,0520,Terra,MODIS,61,61.03,304.3,9.3,D,0
12.3062,77.2106,317.3,1.2,1.1,2023-02-15,0520,Terra,MODIS,61,61.03,303.7,10.4,D,0
12.1444,77.3222,321.4,1.3,1.1,2023-02-15,0520,Terra,MODIS,71,61.03,308.8,11.2,D,0
12.1642,76.9383,323.1,1.2,1.1,2023-02-15,0520,Terra,MODIS,74,61.03,305.5,14.7,D,0
11.8913,76.7227,327.7,1.2,1.1,2023-02-15,0520,Terra,MODIS,80,61.03,309,17.5,D,0
11.3823,77.212,322.2,1.3,1.1,2023-02-15,0520,Terra,MODIS,67,61.03,307.2,11,D,0
11.3321,77.269,330.3,1.3,1.1,2023-02-15,0520,Terra,MODIS,82,61.03,307.6,24.3,D,0
11.3304,77.2805,330,1.3,1.1,2023-02-15,0520,Terra,MODIS,82,61.03,307.6,23.9,D,0
10.8411,77.0658,327,1.3,1.1,2023-02-15,0520,Terra,MODIS,77,61.03,309.5,18.5,D,0
10.8312,77.0642,320.7,1.3,1.1,2023-02-15,0520,Terra,MODIS,39,61.03,308.4,8.3,D,0
10.1554,76.3866,334.9,1.2,1.1,2023-02-15,0521,Terra,MODIS,86,61.03,309.1,35.3,D,2
10.157,76.376,319.4,1.2,1.1,2023-02-15,0521,Terra,MODIS,70,61.03,305.6,11.2,D,0
10.1999,77.1239,310.9,3.7,1.8,2023-02-15,0907,Aqua,MODIS,32,61.03,297.6,39.1,D,0
12.2129,77.1831,322.2,1.5,1.2,2023-02-16,0812,Aqua,MODIS,50,61.03,309.8,12.4,D,0
12.2106,77.1689,322.7,1.5,1.2,2023-02-16,0812,Aqua,MODIS,46,61.03,311.3,13.2,D,0
12.2255,77.0531,321.8,1.5,1.2,2023-02-16,0812,Aqua,MODIS,52,61.03,311,14.1,D,0
8.4979,77.3244,305.3,1.1,1,2023-02-16,1649,Terra,MODIS,64,61.03,293.8,6.7,N,0
9.6212,76.9998,311.7,1.1,1,2023-02-16,1649,Terra,MODIS,83,61.03,290.7,13.1,N,0
9.6198,76.9905,342.1,1.1,1,2023-02-16,1649,Terra,MODIS,100,61.03,291.6,54.2,N,0
12.2417,77.1994,305.2,1,1,2023-02-16,1650,Terra,MODIS,63,61.03,294,5.5,N,0
12.2404,77.1904,322.3,1,1,2023-02-16,1650,Terra,MODIS,100,61.03,293.8,19.7,N,0
12.6191,77.2585,302.5,1,1,2023-02-16,1650,Terra,MODIS,49,61.03,292.1,5,N,0
12.5189,75.7573,306.9,1.2,1.1,2023-02-16,1650,Terra,MODIS,70,61.03,290.7,9.7,N,0
12.7555,76.3874,313.4,1.1,1,2023-02-17,0504,Terra,MODIS,33,61.03,302.9,5.2,D,0
12.452,76.7832,318,1.1,1,2023-02-17,0504,Terra,MODIS,64,61.03,306.5,6.4,D,0
12.3624,77.2209,321.1,1,1,2023-02-17,0504,Terra,MODIS,69,61.03,308.2,8.7,D,0
12.5138,76.0678,318.7,1.1,1.1,2023-02-17,0504,Terra,MODIS,66,61.03,306.8,7.3,D,0
9.6149,77.0319,313.7,1,1,2023-02-17,0505,Terra,MODIS,50,61.03,301.1,6.6,D,0
9.7869,76.8695,322,1.9,1.3,2023-02-17,0853,Aqua,MODIS,62,61.03,306.8,24.7,D,0
12.2156,75.2853,319.6,1.6,1.2,2023-02-17,0854,Aqua,MODIS,51,61.03,305.2,12.7,D,0
12.4836,76.7566,316.9,2.9,1.6,2023-02-18,0758,Aqua,MODIS,40,61.03,305,25.9,D,0
12.4857,76.7491,318.5,2.9,1.6,2023-02-18,0758,Aqua,MODIS,46,61.03,304.4,31.8,D,0
12.7792,77.399,319.4,2.6,1.5,2023-02-18,0758,Aqua,MODIS,59,61.03,305.6,26.4,D,0
10.0779,77.4448,302.2,1.8,1.3,2023-02-18,1634,Terra,MODIS,5,61.03,289.1,10.7,N,0
10.2522,77.3058,324.7,1.8,1.3,2023-02-18,1634,Terra,MODIS,100,61.03,289.2,59.7,N,0
10.2507,77.3165,312.4,1.8,1.3,2023-02-18,1634,Terra,MODIS,85,61.03,288,32.3,N,0
10.2483,77.3021,312.1,1.8,1.3,2023-02-18,1634,Terra,MODIS,84,61.03,286.1,30.7,N,0
12.077,76.9579,319.8,1.8,1.3,2023-02-19,0448,Terra,MODIS,69,61.03,303.8,15.8,D,0
8.2399,77.3772,321.5,1.1,1.1,2023-02-19,0839,Aqua,MODIS,69,61.03,300,12.3,D,0
8.2385,77.3673,325.8,1.1,1.1,2023-02-19,0839,Aqua,MODIS,79,61.03,304.4,17.2,D,0
8.4809,77.2612,328.1,1.1,1.1,2023-02-19,0839,Aqua,MODIS,75,61.03,308.8,19,D,0
10.0222,76.7864,318.4,1.1,1.1,2023-02-19,0840,Aqua,MODIS,41,61.03,304,6.9,D,0
10.3061,77.0941,324.3,1.2,1.1,2023-02-19,0840,Aqua,MODIS,71,61.03,300,20.9,D,0
10.1326,77.3707,301.2,1.7,1.3,2023-02-19,1714,Terra,MODIS,12,61.03,287.5,12.5,N,0
10.3999,77.1304,307,1.7,1.3,2023-02-19,1715,Terra,MODIS,70,61.03,287.3,19.6,N,0
10.4024,77.1249,306.7,1.3,1.1,2023-02-19,2055,Aqua,MODIS,69,61.03,287,13.2,N,0
10.4007,77.1361,342.1,1.3,1.1,2023-02-19,2055,Aqua,MODIS,100,61.03,289.6,72.8,N,0
10.399,77.1466,332.2,1.3,1.1,2023-02-19,2055,Aqua,MODIS,100,61.03,288.3,49.3,N,0
10.136,77.3761,305.3,1.4,1.2,2023-02-19,2055,Aqua,MODIS,58,61.03,286.7,13.7,N,0
12.7252,76.5805,317.2,1.6,1.2,2023-02-20,0529,Terra,MODIS,59,61.03,295.5,16.8,D,0
12.7394,77.1239,328.2,1,1,2023-02-21,0827,Aqua,MODIS,58,61.03,312.1,11.1,D,0
12.7177,76.9125,321.1,1,1,2023-02-21,0827,Aqua,MODIS,39,61.03,307.1,6.6,D,0
12.1594,77.0634,321.8,1,1,2023-02-21,0827,Aqua,MODIS,47,61.03,308,6.3,D,0
12.5093,77.4471,326.6,1,1,2023-02-21,0827,Aqua,MODIS,67,61.03,312.1,9.9,D,0
12.3338,75.1555,320.1,1.2,1.1,2023-02-21,0827,Aqua,MODIS,47,61.03,304.6,8.5,D,0
12.3417,75.1436,321.9,1.2,1.1,2023-02-21,0827,Aqua,MODIS,57,61.03,305.8,10.4,D,0
12.7483,77.1225,325.4,1,1,2023-02-21,0827,Aqua,MODIS,33,61.03,312.1,7,D,0
12.7371,76.5823,310.4,1,1,2023-02-21,1659,Terra,MODIS,80,61.03,294.3,9.1,N,0
11.5075,76.8831,300.5,1,1,2023-02-21,1659,Terra,MODIS,24,61.03,287.4,5.7,N,0
10.0456,76.9072,302.2,1,1,2023-02-21,2042,Aqua,MODIS,48,61.03,290.1,5.3,N,0
12.5622,77.1295,319.9,1,1,2023-02-22,0513,Terra,MODIS,56,61.03,306.8,7.5,D,0
11.5238,76.4131,321.2,1,1,2023-02-22,0513,Terra,MODIS,72,61.03,301.1,13.1,D,0
12.5956,77.4579,319.6,1.1,1,2023-02-22,0513,Terra,MODIS,65,61.03,305.8,7.1,D,0
12.5532,77.1281,324.6,1,1,2023-02-22,0513,Terra,MODIS,74,61.03,307.5,13,D,0
9.4485,76.9012,315.3,1.1,1,2023-02-22,0514,Terra,MODIS,50,61.03,302.7,7.4,D,0
11.5181,76.3991,314.7,3.7,1.8,2023-02-22,0909,Aqua,MODIS,62,61.03,303,39.8,D,0
8.219,77.3684,317.1,1.6,1.2,2023-02-23,0812,Aqua,MODIS,59,61.03,306.1,10.2,D,0
10.8291,76.6123,326.9,1.6,1.3,2023-02-23,0813,Aqua,MODIS,69,61.03,309.4,27.5,D,0
10.8402,76.6106,328.6,1.6,1.3,2023-02-23,0813,Aqua,MODIS,72,61.03,309.1,32.7,D,0
11.4999,76.4124,317.5,1.6,1.3,2023-02-23,0813,Aqua,MODIS,52,61.03,306.2,14.8,D,0
12.2722,77.1897,328.8,1.4,1.2,2023-02-23,0814,Aqua,MODIS,76,61.03,313.7,23.1,D,0
12.0617,75.4735,319.1,1.9,1.3,2023-02-23,0814,Aqua,MODIS,52,61.03,307.6,17.3,D,0
12.4383,77.1808,322.8,1.4,1.2,2023-02-23,0814,Aqua,MODIS,58,61.03,309.1,13.2,D,0
8.4858,77.2941,307.5,1.3,1.1,2023-02-23,1642,Terra,MODIS,72,61.03,295.2,9.8,N,0
12.3061,77.2187,302.2,1.2,1.1,2023-02-23,1643,Terra,MODIS,47,61.03,292,5.6,N,0
12.7548,76.764,319.1,1.3,1.1,2023-02-24,0457,Terra,MODIS,63,61.03,305.1,11,D,0
12.2524,77.2285,318.1,1.2,1.1,2023-02-24,0457,Terra,MODIS,49,61.03,306.7,7.4,D,0
12.2554,76.9118,318,1.3,1.1,2023-02-24,0457,Terra,MODIS,46,61.03,306.4,7.8,D,0
12.0773,77.0914,322.6,1.2,1.1,2023-02-24,0457,Terra,MODIS,71,61.03,306,14.1,D,0
9.5412,77.0126,320.3,1.2,1.1,2023-02-24,0458,Terra,MODIS,66,61.03,305.3,12.1,D,0
10.855,76.0187,320.2,1.8,1.3,2023-02-24,0855,Aqua,MODIS,27,61.03,307.1,13.9,D,0
12.2818,77.2218,347.6,2.4,1.5,2023-02-24,0856,Aqua,MODIS,93,61.03,310.9,150.9,D,0
12.6361,76.4064,318.7,2.3,1.5,2023-02-25,0538,Terra,MODIS,67,61.03,304.4,26.3,D,0
12.6348,76.4207,314.8,2.3,1.5,2023-02-25,0538,Terra,MODIS,39,61.03,304.5,13.1,D,0
10.3226,77.0743,326,2.8,1.6,2023-02-25,0800,Aqua,MODIS,74,61.03,299,96.9,D,0
10.326,77.066,333.1,2.8,1.6,2023-02-25,0800,Aqua,MODIS,82,61.03,299.9,137.9,D,0
11.6875,76.2858,331.5,3,1.7,2023-02-25,0800,Aqua,MODIS,81,61.03,305.4,116.8,D,0
11.6879,76.2786,326.3,3,1.7,2023-02-25,0800,Aqua,MODIS,74,61.03,305.2,85.6,D,0
12.7095,77.2919,325.8,2.4,1.5,2023-02-25,0800,Aqua,MODIS,73,61.03,310.6,44.2,D,0
10.3368,77.0601,304.7,2.6,1.6,2023-02-25,1627,Terra,MODIS,61,61.03,284.3,32.4,N,0
12.3031,77.1788,308.9,2.3,1.5,2023-02-25,1627,Terra,MODIS,76,61.03,296.5,25.2,N,0
12.1641,76.9713,319.5,2.4,1.5,2023-02-26,0441,Terra,MODIS,66,61.03,304.2,31.6,D,0
12.1618,76.9557,315.9,2.5,1.5,2023-02-26,0441,Terra,MODIS,54,61.03,304.1,19.2,D,0
11.1762,76.6271,317.7,2.5,1.5,2023-02-26,0441,Terra,MODIS,58,61.03,302.5,35.9,D,0
10.3434,77.0289,340.9,2.3,1.5,2023-02-26,0441,Terra,MODIS,90,61.03,298.3,133.4,D,0
10.3405,77.0526,363.9,2.3,1.5,2023-02-26,0441,Terra,MODIS,100,61.03,303.7,305.8,D,0
10.342,77.0457,362.3,2.3,1.5,2023-02-26,0441,Terra,MODIS,100,61.03,303.1,287.9,D,0
10.3395,77.0652,320.3,2.3,1.5,2023-02-26,0441,Terra,MODIS,30,61.03,299,41.7,D,0
8.4587,77.2621,316.3,2,1.4,2023-02-26,0442,Terra,MODIS,46,61.03,304.2,16.3,D,0
8.4709,77.3577,312.8,2,1.4,2023-02-26,0442,Terra,MODIS,22,61.03,301.9,13.7,D,0
8.4614,77.2692,319.2,2,1.4,2023-02-26,0442,Terra,MODIS,58,61.03,304.4,21.6,D,0
8.3097,77.3857,334.7,1.2,1.1,2023-02-26,0841,Aqua,MODIS,66,61.03,312.3,26.8,D,0
8.318,77.374,325.4,1.2,1.1,2023-02-26,0841,Aqua,MODIS,27,61.03,308.9,12.3,D,0
8.3216,77.378,328,1.2,1.1,2023-02-26,0841,Aqua,MODIS,49,61.03,311.1,16.2,D,0
8.4799,77.3595,319.6,1.2,1.1,2023-02-26,0841,Aqua,MODIS,29,61.03,304.4,11.4,D,0
8.4914,77.2744,319.6,1.2,1.1,2023-02-26,0841,Aqua,MODIS,34,61.03,307.2,7.6,D,0
8.489,77.2819,324.1,1.2,1.1,2023-02-26,0841,Aqua,MODIS,53,61.03,307.6,11.2,D,0
8.3,77.3875,341.4,1.2,1.1,2023-02-26,0841,Aqua,MODIS,82,61.03,311.7,42.3,D,0
8.3114,77.3975,334.3,1.2,1.1,2023-02-26,0841,Aqua,MODIS,42,61.03,313,24.9,D,0
9.4643,76.929,334.6,1.2,1.1,2023-02-26,0842,Aqua,MODIS,81,61.03,312.2,29.9,D,0
9.4629,76.9188,322.2,1.2,1.1,2023-02-26,0842,Aqua,MODIS,28,61.03,311.2,10,D,0
9.5018,76.988,342.5,1.2,1.1,2023-02-26,0842,Aqua,MODIS,89,61.03,313,46.2,D,0
9.669,76.9389,321,1.2,1.1,2023-02-26,0842,Aqua,MODIS,43,61.03,308.8,9.1,D,0
9.6676,76.9282,331.5,1.2,1.1,2023-02-26,0842,Aqua,MODIS,77,61.03,310.3,24.3,D,0
9.7735,76.8106,321.5,1.2,1.1,2023-02-26,0842,Aqua,MODIS,51,61.03,310.8,9,D,0
9.924,76.8543,320.6,1.2,1.1,2023-02-26,0842,Aqua,MODIS,56,61.03,308.9,10.1,D,0
10.3114,77.0767,325.4,1.2,1.1,2023-02-26,0842,Aqua,MODIS,20,61.03,304.1,20.8,D,0
10.3227,77.0864,329.9,1.2,1.1,2023-02-26,0842,Aqua,MODIS,71,61.03,302.6,30.6,D,0
10.3212,77.0757,324.4,1.2,1.1,2023-02-26,0842,Aqua,MODIS,46,61.03,307.7,20.2,D,0
10.3392,77.0612,346.6,1.2,1.1,2023-02-26,0842,Aqua,MODIS,92,61.03,306.4,63.3,D,0
10.3377,77.05,356,1.2,1.1,2023-02-26,0842,Aqua,MODIS,97,61.03,313.1,90.5,D,0
10.3363,77.0394,355.8,1.2,1.1,2023-02-26,0842,Aqua,MODIS,97,61.03,312.2,91.3,D,0
10.3349,77.0294,345.4,1.2,1.1,2023-02-26,0842,Aqua,MODIS,91,61.03,305.2,62.1,D,0
10.5272,76.2824,323.8,1.1,1.1,2023-02-26,0842,Aqua,MODIS,40,61.03,312.1,8.5,D,0
10.5366,76.2811,324.5,1.1,1.1,2023-02-26,0842,Aqua,MODIS,50,61.03,313.4,9.1,D,0
11.0263,77.3969,328.6,1.3,1.1,2023-02-26,0842,Aqua,MODIS,67,61.03,316.6,13.2,D,0
11.1031,76.5302,321.8,1.2,1.1,2023-02-26,0842,Aqua,MODIS,24,61.03,307.4,15.2,D,0
11.2801,77.4646,336.4,1.3,1.1,2023-02-26,0842,Aqua,MODIS,83,61.03,319,25,D,0
11.1704,76.6336,324.6,1.2,1.1,2023-02-26,0842,Aqua,MODIS,47,61.03,310,14.9,D,0
12.0695,77.1157,326.2,1.3,1.1,2023-02-26,0842,Aqua,MODIS,52,61.03,313.5,13,D,0
12.068,77.104,345.6,1.3,1.1,2023-02-26,0842,Aqua,MODIS,91,61.03,314.9,56,D,0
12.078,77.1027,325.6,1.3,1.1,2023-02-26,0842,Aqua,MODIS,50,61.03,313.7,11.8,D,0
12.2888,77.2316,325.7,1.3,1.1,2023-02-26,0842,Aqua,MODIS,55,61.03,313.8,11.2,D,0
12.2612,76.7949,325.7,1.2,1.1,2023-02-26,0842,Aqua,MODIS,68,61.03,313.9,12,D,0
12.3473,76.6727,328.7,1.2,1.1,2023-02-26,0842,Aqua,MODIS,70,61.03,315,14.2,D,0
12.4666,77.268,331.2,1.3,1.1,2023-02-26,0842,Aqua,MODIS,71,61.03,310.7,21.6,D,0
12.3945,76.029,328.5,1.1,1.1,2023-02-26,0842,Aqua,MODIS,74,61.03,314.1,13.5,D,0
12.6037,76.365,340.7,1.2,1.1,2023-02-26,0842,Aqua,MODIS,87,61.03,315.7,38.5,D,0
12.6022,76.3541,326.9,1.2,1.1,2023-02-26,0842,Aqua,MODIS,71,61.03,312.9,12.2,D,0
12.6361,76.4603,332.7,1.2,1.1,2023-02-26,0842,Aqua,MODIS,80,61.03,314.5,22.4,D,0
12.6459,76.4589,336.8,1.2,1.1,2023-02-26,0842,Aqua,MODIS,84,61.03,314.6,28.5,D,0
12.7985,77.1598,327.2,1.3,1.1,2023-02-26,0842,Aqua,MODIS,71,61.03,311.7,15.2,D,0
10.3219,77.0914,314,1.3,1.1,2023-02-26,1707,Terra,MODIS,88,61.03,283.6,21.1,N,0
10.3204,77.0803,328.3,1.3,1.1,2023-02-26,1707,Terra,MODIS,100,61.03,284.2,41.3,N,0
10.3233,77.025,310.4,1.3,1.1,2023-02-26,1707,Terra,MODIS,80,61.03,287.9,15.3,N,0
10.333,77.0228,301,1.3,1.1,2023-02-26,1707,Terra,MODIS,36,61.03,286.7,7.4,N,0
10.3484,77.0636,303.4,1.3,1.1,2023-02-26,1707,Terra,MODIS,55,61.03,281.4,10.4,N,0
10.347,77.0526,329.3,1.3,1.1,2023-02-26,1707,Terra,MODIS,100,61.03,284,42,N,0
10.3455,77.0417,329.9,1.3,1.1,2023-02-26,1707,Terra,MODIS,100,61.03,284.8,41.4,N,0
10.3442,77.0314,315.5,1.3,1.1,2023-02-26,1707,Terra,MODIS,91,61.03,285.6,20.9,N,0
10.0496,77.2753,315.8,1.3,1.1,2023-02-26,1707,Terra,MODIS,92,61.03,292.1,19.9,N,0
8.4424,77.3168,309.1,1.2,1.1,2023-02-26,1707,Terra,MODIS,76,61.03,296.7,9.6,N,0
8.4915,77.31,307.2,1.2,1.1,2023-02-26,1707,Terra,MODIS,70,61.03,295.9,8.4,N,0
8.4899,77.2988,307.7,1.2,1.1,2023-02-26,1707,Terra,MODIS,72,61.03,296.6,8.3,N,0
8.4927,77.3039,313.3,1.2,1.1,2023-02-26,1707,Terra,MODIS,87,61.03,296.3,13.5,N,0
9.7059,76.9189,302,1.2,1.1,2023-02-26,1707,Terra,MODIS,46,61.03,291.3,6.4,N,0
10.0395,77.276,311.4,1.3,1.1,2023-02-26,1707,Terra,MODIS,74,61.03,291.3,14.9,N,0
10.0508,77.2813,307.9,1.3,1.1,2023-02-26,1707,Terra,MODIS,73,61.03,292.4,11.6,N,0
10.0492,77.2682,305.9,1.3,1.1,2023-02-26,1707,Terra,MODIS,66,61.03,290.6,10.1,N,0
10.859,76.606,313.2,1.2,1.1,2023-02-26,1708,Terra,MODIS,86,61.03,298.3,11.9,N,0
11.0599,76.5858,304.7,1.2,1.1,2023-02-26,1708,Terra,MODIS,61,61.03,292.4,7.1,N,0
11.1808,76.6332,303,1.2,1.1,2023-02-26,1708,Terra,MODIS,46,61.03,291.8,6.2,N,0
11.1903,76.6302,321.9,1.2,1.1,2023-02-26,1708,Terra,MODIS,100,61.03,290.4,26.6,N,0
11.5053,76.4538,309.1,1.2,1.1,2023-02-26,1708,Terra,MODIS,77,61.03,289.2,13.1,N,0
10.3507,77.0423,326.8,1.4,1.2,2023-02-26,2057,Aqua,MODIS,100,61.03,284.8,43.4,N,0
11.1954,76.6368,310.9,1.3,1.1,2023-02-26,2057,Aqua,MODIS,81,61.03,288.6,16.7,N,0
10.3525,77.0309,337.6,1.4,1.2,2023-02-26,2057,Aqua,MODIS,100,61.03,287.7,65.8,N,0
10.3488,77.054,309.4,1.4,1.2,2023-02-26,2057,Aqua,MODIS,77,61.03,280.5,18.7,N,0
10.3422,77.0292,316.9,1.4,1.2,2023-02-26,2057,Aqua,MODIS,94,61.03,286,25.9,N,0
10.3453,77.0249,326.9,1.4,1.2,2023-02-26,2057,Aqua,MODIS,100,61.03,287.9,42.7,N,0
10.3436,77.0357,324.7,1.4,1.2,2023-02-26,2057,Aqua,MODIS,100,61.03,285.1,39.1,N,0
10.3235,77.0961,316.2,1.4,1.2,2023-02-26,2057,Aqua,MODIS,93,61.03,281.2,28,N,0
10.2409,77.228,317.5,1.5,1.2,2023-02-27,0522,Terra,MODIS,67,61.03,293.3,24.3,D,0
12.2668,76.7979,318.3,1.3,1.1,2023-02-27,0522,Terra,MODIS,61,61.03,307.3,9.1,D,0
11.887,76.7292,321.8,1.3,1.1,2023-02-27,0522,Terra,MODIS,71,61.03,310.6,9.4,D,0
11.6045,75.9751,331.5,1.2,1.1,2023-02-27,0522,Terra,MODIS,83,61.03,301.1,34.3,D,0
11.5513,76.3185,312.5,1.2,1.1,2023-02-27,0522,Terra,MODIS,35,61.03,302.3,7.7,D,0
11.1949,76.6312,315.6,1.3,1.1,2023-02-27,0522,Terra,MODIS,45,61.03,299.1,15.7,D,0
10.86,76.6072,317.2,1.3,1.1,2023-02-27,0522,Terra,MODIS,50,61.03,305.5,11.1,D,0
10.3211,77.1004,338.1,1.4,1.2,2023-02-27,0522,Terra,MODIS,85,61.03,298.7,60.5,D,0
10.3127,77.0858,322.9,1.4,1.2,2023-02-27,0522,Terra,MODIS,58,61.03,301.6,26.9,D,0
10.3106,77.099,317.3,1.4,1.2,2023-02-27,0522,Terra,MODIS,51,61.03,298.2,19.5,D,0
10.2428,77.2158,336.2,1.5,1.2,2023-02-27,0522,Terra,MODIS,87,61.03,294.1,61.8,D,0
8.4911,77.3069,326.9,1.6,1.2,2023-02-27,0523,Terra,MODIS,79,61.03,305.2,32.6,D,0
8.4896,77.2999,319.2,1.6,1.2,2023-02-27,0523,Terra,MODIS,58,61.03,304.7,17,D,0
8.4875,77.314,319.7,1.6,1.2,2023-02-27,0523,Terra,MODIS,52,61.03,305.4,19.8,D,0
8.3324,77.4285,338.2,1.6,1.3,2023-02-27,0523,Terra,MODIS,88,61.03,305.3,66.1,D,0
8.3301,77.4431,315.8,1.6,1.3,2023-02-27,0523,Terra,MODIS,31,61.03,304,13.1,D,0
10.4118,77.1895,304,4.4,1.9,2023-02-27,2002,Aqua,MODIS,58,61.03,287.6,59.5,N,0
10.4127,77.1947,301.7,4.4,1.9,2023-02-27,2002,Aqua,MODIS,44,61.03,287.8,47.4,N,0
10.8525,76.612,325.1,1,1,2023-02-28,0828,Aqua,MODIS,62,61.03,303.7,11.5,D,0
10.8616,76.6109,324.1,1,1,2023-02-28,0828,Aqua,MODIS,55,61.03,302.7,11.9,D,0
10.6834,76.5273,326.9,1,1,2023-02-28,0828,Aqua,MODIS,71,61.03,307.4,11.7,D,0
11.5141,76.224,319.1,1,1,2023-02-28,0829,Aqua,MODIS,63,61.03,302.8,9.6,D,0
12.4143,77.4656,324.2,1,1,2023-02-28,0829,Aqua,MODIS,30,61.03,309.7,8.6,D,0
12.405,77.3372,324.8,1,1,2023-02-28,0829,Aqua,MODIS,48,61.03,309,7,D,0
12.2098,75.6309,321.1,1.1,1,2023-02-28,0829,Aqua,MODIS,60,61.03,306.1,13.8,D,0
12.6141,76.7497,326.4,1,1,2023-02-28,0829,Aqua,MODIS,71,61.03,308.5,9.3,D,0
12.5604,76.0718,333.8,1,1,2023-02-28,0829,Aqua,MODIS,82,61.03,306.5,20.4,D,0
11.519,76.4429,318.5,1,1,2023-02-28,0829,Aqua,MODIS,40,61.03,302.5,7.4,D,0
11.5127,76.2147,319.9,1,1,2023-02-28,0829,Aqua,MODIS,65,61.03,304.1,10.4,D,0
11.7253,75.9146,318.6,1.1,1,2023-02-28,0829,Aqua,MODIS,42,61.03,300.2,9.3,D,0
11.8884,76.8913,333.7,1,1,2023-02-28,0829,Aqua,MODIS,81,61.03,311.6,14.6,D,0
12.231,77.2184,327.6,1,1,2023-02-28,0829,Aqua,MODIS,72,61.03,305.4,11.9,D,0
12.2399,77.217,328.1,1,1,2023-02-28,0829,Aqua,MODIS,73,61.03,307.1,11.9,D,0
11.5216,76.2222,305.7,1.1,1,2023-02-28,1652,Terra,MODIS,62,61.03,293.1,6.3,N,0
10.8931,76.6602,306.1,1,1,2023-02-28,1652,Terra,MODIS,16,61.03,294.2,7,N,0
10.8209,76.5424,304.7,1.1,1,2023-02-28,1652,Terra,MODIS,52,61.03,294.2,3.9,N,0
12.6161,76.7596,319,1,1,2023-03-01,0506,Terra,MODIS,65,61.03,300.6,7,D,0
12.513,76.9701,316,1,1,2023-03-01,0506,Terra,MODIS,53,61.03,299,6.5,D,0
11.5085,76.4507,322.3,1,1,2023-03-01,0506,Terra,MODIS,73,61.03,299.9,14,D,0
10.8106,76.4314,317.8,1,1,2023-03-01,0506,Terra,MODIS,64,61.03,300.3,6.9,D,0
9.3312,76.3991,320.2,1,1,2023-03-01,0507,Terra,MODIS,68,61.03,300.2,9.6,D,0
12.2943,75.5821,318.6,1.7,1.3,2023-03-02,0815,Aqua,MODIS,49,61.03,300.6,23.4,D,0
12.7437,77.3585,322.2,1.3,1.1,2023-03-02,0815,Aqua,MODIS,62,61.03,310.6,8.9,D,0
12.56,76.0796,322.3,1.6,1.2,2023-03-02,0815,Aqua,MODIS,61,61.03,310,11.1,D,0
12.7097,77.2091,321.6,1.3,1.1,2023-03-02,0815,Aqua,MODIS,41,61.03,309.9,6.7,D,0
9.5019,76.9942,327.8,1.5,1.2,2023-03-02,0815,Aqua,MODIS,77,61.03,305.5,32.1,D,0
11.1117,77.4087,328,1.3,1.1,2023-03-02,0815,Aqua,MODIS,70,61.03,313.7,12,D,0
11.1098,77.3967,328.7,1.3,1.1,2023-03-02,0815,Aqua,MODIS,73,61.03,314,13.6,D,0
12.271,77.1531,328.1,1.3,1.1,2023-03-02,0815,Aqua,MODIS,75,61.03,310.1,19.3,D,0
12.7467,75.7347,318.6,1.6,1.3,2023-03-02,0816,Aqua,MODIS,49,61.03,302.6,19.9,D,0
10.8432,76.6532,309,1.8,1.3,2023-03-02,1635,Terra,MODIS,75,61.03,297.4,13.6,N,0
9.9926,76.3639,311.3,2,1.4,2023-03-02,1635,Terra,MODIS,82,61.03,295.4,22.7,N,0
10.3666,76.9874,302.6,1.7,1.3,2023-03-02,1635,Terra,MODIS,50,61.03,288.9,14.3,N,0
10.8457,76.669,310.7,1.8,1.3,2023-03-02,1635,Terra,MODIS,81,61.03,297,16.2,N,0
10.8428,76.6671,304.1,1.4,1.2,2023-03-02,2030,Aqua,MODIS,11,61.03,293.8,6.1,N,0
10.864,76.65,304.6,1.4,1.2,2023-03-02,2030,Aqua,MODIS,29,61.03,293,7.1,N,0
9.9934,76.364,323.8,1.7,1.3,2023-03-03,0450,Terra,MODIS,68,61.03,303.4,27.1,D,0
11.191,76.6694,322.1,1.7,1.3,2023-03-03,0450,Terra,MODIS,63,61.03,305.1,23.8,D,0
10.8624,76.6411,326.6,1.6,1.3,2023-03-03,0450,Terra,MODIS,55,61.03,304.9,30.7,D,0
10.8491,76.6555,319.8,1.6,1.3,2023-03-03,0450,Terra,MODIS,31,61.03,306.7,16.2,D,0
10.8473,76.6692,318.9,1.6,1.3,2023-03-03,0450,Terra,MODIS,0,61.03,306.8,12.5,D,0
11.0816,76.5012,323.4,2.1,1.4,2023-03-03,0857,Aqua,MODIS,63,61.03,304.7,41.2,D,0
11.1961,76.6787,323.4,2.2,1.4,2023-03-03,0857,Aqua,MODIS,41,61.03,307.1,36.1,D,0
11.3852,76.628,339,2.2,1.4,2023-03-03,0857,Aqua,MODIS,76,61.03,300.6,112.2,D,0
11.3827,76.608,330.7,2.2,1.4,2023-03-03,0857,Aqua,MODIS,60,61.03,298.7,73.3,D,0
11.3962,76.6216,323,2.2,1.4,2023-03-03,0857,Aqua,MODIS,51,61.03,299.7,46,D,0
10.8732,76.6046,353,2.2,1.4,2023-03-03,0857,Aqua,MODIS,96,61.03,311.2,173.1,D,0
10.8414,76.6563,333.1,2.2,1.4,2023-03-03,0857,Aqua,MODIS,0,61.03,312.5,60.8,D,0
10.8517,76.6355,334.9,2.2,1.4,2023-03-03,0857,Aqua,MODIS,71,61.03,313.5,66.5,D,0
10.8743,76.6094,342.7,2.2,1.4,2023-03-03,0857,Aqua,MODIS,89,61.03,309.5,109.5,D,0
10.8721,76.5926,353.6,2.2,1.4,2023-03-03,0857,Aqua,MODIS,96,61.03,314.1,178.3,D,0
10.8526,76.6488,327.8,2.2,1.4,2023-03-03,0857,Aqua,MODIS,0,61.03,309.5,38.6,D,0
10.8712,76.5881,338.7,2.2,1.4,2023-03-03,0857,Aqua,MODIS,86,61.03,313.2,89.7,D,0
12.0126,76.4409,326.6,2.2,1.4,2023-03-03,0858,Aqua,MODIS,72,61.03,313.7,24.8,D,0
12.0151,76.4528,325.4,2.2,1.4,2023-03-03,0858,Aqua,MODIS,52,61.03,313.1,20,D,0
12.1511,77.2629,327.4,2.5,1.5,2023-03-03,0858,Aqua,MODIS,74,61.03,312.3,43.8,D,0
12.2822,75.5882,317.6,1.9,1.3,2023-03-03,0858,Aqua,MODIS,37,61.03,306.1,20.4,D,0
12.3563,75.9369,318.5,2,1.4,2023-03-03,0858,Aqua,MODIS,38,61.03,305.6,18.9,D,0
12.3687,75.9357,319.4,2,1.4,2023-03-03,0858,Aqua,MODIS,42,61.03,306,19.8,D,0
10.4577,76.3917,311.7,1.6,1.3,2023-03-03,1716,Terra,MODIS,83,61.03,296.5,19.6,N,0
10.4559,76.3778,305.5,1.6,1.3,2023-03-03,1716,Terra,MODIS,65,61.03,295.5,11.1,N,0
10.8461,76.6515,309.9,1.7,1.3,2023-03-03,1716,Terra,MODIS,79,61.03,298.4,12.5,N,0
11.079,76.5041,304.4,1.7,1.3,2023-03-03,1716,Terra,MODIS,7,61.03,293.5,9.3,N,0
12.2936,77.2577,304.9,2,1.4,2023-03-03,1717,Terra,MODIS,62,61.03,292.9,16.7,N,0
12.2823,75.6115,303.6,1.5,1.2,2023-03-03,1717,Terra,MODIS,56,61.03,290.7,11.4,N,0
12.2806,75.5981,301.4,1.5,1.2,2023-03-03,1717,Terra,MODIS,40,61.03,290.6,8.6,N,0
11.5646,75.9687,329.7,2.1,1.4,2023-03-03,2112,Aqua,MODIS,100,61.03,291.4,85.2,N,0
11.5609,75.9899,319,2.1,1.4,2023-03-03,2112,Aqua,MODIS,98,61.03,290.1,52,N,0
11.5637,75.9617,311.3,2.1,1.4,2023-03-03,2112,Aqua,MODIS,82,61.03,291,30.9,N,0
11.5603,75.9823,330.6,2.1,1.4,2023-03-03,2112,Aqua,MODIS,100,61.03,291,88.6,N,0
10.5106,76.5927,311.7,1.9,1.3,2023-03-04,0531,Terra,MODIS,17,61.03,298.9,12.7,D,0
12.2825,75.6096,316.4,1.5,1.2,2023-03-04,0531,Terra,MODIS,58,61.03,303.8,16,D,0
10.8473,76.6394,323.7,1.9,1.3,2023-03-04,0531,Terra,MODIS,68,61.03,306.4,32.1,D,0
12.1186,75.9205,326,1.6,1.2,2023-03-04,0531,Terra,MODIS,77,61.03,303,35.8,D,0
11.0738,76.5318,316.7,1.8,1.3,2023-03-04,0531,Terra,MODIS,55,61.03,300.6,24.3,D,0
11.0768,76.5136,316.9,1.8,1.3,2023-03-04,0531,Terra,MODIS,56,61.03,299.7,25.6,D,0
11.3907,76.6285,316.9,1.9,1.3,2023-03-04,0531,Terra,MODIS,58,61.03,297.4,29.6,D,0
11.5665,75.9826,325.7,1.6,1.3,2023-03-04,0531,Terra,MODIS,77,61.03,300.4,41.4,D,0
11.5691,75.9663,314.9,1.6,1.3,2023-03-04,0531,Terra,MODIS,54,61.03,297.8,20.4,D,0
12.1163,75.9347,313.4,1.6,1.2,2023-03-04,0531,Terra,MODIS,41,61.03,302.2,12.3,D,0
10.5081,76.6079,313.3,1.9,1.3,2023-03-04,0531,Terra,MODIS,33,61.03,297.4,17.3,D,0
10.4988,76.5903,316.3,1.9,1.3,2023-03-04,0531,Terra,MODIS,59,61.03,299.1,23.2,D,0
10.4636,76.3902,335.4,1.8,1.3,2023-03-04,0531,Terra,MODIS,87,61.03,300,75.2,D,0
10.5028,76.6022,325.1,2.8,1.6,2023-03-04,0801,Aqua,MODIS,70,61.03,299.2,76.3,D,0
10.5055,76.5921,327.7,2.8,1.6,2023-03-04,0801,Aqua,MODIS,73,61.03,299.9,86.7,D,0
11.5624,76.6301,322.9,2.7,1.6,2023-03-04,0802,Aqua,MODIS,58,61.03,305.9,45.3,D,0
11.0693,76.5199,319.3,2.8,1.6,2023-03-04,0802,Aqua,MODIS,38,61.03,302.3,45.4,D,0
11.0731,76.5131,327.3,2.8,1.6,2023-03-04,0802,Aqua,MODIS,72,61.03,302.4,88.1,D,0
11.5664,76.654,325.5,2.7,1.6,2023-03-04,0802,Aqua,MODIS,74,61.03,304.6,53.6,D,0
11.5572,76.6511,319,2.7,1.6,2023-03-04,0802,Aqua,MODIS,21,61.03,305.7,27.2,D,0
11.5711,76.6485,324.3,2.7,1.6,2023-03-04,0802,Aqua,MODIS,72,61.03,304.5,50.6,D,0
11.5619,75.9884,315.7,3,1.7,2023-03-04,0802,Aqua,MODIS,32,61.03,301.1,41,D,0
12.2065,76.5125,324,2.7,1.6,2023-03-04,0802,Aqua,MODIS,70,61.03,308.9,34.7,D,0
12.233,75.2764,320.5,3.3,1.7,2023-03-04,0802,Aqua,MODIS,57,61.03,307.1,43.2,D,0
12.2444,75.2693,320.8,3.3,1.7,2023-03-04,0802,Aqua,MODIS,63,61.03,306.5,51.1,D,0
12.7062,76.6596,322.2,2.5,1.5,2023-03-04,0802,Aqua,MODIS,66,61.03,308.4,30.1,D,0
9.8938,76.7676,316.8,1.2,1.1,2023-03-05,0843,Aqua,MODIS,21,61.03,294.2,7.8,D,0
12.1217,76.9413,341.6,1.3,1.1,2023-03-05,0844,Aqua,MODIS,87,61.03,310.3,45,D,0
11.0878,76.5332,322.2,1.2,1.1,2023-03-05,0844,Aqua,MODIS,27,61.03,305.1,12.5,D,0
11.0781,76.5349,347.5,1.2,1.1,2023-03-05,0844,Aqua,MODIS,92,61.03,307.8,61.3,D,0
11.0795,76.5454,333.8,1.2,1.1,2023-03-05,0844,Aqua,MODIS,79,61.03,304.2,30,D,0
10.8602,76.5858,328.7,1.2,1.1,2023-03-05,0844,Aqua,MODIS,68,61.03,307.9,17.1,D,0
10.8397,76.6565,327.4,1.2,1.1,2023-03-05,0844,Aqua,MODIS,46,61.03,309.9,13.3,D,0
10.523,76.4295,332.5,1.2,1.1,2023-03-05,0844,Aqua,MODIS,74,61.03,304.1,27.7,D,0
12.5217,77.2682,324.1,1.4,1.2,2023-03-05,0844,Aqua,MODIS,39,61.03,309.8,9.5,D,0
12.12,76.9291,330.9,1.3,1.1,2023-03-05,0844,Aqua,MODIS,76,61.03,310.2,19.6,D,0
11.0892,76.5366,305.3,1,1,2023-03-05,1700,Terra,MODIS,27,61.03,293,5.6,N,0
9.5883,76.9401,302.4,1,1,2023-03-05,1700,Terra,MODIS,35,61.03,291.4,4.1,N,0
10.0896,76.7669,314.9,1,1,2023-03-05,1700,Terra,MODIS,90,61.03,293.5,11.4,N,0
10.4989,76.5937,305.9,1,1,2023-03-05,1700,Terra,MODIS,66,61.03,292.9,5.4,N,0
10.5132,76.4341,304.7,1,1,2023-03-05,1700,Terra,MODIS,19,61.03,293.9,3.7,N,0
10.8923,76.6434,306.1,1,1,2023-03-05,1700,Terra,MODIS,52,61.03,295.1,5.1,N,0
11.0802,76.538,304.6,1,1,2023-03-05,1700,Terra,MODIS,38,61.03,293.2,4.5,N,0
11.0764,76.5103,317.3,1,1,2023-03-05,1700,Terra,MODIS,95,61.03,292.7,14.3,N,0
11.0752,76.5011,314.7,1,1,2023-03-05,1700,Terra,MODIS,89,61.03,293,12.1,N,0
11.3175,76.7915,300.2,1,1,2023-03-05,1700,Terra,MODIS,21,61.03,286.2,5.3,N,0
12.2646,76.6475,307.6,1,1,2023-03-05,1701,Terra,MODIS,72,61.03,294.4,7.2,N,2
12.2659,76.6569,317.4,1,1,2023-03-05,1701,Terra,MODIS,95,61.03,295,15.4,N,0
11.0724,76.5077,315.6,1.3,1.1,2023-03-05,2059,Aqua,MODIS,91,61.03,291.7,19.3,N,0
11.0736,76.5019,305.9,1.3,1.1,2023-03-05,2059,Aqua,MODIS,66,61.03,291.2,9.2,N,0
11.0717,76.5144,308,1.3,1.1,2023-03-05,2059,Aqua,MODIS,73,61.03,292.3,11.1,N,0
12.5953,75.7096,328.1,1,1,2023-03-06,0514,Terra,MODIS,79,61.03,301.5,21.7,D,0
12.3403,76.9268,318.4,1.1,1,2023-03-06,0514,Terra,MODIS,52,61.03,307,4.6,D,0
11.0875,76.5419,324.1,1.1,1,2023-03-06,0515,Terra,MODIS,62,61.03,302.4,14.6,D,0
11.0784,76.541,322.1,1.1,1,2023-03-06,0515,Terra,MODIS,52,61.03,304.9,12.4,D,0
11.0675,76.4905,317.4,1,1,2023-03-06,0515,Terra,MODIS,16,61.03,299.5,9.2,D,0
11.066,76.5,344.3,1,1,2023-03-06,0515,Terra,MODIS,91,61.03,302.6,47.3,D,0
10.6563,76.6519,315.6,1.1,1,2023-03-06,0515,Terra,MODIS,43,61.03,304.3,5.8,D,0
10.5822,76.3436,320.2,1,1,2023-03-06,0515,Terra,MODIS,66,61.03,305.3,10.5,D,0
10.5807,76.3533,326.3,1,1,2023-03-06,0515,Terra,MODIS,78,61.03,306.3,17.1,D,0
10.4571,76.3767,317.4,1.1,1,2023-03-06,0515,Terra,MODIS,67,61.03,304.8,8,D,0
9.5671,76.9581,321,1.1,1.1,2023-03-06,0515,Terra,MODIS,69,61.03,302.6,13.7,D,0
9.4473,76.7622,318.3,1.1,1,2023-03-06,0515,Terra,MODIS,63,61.03,304.5,9.3,D,0
8.7072,76.898,318.6,1.1,1.1,2023-03-06,0515,Terra,MODIS,70,61.03,303.1,8.9,D,0
8.5116,77.2258,313.4,1.2,1.1,2023-03-06,0515,Terra,MODIS,50,61.03,300.8,6.7,D,0
9.4782,76.3553,325.4,1,1,2023-03-07,0830,Aqua,MODIS,55,61.03,306,12.2,D,0
8.8894,77.0537,320.9,1,1,2023-03-07,0830,Aqua,MODIS,53,61.03,303,9.1,D,0
10.095,77.4179,342.1,1,1,2023-03-07,0830,Aqua,MODIS,89,61.03,301.9,38.4,D,0
10.0937,77.409,337.6,1,1,2023-03-07,0830,Aqua,MODIS,83,61.03,301.7,30.8,D,0
10.1039,77.4166,318.2,1,1,2023-03-07,0830,Aqua,MODIS,48,61.03,298.4,10.5,D,0
10.0289,76.7744,321.8,1,1,2023-03-07,0830,Aqua,MODIS,57,61.03,307.2,8.3,D,0
10.2491,77.2085,323.5,1,1,2023-03-07,0830,Aqua,MODIS,48,61.03,302.9,14.9,D,0
10.3296,77.3891,317.3,1,1,2023-03-07,0830,Aqua,MODIS,28,61.03,302.3,7.8,D,0
10.4941,76.4254,323,1,1,2023-03-07,0830,Aqua,MODIS,37,61.03,300.8,11.1,D,0
10.5299,76.4195,319.3,1,1,2023-03-07,0830,Aqua,MODIS,21,61.03,293.8,7.8,D,0
12.6984,76.8214,327.6,1,1,2023-03-07,0831,Aqua,MODIS,70,61.03,313.2,8.2,D,0
12.7936,75.0341,320.9,1.1,1,2023-03-07,0831,Aqua,MODIS,47,61.03,308.4,9.3,D,0
12.7844,77.0403,330.9,1,1,2023-03-07,0831,Aqua,MODIS,74,61.03,314.6,12.5,D,0
10.0848,77.4101,305.7,1.2,1.1,2023-03-07,1644,Terra,MODIS,43,61.03,287.6,8.5,N,0
10.3366,77.3719,303.4,1.2,1.1,2023-03-07,1644,Terra,MODIS,50,61.03,290.5,7.4,N,0
10.0959,77.4193,308.5,1.2,1.1,2023-03-07,1644,Terra,MODIS,65,61.03,286,10.9,N,0
10.4924,76.4371,303.2,1.3,1.1,2023-03-07,1644,Terra,MODIS,44,61.03,286.3,6.6,N,0
10.0864,77.4204,307.3,1.2,1.1,2023-03-07,1644,Terra,MODIS,60,61.03,287,10.2,N,0
11.0679,76.5261,303.4,1,1,2023-03-07,2045,Aqua,MODIS,55,61.03,292.2,4.8,N,0
10.5383,76.4281,310.8,1,1,2023-03-07,2045,Aqua,MODIS,81,61.03,295.1,8.4,N,0
11.0693,76.5171,306.2,1,1,2023-03-07,2045,Aqua,MODIS,67,61.03,292.1,6.6,N,0
10.5397,76.4191,309,1,1,2023-03-07,2045,Aqua,MODIS,76,61.03,295.1,7,N,0
10.0932,77.4265,320,1,1,2023-03-07,2046,Aqua,MODIS,99,61.03,286.3,20.7,N,0
8.5269,77.2948,308.8,1,1,2023-03-07,2046,Aqua,MODIS,76,61.03,293.9,8.1,N,0
10.0856,77.4159,302.8,1,1,2023-03-07,2046,Aqua,MODIS,52,61.03,286.6,7.1,N,0
12.155,76.9305,321.5,1.2,1.1,2023-03-08,0458,Terra,MODIS,68,61.03,303.9,12.3,D,0
10.54,76.4203,318.8,1.2,1.1,2023-03-08,0459,Terra,MODIS,58,61.03,302.3,10.5,D,0
10.089,77.4267,323.9,1.1,1,2023-03-08,0459,Terra,MODIS,30,61.03,299,15.5,D,0
10.0812,77.4156,323.7,1.1,1,2023-03-08,0459,Terra,MODIS,31,61.03,299.4,14.9,D,0
10.0799,77.4251,361,1.1,1,2023-03-08,0459,Terra,MODIS,100,61.03,302.8,89.5,D,0
10.0785,77.4346,323.9,1.1,1,2023-03-08,0459,Terra,MODIS,43,61.03,299.2,14.4,D,0
9.8747,76.9895,318.7,1.1,1,2023-03-08,0459,Terra,MODIS,62,61.03,303,10.5,D,0
9.8654,76.9884,362.4,1.1,1,2023-03-08,0459,Terra,MODIS,100,61.03,302.9,99.2,D,0
9.864,76.9983,321.7,1.1,1,2023-03-08,0459,Terra,MODIS,69,61.03,301.7,14.2,D,0
9.7758,76.9748,315.7,4.4,1.9,2023-03-08,0912,Aqua,MODIS,0,61.03,299,62.1,D,0
9.7791,76.9665,313.1,4.4,1.9,2023-03-08,0912,Aqua,MODIS,0,61.03,298.7,44.8,D,0
12.6328,75.7079,319.4,3.9,1.8,2023-03-08,0913,Aqua,MODIS,71,61.03,301.5,75.1,D,0
10.4851,76.5791,329.9,1.5,1.2,2023-03-09,0816,Aqua,MODIS,78,61.03,302.8,36.7,D,0
9.3918,76.4507,327.1,1.6,1.2,2023-03-09,0816,Aqua,MODIS,71,61.03,300.7,31.6,D,0
10.4874,76.5934,317.5,1.5,1.2,2023-03-09,0816,Aqua,MODIS,10,61.03,300.1,13.6,D,0
12.1273,77.1751,326.1,1.3,1.1,2023-03-09,0817,Aqua,MODIS,77,61.03,304.6,19.3,D,0
11.1201,76.5153,338.5,1.4,1.2,2023-03-09,0817,Aqua,MODIS,87,61.03,290.6,64,D,0
11.1328,76.527,318.3,1.4,1.2,2023-03-09,0817,Aqua,MODIS,47,61.03,290,22.6,D,0
11.0373,76.4348,339.6,1.5,1.2,2023-03-09,0817,Aqua,MODIS,87,61.03,303.6,60.3,D,0
11.8951,76.9308,332.1,1.3,1.1,2023-03-09,0817,Aqua,MODIS,83,61.03,309.4,26,D,0
11.8933,76.919,328.7,1.3,1.1,2023-03-09,0817,Aqua,MODIS,80,61.03,309.8,17.7,D,0
11.8925,76.9258,332.4,1.3,1.1,2023-03-09,0817,Aqua,MODIS,83,61.03,309.7,25.7,D,0
12.3733,77.4997,325.6,1.2,1.1,2023-03-09,0817,Aqua,MODIS,77,61.03,307.5,13.4,D,0
8.3622,77.4508,312.2,2.4,1.5,2023-03-09,1627,Terra,MODIS,42,61.03,292.9,34.3,N,0
11.0829,76.543,301.5,2.5,1.5,2023-03-09,1628,Terra,MODIS,17,61.03,277.4,22.7,N,0
12.7713,75.6231,305.7,1.6,1.3,2023-03-09,2031,Aqua,MODIS,65,61.03,295.4,11.5,N,0
10.649,76.3808,303.8,1.3,1.2,2023-03-09,2032,Aqua,MODIS,40,61.03,293.3,7.2,N,0
10.6473,76.3928,305.8,1.3,1.1,2023-03-09,2032,Aqua,MODIS,45,61.03,292.8,9.3,N,0
8.4055,77.4538,307.2,1.1,1.1,2023-03-09,2032,Aqua,MODIS,63,61.03,294.6,7.7,N,0
8.381,77.4535,311.5,1.1,1,2023-03-09,2032,Aqua,MODIS,64,61.03,294.1,10.9,N,0
8.3687,77.4729,315.3,1.1,1,2023-03-09,2032,Aqua,MODIS,91,61.03,292.1,14.7,N,0
8.362,77.4673,316,1.8,1.3,2023-03-10,0443,Terra,MODIS,25,61.03,299.8,18.1,D,0
11.1208,76.5133,318.7,1.3,1.1,2023-03-10,1709,Terra,MODIS,97,61.03,291,23.5,N,0
10.5511,76.3681,309.2,1.2,1.1,2023-03-10,1709,Terra,MODIS,76,61.03,296,9.3,N,0
11.0205,76.5318,309.5,1.3,1.1,2023-03-10,1709,Terra,MODIS,77,61.03,295.9,9.2,N,0
11.0219,76.5368,312.3,1.3,1.1,2023-03-10,1709,Terra,MODIS,84,61.03,296.2,12.2,N,0
11.0318,76.5345,321.2,1.3,1.1,2023-03-10,1709,Terra,MODIS,100,61.03,295.3,24.2,N,0
11.0304,76.5237,306.7,1.3,1.1,2023-03-10,1709,Terra,MODIS,44,61.03,295.4,7,N,0
11.1223,76.5251,324.7,1.3,1.1,2023-03-10,1709,Terra,MODIS,100,61.03,292.4,32.4,N,0
11.2036,76.6035,304.6,1.3,1.1,2023-03-10,1709,Terra,MODIS,48,61.03,286.4,11.3,N,0
11.2021,76.5919,315,1.3,1.1,2023-03-10,1709,Terra,MODIS,90,61.03,287,22.2,N,0
11.4817,76.9396,303,1.4,1.2,2023-03-10,1709,Terra,MODIS,33,61.03,288,10,N,0
12.6585,77.3264,319.5,1.5,1.2,2023-03-11,0523,Terra,MODIS,64,61.03,306.1,13.6,D,0
12.2322,76.7908,319.2,1.4,1.2,2023-03-11,0523,Terra,MODIS,63,61.03,307.7,10.2,D,0
8.3639,77.3654,322.9,1.7,1.3,2023-03-11,0524,Terra,MODIS,66,61.03,301.2,28.9,D,0
8.3614,77.3708,322.3,1.7,1.3,2023-03-11,0524,Terra,MODIS,65,61.03,301.1,24.7,D,0
11.1144,76.5236,316,1.4,1.2,2023-03-11,0524,Terra,MODIS,46,61.03,298.4,16.1,D,0
11.1021,76.5275,335.6,2.6,1.6,2023-03-11,0803,Aqua,MODIS,84,61.03,299.3,123.2,D,0
11.0988,76.5079,321.1,2.7,1.6,2023-03-11,0803,Aqua,MODIS,53,61.03,297.2,54.3,D,0
11.1074,76.5223,325,2.6,1.6,2023-03-11,0803,Aqua,MODIS,71,61.03,298.3,71.1,D,0
12.1308,76.8764,330.6,2.4,1.5,2023-03-11,0803,Aqua,MODIS,79,61.03,310.7,54.7,D,0
11.0934,76.5233,328,2.6,1.6,2023-03-11,0803,Aqua,MODIS,76,61.03,300,81.7,D,0
10.379,77.1594,322,2.4,1.5,2023-03-11,0803,Aqua,MODIS,61,61.03,299.5,52,D,0
10.3885,77.1546,325.7,2.4,1.5,2023-03-11,0803,Aqua,MODIS,75,61.03,299.3,68.5,D,0
10.3917,77.1564,320.6,4.3,1.9,2023-03-12,0427,Terra,MODIS,72,61.03,298.6,107.1,D,0
10.3882,77.1865,314,4.2,1.9,2023-03-12,0427,Terra,MODIS,46,61.03,297.7,55.1,D,0
8.3554,77.3665,334.7,1.3,1.1,2023-03-12,0844,Aqua,MODIS,71,61.03,306.4,34.2,D,0
11.0372,76.4517,330.2,1.3,1.1,2023-03-12,0845,Aqua,MODIS,73,61.03,313.3,20.1,D,0
9.9425,77.1704,319.1,1.4,1.2,2023-03-12,0845,Aqua,MODIS,44,61.03,300.8,14.2,D,0
10.4861,76.3638,342.7,1.2,1.1,2023-03-12,0845,Aqua,MODIS,88,61.03,311,48.8,D,0
10.6111,76.3185,327.6,1.2,1.1,2023-03-12,0845,Aqua,MODIS,66,61.03,308.3,18.2,D,0
11.1392,76.5255,325.6,1.3,1.1,2023-03-12,0845,Aqua,MODIS,45,61.03,303.2,20.6,D,0
11.1491,76.5235,325.2,1.3,1.1,2023-03-12,0845,Aqua,MODIS,62,61.03,303.1,22.9,D,0
11.3672,76.6303,356.2,1.3,1.1,2023-03-12,0845,Aqua,MODIS,98,61.03,301,100.4,D,0
11.5027,76.6431,319.3,1.3,1.1,2023-03-12,0845,Aqua,MODIS,39,61.03,303.1,11.8,D,0
11.5009,76.6301,320.3,1.3,1.1,2023-03-12,0845,Aqua,MODIS,51,61.03,303,13.7,D,0
11.731,77.0552,323.1,1.4,1.2,2023-03-12,0845,Aqua,MODIS,45,61.03,307,11.7,D,0
12.2741,76.9194,329.4,1.4,1.2,2023-03-12,0846,Aqua,MODIS,69,61.03,315.4,16,D,0
12.2489,76.5143,327.2,1.3,1.1,2023-03-12,0846,Aqua,MODIS,66,61.03,313.3,7.6,D,0
8.357,77.3716,315.2,1,1,2023-03-12,1652,Terra,MODIS,89,61.03,296.6,9.9,N,0
9.204,76.974,307.2,1,1,2023-03-12,1652,Terra,MODIS,47,61.03,294.7,5.4,N,0
9.9403,76.9642,305.4,1,1,2023-03-12,1653,Terra,MODIS,64,61.03,293.4,5.1,N,0
9.9416,76.9731,305.8,1,1,2023-03-12,1653,Terra,MODIS,66,61.03,293.9,5.2,N,0
10.4011,77.166,301.9,1,1,2023-03-12,1653,Terra,MODIS,33,61.03,289.4,4.5,N,0
10.3998,77.1572,305,1,1,2023-03-12,1653,Terra,MODIS,61,61.03,288.3,6.6,N,0
10.4122,77.1675,303,1,1,2023-03-12,1653,Terra,MODIS,44,61.03,291.5,4.7,N,0
10.4899,76.3628,307.5,1,1,2023-03-12,1653,Terra,MODIS,65,61.03,295.7,5.9,N,0
11.0411,76.6065,303.2,1,1,2023-03-12,1653,Terra,MODIS,34,61.03,292.6,4.7,N,0
11.0468,76.4495,311.9,1,1,2023-03-12,1653,Terra,MODIS,83,61.03,298.2,8.7,N,0
11.4766,76.9831,323,1.5,1.2,2023-03-12,2100,Aqua,MODIS,100,61.03,290.1,36,N,0
11.4834,76.9783,309,1.5,1.2,2023-03-12,2100,Aqua,MODIS,76,61.03,291.2,17.2,N,0
11.4812,76.9921,314.9,1.5,1.2,2023-03-12,2100,Aqua,MODIS,90,61.03,292,24.1,N,0
9.8965,76.8915,305.3,1.5,1.2,2023-03-12,2101,Aqua,MODIS,64,61.03,294.8,10.2,N,0
8.358,77.3702,305.1,1.8,1.3,2023-03-12,2101,Aqua,MODIS,63,61.03,294.4,9.3,N,0
12.6194,77.3325,325.1,1,1,2023-03-13,0507,Terra,MODIS,71,61.03,307.7,10.2,D,0
12.7995,75.4932,321.6,1.1,1,2023-03-13,0507,Terra,MODIS,67,61.03,301.7,13.1,D,0
12.0501,76.745,324.5,1,1,2023-03-13,0507,Terra,MODIS,72,61.03,306.7,8.2,D,0
11.4804,76.9832,321.9,1,1,2023-03-13,0507,Terra,MODIS,59,61.03,300.3,13,D,0
11.5033,76.6382,316.9,1,1,2023-03-13,0507,Terra,MODIS,54,61.03,304.3,8.9,D,0
11.1389,77.1801,325,1,1,2023-03-13,0507,Terra,MODIS,71,61.03,308.8,7.4,D,0
11.1433,76.5147,327.3,1,1,2023-03-13,0507,Terra,MODIS,75,61.03,301,20.2,D,0
8.3604,77.38,321.9,1,1,2023-03-13,0508,Terra,MODIS,51,61.03,303.6,9.5,D,0
10.4833,76.3656,319.9,1,1,2023-03-13,0508,Terra,MODIS,69,61.03,302.9,9.9,D,0
10.1886,77.4926,312.5,1,1,2023-03-13,0508,Terra,MODIS,30,61.03,296.5,6.6,D,0
9.8899,76.8919,314.9,1,1,2023-03-13,0508,Terra,MODIS,29,61.03,300.1,6.6,D,0
9.7922,76.9903,324.2,1,1,2023-03-13,0508,Terra,MODIS,73,61.03,305.9,14.1,D,0
9.7833,76.989,328.3,1,1,2023-03-13,0508,Terra,MODIS,79,61.03,303.3,17.5,D,0
9.1511,77.3375,326.2,1,1,2023-03-13,0508,Terra,MODIS,77,61.03,298.7,16.8,D,0
9.1498,77.3466,334.1,1,1,2023-03-13,0508,Terra,MODIS,85,61.03,300.2,26.7,D,0
8.359,77.3891,319.4,1,1,2023-03-13,0508,Terra,MODIS,45,61.03,303.1,6.6,D,0
8.3514,77.3786,339.2,1,1,2023-03-13,0508,Terra,MODIS,88,61.03,304.9,32.1,D,0
8.35,77.3877,356.7,1,1,2023-03-13,0508,Terra,MODIS,98,61.03,305.6,69,D,0
8.3487,77.3969,325.6,1,1,2023-03-13,0508,Terra,MODIS,62,61.03,303.5,12.7,D,0
10.181,77.4766,317.7,4.3,1.9,2023-03-13,0749,Aqua,MODIS,59,61.03,291.6,90.5,D,0
10.1841,77.4741,314.9,4.3,1.9,2023-03-13,0749,Aqua,MODIS,44,61.03,290.8,70.9,D,0
9.6691,76.4954,320.8,1,1,2023-03-14,0831,Aqua,MODIS,43,61.03,305.6,7.8,D,0
8.345,77.4014,329.4,1,1,2023-03-14,0831,Aqua,MODIS,73,61.03,305.1,14.8,D,0
8.3487,77.3643,321.6,1,1,2023-03-14,0831,Aqua,MODIS,38,61.03,306,7.4,D,0
9.1817,76.9467,326.5,1,1,2023-03-14,0831,Aqua,MODIS,42,61.03,307.8,9.6,D,0
9.1903,76.9397,338,1,1,2023-03-14,0831,Aqua,MODIS,84,61.03,308,26.5,D,0
9.189,76.9307,327.9,1,1,2023-03-14,0831,Aqua,MODIS,36,61.03,306.4,12.2,D,0
9.8025,76.784,321.5,1,1,2023-03-14,0831,Aqua,MODIS,53,61.03,306.6,8.2,D,0
9.9582,76.39,321.6,1,1,2023-03-14,0831,Aqua,MODIS,57,61.03,303.9,6.9,D,2
10.181,77.4892,322.2,1,1,2023-03-14,0831,Aqua,MODIS,56,61.03,302,11.6,D,0
10.3075,77.4673,319.2,1,1,2023-03-14,0831,Aqua,MODIS,39,61.03,302.7,8.3,D,0
12.7947,75.4953,322.7,1,1,2023-03-14,0832,Aqua,MODIS,67,61.03,302.3,11.2,D,0
11.8563,76.8952,335.9,1,1,2023-03-14,0832,Aqua,MODIS,71,61.03,307.3,20.6,D,0
12.7822,75.5352,324.7,1,1,2023-03-14,0832,Aqua,MODIS,71,61.03,302.6,15,D,0
12.7933,75.4859,322.1,1,1,2023-03-14,0832,Aqua,MODIS,65,61.03,302.7,10.3,D,0
10.0721,77.3822,305.6,1.5,1.2,2023-03-14,1637,Terra,MODIS,62,61.03,291.3,10.9,N,0
10.0744,77.3843,302.2,1,1,2023-03-14,2047,Aqua,MODIS,48,61.03,290,5,N,0
10.0731,77.3932,305.8,1,1,2023-03-14,2047,Aqua,MODIS,66,61.03,288.9,7.6,N,0
10.0708,77.3904,325.3,1.3,1.1,2023-03-15,0452,Terra,MODIS,74,61.03,299.4,22.9,D,0
10.155,76.3966,315.9,2,1.4,2023-03-16,0532,Terra,MODIS,64,61.03,298.7,18,D,0
8.9829,77.114,324.6,1.4,1.2,2023-03-16,0817,Aqua,MODIS,63,61.03,303.1,18.7,D,0
9.6898,77.4081,307.6,1.1,1.1,2023-03-16,2033,Aqua,MODIS,72,61.03,284.6,9.9,N,0
8.647,76.8756,315.9,2.3,1.5,2023-03-17,0859,Aqua,MODIS,65,61.03,295.8,17.7,D,0
12.7556,74.8909,325.1,1.9,1.3,2023-03-17,0901,Aqua,MODIS,56,61.03,300.4,31.5,D,0
12.7566,74.8876,311.5,1,1,2023-03-17,1702,Terra,MODIS,83,61.03,296.3,8.5,N,0
12.7388,75.8449,318.6,1,1,2023-03-18,0516,Terra,MODIS,66,61.03,298.1,10.8,D,0
12.7374,75.854,321.5,1,1,2023-03-18,0516,Terra,MODIS,71,61.03,297.5,13.6,D,0
10.4806,76.3792,314.6,1.1,1,2023-03-18,0516,Terra,MODIS,47,61.03,296.9,6.9,D,0
10.8201,77.1739,305,1.1,1.1,2023-03-19,1645,Terra,MODIS,62,61.03,294.4,4.9,N,0
12.2702,75.5848,302.8,1.3,1.1,2023-03-19,1646,Terra,MODIS,51,61.03,288.2,8.7,N,0
12.621,75.2619,310.7,1.4,1.2,2023-03-19,1646,Terra,MODIS,81,61.03,292.5,14.3,N,0
11.3035,76.1765,317.3,1.2,1.1,2023-03-20,0500,Terra,MODIS,43,61.03,300.1,6.6,D,0
11.0703,77.473,323.3,1,1,2023-03-20,0500,Terra,MODIS,65,61.03,303.9,7.3,D,0
9.1084,76.8858,319.8,1.1,1,2023-03-20,0500,Terra,MODIS,60,61.03,295.9,10.8,D,0
11.3786,76.2521,323.4,1,1,2023-03-21,0833,Aqua,MODIS,70,61.03,303.1,9.4,D,0
10.5378,76.241,332.8,1,1,2023-03-21,0833,Aqua,MODIS,82,61.03,298,19.6,D,0
10.5365,76.2319,323.7,1,1,2023-03-21,0833,Aqua,MODIS,69,61.03,297.1,8.1,D,2
11.3116,76.2411,338.7,1,1,2023-03-21,0833,Aqua,MODIS,87,61.03,306.8,27.9,D,0
11.3074,76.1495,324.3,1,1,2023-03-21,0833,Aqua,MODIS,60,61.03,303.8,10.4,D,0
11.3954,76.3049,327.7,1,1,2023-03-21,0833,Aqua,MODIS,77,61.03,306.5,12.4,D,0
11.3941,76.2959,348.5,1,1,2023-03-21,0833,Aqua,MODIS,94,61.03,306.7,45.7,D,0
11.4738,76.2136,323.8,1,1,2023-03-21,0833,Aqua,MODIS,71,61.03,301.4,12.6,D,0
12.7062,77.3626,326.6,1,1,2023-03-21,0833,Aqua,MODIS,69,61.03,300.3,11,D,0
12.5478,75.7446,318.7,1.2,1.1,2023-03-23,0524,Terra,MODIS,45,61.03,303.5,12.6,D,0
12.5461,75.7555,316,1.2,1.1,2023-03-23,0524,Terra,MODIS,22,61.03,302.7,9.3,D,0
10.8835,77.0249,312,2.7,1.6,2023-03-24,0901,Aqua,MODIS,31,61.03,275.7,18.6,D,0
11.463,77.2702,315.7,1,1,2023-03-25,0508,Terra,MODIS,61,61.03,289.2,5.6,D,0
10.7337,76.8938,317.7,1,1,2023-03-25,0509,Terra,MODIS,54,61.03,294,6.4,D,0
9.52,76.4984,321.7,1,1,2023-03-25,0509,Terra,MODIS,59,61.03,300.5,9.7,D,0
9.4534,76.5097,320.4,1,1,2023-03-25,0509,Terra,MODIS,17,61.03,300.5,7.8,D,0
9.401,76.4229,313.2,1,1,2023-03-25,0509,Terra,MODIS,28,61.03,294.1,4,D,0
9.4532,76.4767,319.2,2.3,1.5,2023-03-28,0534,Terra,MODIS,57,61.03,298.1,27.5,D,0
9.4444,76.4837,328.4,1,1,2023-03-28,0833,Aqua,MODIS,78,61.03,304,14.4,D,0
9.4431,76.4747,323.7,1,1,2023-03-28,0833,Aqua,MODIS,64,61.03,302.9,8.5,D,0
9.4533,76.4823,332.6,1,1,2023-03-28,0833,Aqua,MODIS,82,61.03,304.1,19.8,D,0
9.452,76.4733,329.7,1,1,2023-03-28,0833,Aqua,MODIS,77,61.03,303.3,15.3,D,0
9.5483,76.4982,321.5,1,1,2023-03-28,0833,Aqua,MODIS,0,61.03,302.4,7.2,D,0
9.699,76.4542,325.7,1,1,2023-03-28,0833,Aqua,MODIS,63,61.03,302.6,11.1,D,0
11.3886,76.2863,382.9,1,1,2023-03-28,0834,Aqua,MODIS,100,61.03,313.3,151.9,D,0
11.3873,76.2773,337.8,1,1,2023-03-28,0834,Aqua,MODIS,86,61.03,309.2,26.2,D,0
11.8367,76.1322,325.3,1,1,2023-03-28,0834,Aqua,MODIS,55,61.03,307.7,9.7,D,0
12.5137,75.5653,319.5,1,1,2023-03-28,2048,Aqua,MODIS,99,61.03,288.9,17.7,N,0
12.5124,75.5745,302.9,1,1,2023-03-28,2048,Aqua,MODIS,52,61.03,288.6,5,N,0
12.4107,75.5813,305.2,1,1,2023-03-28,2048,Aqua,MODIS,63,61.03,288,6.8,N,0
12.5113,75.5613,316.4,1,1,2023-03-30,0517,Terra,MODIS,62,61.03,298.5,8.2,D,0
11.6805,76.3606,324.9,1.1,1,2023-03-30,0517,Terra,MODIS,77,61.03,299.6,17.4,D,0
9.6098,77.3844,325,1.2,1.1,2023-03-30,0820,Aqua,MODIS,53,61.03,303.3,21.1,D,0
9.6211,77.3935,330,1.2,1.1,2023-03-30,0820,Aqua,MODIS,70,61.03,305,26.8,D,0
9.6196,77.3833,333.3,1.2,1.1,2023-03-30,0820,Aqua,MODIS,72,61.03,303.5,35,D,0
12.2176,75.2532,321.2,1.5,1.2,2023-03-30,0820,Aqua,MODIS,59,61.03,300.6,12.9,D,0
11.776,75.8584,335.7,2.3,1.5,2023-03-31,0902,Aqua,MODIS,85,61.03,300.8,99.4,D,0
10.2735,77.3938,317.5,2.1,1.4,2023-04-01,0806,Aqua,MODIS,42,61.03,293.7,36.6,D,0
9.5004,76.4674,324.7,1.3,1.1,2023-04-02,0848,Aqua,MODIS,37,61.03,299.7,14.8,D,0
9.3438,76.4559,317.6,1,1,2023-04-04,0834,Aqua,MODIS,39,61.03,297,5.6,D,0
11.5114,76.193,317.7,1.4,1.2,2023-04-09,0849,Aqua,MODIS,41,61.03,299.5,8.5,D,0
12.5559,76.0686,331.2,1.1,1,2023-04-11,0517,Terra,MODIS,81,61.03,310.8,15.5,D,0
11.512,76.1289,317.7,1.1,1,2023-04-11,0518,Terra,MODIS,65,61.03,300.6,11.2,D,0
10.5913,76.3616,315.7,1.2,1.1,2023-04-11,0518,Terra,MODIS,35,61.03,300.7,7.1,D,0
12.5593,76.7577,330,1,1,2023-04-11,0835,Aqua,MODIS,40,61.03,315.1,8.2,D,0
10.3089,77.4743,316.3,1,1,2023-04-12,1647,Terra,MODIS,92,61.03,292.5,15.1,N,0
9.9479,77.2748,310.4,1.1,1,2023-04-12,1647,Terra,MODIS,77,61.03,296.7,8.6,N,0
10.3103,77.484,334.6,1,1,2023-04-12,1647,Terra,MODIS,100,61.03,292.3,37.4,N,0
10.3153,77.3916,305.2,1.1,1,2023-04-12,1647,Terra,MODIS,50,61.03,288.1,8.3,N,0
10.3243,77.3899,312.8,1.1,1,2023-04-12,1647,Terra,MODIS,84,61.03,289.4,12.8,N,0
12.0348,76.8386,330.5,1.1,1,2023-04-13,0501,Terra,MODIS,76,61.03,315.7,11.8,D,0
10.5163,77.344,324.9,1,1,2023-04-13,0502,Terra,MODIS,59,61.03,311.5,7.7,D,0
9.6459,76.4643,330.5,1.1,1,2023-04-13,0502,Terra,MODIS,57,61.03,306.5,18.6,D,0
9.4852,76.4292,328.7,1.1,1,2023-04-13,0502,Terra,MODIS,0,61.03,304,16.5,D,0
9.3359,77.4066,326.1,1,1,2023-04-13,0502,Terra,MODIS,68,61.03,307,11.6,D,0
9.3333,76.4589,318.1,1.1,1,2023-04-13,0502,Terra,MODIS,48,61.03,304.4,7.9,D,0
9.1079,76.8857,318.9,1.3,1.1,2023-04-13,0821,Aqua,MODIS,49,61.03,302.8,12.2,D,0
10.3208,77.3841,327.3,1.2,1.1,2023-04-13,0821,Aqua,MODIS,72,61.03,303.2,21.4,D,0
11.6916,76.2966,323.5,1.3,1.1,2023-04-13,0821,Aqua,MODIS,65,61.03,308.5,13.9,D,0
12.3043,75.573,317.9,1.4,1.2,2023-04-13,0822,Aqua,MODIS,25,61.03,306.1,12.9,D,0
10.3124,77.3657,305,3.5,1.8,2023-04-13,1728,Terra,MODIS,56,61.03,290,40.1,N,0
10.325,77.3806,306.5,1.1,1,2023-04-13,2036,Aqua,MODIS,52,61.03,289.5,8.6,N,0
10.3158,77.3796,313,1.1,1,2023-04-13,2036,Aqua,MODIS,85,61.03,289.2,14,N,0
9.7242,76.4462,316.9,1.7,1.3,2023-04-16,0526,Terra,MODIS,27,61.03,300.8,13.1,D,0
11.5888,77.2546,321.9,3.8,1.8,2023-04-16,1615,Terra,MODIS,100,61.03,293.8,124.6,N,0
11.5869,77.2831,305.3,3.8,1.8,2023-04-16,1615,Terra,MODIS,60,61.03,293.3,30.2,N,0
11.5806,77.2486,314,3.8,1.8,2023-04-16,1615,Terra,MODIS,88,61.03,293.9,72.5,N,0
11.5959,77.2421,304.2,3.8,1.8,2023-04-16,1615,Terra,MODIS,37,61.03,293.8,27.4,N,0
11.5932,77.2661,303.1,1.7,1.3,2023-04-16,2104,Aqua,MODIS,53,61.03,292,9,N,0
11.5903,77.2836,306.8,1.7,1.3,2023-04-16,2104,Aqua,MODIS,69,61.03,292.5,13.6,N,0
11.2028,76.6784,306.5,1,1,2023-04-17,1655,Terra,MODIS,59,61.03,293.6,6.3,N,0
11.5873,77.2541,327.8,1,1,2023-04-17,1655,Terra,MODIS,100,61.03,295.3,24.6,N,0
11.5861,77.2453,325.3,1,1,2023-04-17,1655,Terra,MODIS,100,61.03,297.2,21.3,N,0
11.5849,77.2365,312.5,1,1,2023-04-17,1655,Terra,MODIS,84,61.03,297.5,8.6,N,0
11.5002,76.6559,320.2,1,1,2023-04-18,0510,Terra,MODIS,56,61.03,303.1,10.5,D,0
11.4913,76.6546,317,1,1,2023-04-18,0510,Terra,MODIS,24,61.03,303.9,7.2,D,0
11.2073,76.3224,319.9,1,1,2023-04-18,0510,Terra,MODIS,45,61.03,303.5,7.7,D,0
9.498,76.4651,322.4,1,1,2023-04-18,0510,Terra,MODIS,34,61.03,306.5,10.2,D,0
10.2402,77.2066,326.4,1,1,2023-04-18,0835,Aqua,MODIS,65,61.03,303,16.7,D,0
10.2389,77.1977,322.4,1,1,2023-04-18,0835,Aqua,MODIS,47,61.03,301.4,10.9,D,0
10.7753,76.7612,334.4,1,1,2023-04-18,0835,Aqua,MODIS,72,61.03,311.5,13.4,D,0
10.774,76.7521,331.6,1,1,2023-04-18,0835,Aqua,MODIS,65,61.03,312.3,9.6,D,0
10.7905,75.9695,350.3,1,1,2023-04-18,0835,Aqua,MODIS,93,61.03,307,49.2,D,0
11.4511,76.2695,322.6,1,1,2023-04-18,0836,Aqua,MODIS,62,61.03,304.4,10.3,D,0
11.4108,75.9899,319.6,1,1,2023-04-18,0836,Aqua,MODIS,43,61.03,300.5,6.8,D,0
12.1522,75.2556,328.1,1,1,2023-04-18,0836,Aqua,MODIS,69,61.03,307.6,11.9,D,0
10.2435,77.2101,305.4,1.1,1,2023-04-18,2051,Aqua,MODIS,64,61.03,291.1,8.2,N,0
11.385,77.3791,328.3,1.2,1.1,2023-04-20,0453,Terra,MODIS,73,61.03,307.1,9.5,D,0
10.8845,77.0016,324.6,1.3,1.1,2023-04-20,0453,Terra,MODIS,58,61.03,303.9,8.9,D,0
11.2173,76.4901,323.4,2.3,1.5,2023-04-21,0534,Terra,MODIS,70,61.03,296.3,61.1,D,0
10.5461,76.5505,311.1,1.1,1.1,2023-04-22,1703,Terra,MODIS,80,61.03,295.3,9.1,N,0
10.5585,76.2121,325.7,1.3,1.1,2023-04-23,0850,Aqua,MODIS,69,61.03,301,13.1,D,0
12.3106,76.9215,333.1,1.6,1.2,2023-04-23,0850,Aqua,MODIS,75,61.03,308.5,27,D,0
10.65,77.4464,332.3,1,1,2023-04-25,0502,Terra,MODIS,82,61.03,300.2,19.3,D,0
10.1534,76.3913,315.6,1,1,2023-04-30,0510,Terra,MODIS,65,61.03,294,6.8,D,2
12.7971,75.3024,316.3,1,1,2023-05-09,0836,Aqua,MODIS,61,61.03,295.4,6,D,0
12.1263,77.1968,339.4,1.2,1.1,2023-05-11,0822,Aqua,MODIS,89,61.03,298.6,40.7,D,0
11.5636,76.8143,323.6,1.2,1.1,2023-05-11,0822,Aqua,MODIS,61,61.03,294.1,19.5,D,0
11.2984,76.1786,325.4,1,1,2023-05-16,0836,Aqua,MODIS,73,61.03,304.2,13.4,D,0
12.6994,77.1136,317.3,1.3,1.1,2023-05-17,0518,Terra,MODIS,52,61.03,301.3,9.1,D,0
12.7596,76.2053,322.7,1.1,1.1,2023-05-17,0518,Terra,MODIS,63,61.03,306.8,7.1,D,0
12.393,76.1857,325.2,1.1,1.1,2023-05-17,0518,Terra,MODIS,75,61.03,306.8,10,D,0
12.1222,77.2035,326.9,1.2,1.1,2023-05-18,0822,Aqua,MODIS,61,61.03,304.5,15.2,D,0
9.9327,77.4019,322.5,1.1,1.1,2023-05-26,0454,Terra,MODIS,65,61.03,302.5,9.5,D,0
9.9313,77.412,320.6,1.1,1.1,2023-05-26,0454,Terra,MODIS,57,61.03,302.9,7.5,D,0
12.7816,77.4185,319,1.3,1.1,2023-05-29,0517,Terra,MODIS,41,61.03,299.5,11.7,D,2
12.3904,76.1682,320.1,1.1,1.1,2023-05-29,0517,Terra,MODIS,59,61.03,299.5,7.9,D,0
9.6892,76.4543,314.2,1.3,1.1,2023-05-29,0518,Terra,MODIS,51,61.03,291.7,9.3,D,0
12.7847,77.4249,310.6,1,1,2023-05-31,0501,Terra,MODIS,27,61.03,287.7,4.5,D,0
9.6705,76.4432,314.1,1,1,2023-05-31,0502,Terra,MODIS,56,61.03,290.4,7,D,0
10.4074,77.1076,330,1,1,2023-06-06,0834,Aqua,MODIS,78,61.03,299.7,22,D,0
8.7658,77.3117,333.9,1.1,1,2023-06-07,0453,Terra,MODIS,81,61.03,295.3,29.3,D,0
9.2803,77.4969,305.2,1.3,1.1,2023-06-09,1702,Terra,MODIS,63,61.03,280.3,8.2,N,0
9.8602,77.2336,326.2,1.5,1.2,2023-06-22,0819,Aqua,MODIS,61,61.03,296.7,28,D,0
12.2166,77.1166,316.2,1,1,2023-06-29,0508,Terra,MODIS,54,61.03,292,7.6,D,0
12.7936,76.5747,310,1.1,1,2023-07-18,0830,Aqua,MODIS,0,61.03,288.7,4.8,D,0
10.3544,77.1693,304.9,1.6,1.2,2023-07-20,2030,Aqua,MODIS,36,61.03,292.6,12.6,N,0
10.5676,77.3398,303.8,1,1,2023-07-29,1643,Terra,MODIS,29,61.03,289.2,6.2,N,0
11.8458,76.8334,308.6,1,1,2023-07-30,0841,Aqua,MODIS,50,61.03,286.1,3.4,D,0
9.6987,77.4286,304.3,2.4,1.5,2023-08-06,1715,Terra,MODIS,29,61.03,291.9,17.6,N,0
9.6939,77.4343,303.9,1.1,1,2023-08-06,2055,Aqua,MODIS,55,61.03,293.3,4.7,N,0
9.6823,77.4166,333.9,1.2,1.1,2023-08-08,0825,Aqua,MODIS,84,61.03,291.2,36.7,D,0
9.6808,77.4068,329.2,1.2,1.1,2023-08-08,0825,Aqua,MODIS,74,61.03,289.9,30.1,D,0
9.6835,77.4115,334.6,1.2,1.1,2023-08-08,0825,Aqua,MODIS,85,61.03,291.4,39.3,D,0
9.1396,77.3279,313.7,1.2,1.1,2023-08-08,1658,Terra,MODIS,88,61.03,288.9,13.2,N,0
9.1382,77.3178,304.6,1.2,1.1,2023-08-08,1658,Terra,MODIS,61,61.03,288.6,5.3,N,0
9.149,77.3259,304.5,1.2,1.1,2023-08-08,1658,Terra,MODIS,60,61.03,288.3,5.1,N,0
9.9377,77.4367,320,1.2,1.1,2023-08-18,0448,Terra,MODIS,27,61.03,299.7,9.2,D,0
11.6494,75.9508,310.8,1.1,1,2023-08-21,0512,Terra,MODIS,26,61.03,294.1,6,D,0
9.2554,77.3128,316.4,1.1,1,2023-08-22,1641,Terra,MODIS,92,61.03,288.8,15.7,N,0
9.254,77.3033,307.5,1.1,1,2023-08-22,1641,Terra,MODIS,28,61.03,287.8,8.2,N,0
9.8034,77.4004,328.1,1.1,1,2023-08-28,0504,Terra,MODIS,79,61.03,300.9,16.3,D,0
9.0358,77.4697,344.4,1.1,1,2023-08-28,0504,Terra,MODIS,91,61.03,312.1,36.3,D,0
11.7932,77.0119,315.4,1.1,1,2023-09-10,0831,Aqua,MODIS,71,61.03,285.2,11.9,D,0
12.4086,76.978,316.3,1,1,2023-10-03,0459,Terra,MODIS,62,61.03,299.1,6.7,D,0
10.1522,76.3943,316.1,1.1,1,2023-10-06,0836,Aqua,MODIS,64,61.03,299,6.9,D,2
12.6806,77.4427,316.8,1.1,1.1,2023-10-08,0506,Terra,MODIS,17,61.03,298.6,7.2,D,0
12.7848,77.424,316.7,1.5,1.2,2023-10-13,0514,Terra,MODIS,49,61.03,302.1,12.5,D,0
12.78,77.4175,315.6,1.5,1.2,2023-10-13,0514,Terra,MODIS,0,61.03,301.7,11.5,D,2
12.1447,77.3238,319.2,1.1,1,2023-10-20,0505,Terra,MODIS,71,61.03,304,8.1,D,0
10.8999,77.2594,318.2,1.1,1.1,2023-10-20,0505,Terra,MODIS,62,61.03,300.4,9.2,D,0
10.7705,77.3155,321.8,1.1,1.1,2023-10-20,0505,Terra,MODIS,74,61.03,299.3,12.7,D,0
10.769,77.3256,320.1,1.1,1.1,2023-10-20,0505,Terra,MODIS,71,61.03,299.1,10.6,D,0
10.7734,77.2338,318.2,1.1,1.1,2023-10-20,0505,Terra,MODIS,69,61.03,298.1,10.1,D,0
10.4997,77.4008,320.4,1.1,1.1,2023-10-20,0505,Terra,MODIS,72,61.03,300.7,9.5,D,0
10.3342,77.1563,311,1.2,1.1,2023-10-20,0830,Aqua,MODIS,40,61.03,296.3,7.9,D,0
10.7981,77.0487,319.2,1.2,1.1,2023-10-20,0831,Aqua,MODIS,62,61.03,301.1,8,D,0
10.787,76.7196,315,1.2,1.1,2023-10-20,0831,Aqua,MODIS,29,61.03,299.9,7.5,D,0
11.8853,76.727,330.2,1.2,1.1,2023-10-20,0831,Aqua,MODIS,82,61.03,304.7,22.1,D,0
11.8837,76.7163,334.9,1.2,1.1,2023-10-20,0831,Aqua,MODIS,86,61.03,305.1,29.9,D,0
12.1412,76.8454,324.2,1.2,1.1,2023-10-22,0448,Terra,MODIS,72,61.03,300.9,16.8,D,0
12.5337,76.3819,311.3,1.1,1,2023-10-27,0455,Terra,MODIS,31,61.03,296.7,5.1,D,0
10.482,77.4831,319.4,1.3,1.1,2023-10-27,0827,Aqua,MODIS,44,61.03,298.8,11.2,D,0
10.7442,77.2598,321.9,1.3,1.1,2023-10-27,0827,Aqua,MODIS,50,61.03,299.7,12.4,D,0
12.139,77.3176,313.5,1.2,1.1,2023-10-27,0828,Aqua,MODIS,33,61.03,293.1,6.8,D,0
9.9703,76.3936,302.8,1.3,1.1,2023-10-27,2042,Aqua,MODIS,51,61.03,288.6,6,N,2
12.4026,77.3713,310.8,1.4,1.2,2023-11-03,0824,Aqua,MODIS,45,61.03,286.7,7.8,D,0
12.2834,76.9557,317.1,1,1,2023-11-08,0836,Aqua,MODIS,60,61.03,294.8,9.3,D,0
12.7162,74.9824,317.4,1.2,1.1,2023-11-11,0516,Terra,MODIS,72,61.03,299.1,12.5,D,0
12.7065,74.981,313.2,1.2,1.1,2023-11-11,0516,Terra,MODIS,49,61.03,297.7,7.4,D,0
12.1551,76.8059,303.9,1.1,1.1,2023-11-17,1653,Terra,MODIS,58,61.03,291.3,6.1,N,0
12.1324,77.0905,312.6,1,1,2023-11-27,0839,Aqua,MODIS,56,61.03,296.3,4.9,D,0
12.2519,76.7373,314.8,1,1,2023-12-09,0846,Aqua,MODIS,60,61.03,295.5,6.6,D,0
11.8938,77.0277,316.9,1.1,1,2023-12-23,0837,Aqua,MODIS,66,61.03,304.4,6.6,D,0
12.1226,77.0226,316.6,1.1,1,2023-12-23,0837,Aqua,MODIS,62,61.03,302,7.7,D,0
12.2949,77.3672,315.8,1,1,2023-12-23,0837,Aqua,MODIS,58,61.03,304.2,6.8,D,0
12.2786,76.9758,312.7,1,1,2023-12-24,0457,Terra,MODIS,59,61.03,300.7,5.2,D,0
12.5209,76.9659,307.8,1,1,2023-12-24,0457,Terra,MODIS,41,61.03,296,3.9,D,0
12.1445,76.8301,318.7,1,1,2023-12-24,0457,Terra,MODIS,65,61.03,301.1,9.6,D,0
12.1089,76.6266,315.4,1,1,2023-12-24,0457,Terra,MODIS,69,61.03,299.2,8.3,D,0
12.203,75.7211,306.8,1,1,2023-12-24,0457,Terra,MODIS,26,61.03,294.1,5.4,D,0
11.8701,77.021,320.1,1.7,1.3,2023-12-26,0903,Aqua,MODIS,71,61.03,305.8,15.8,D,0
11.8699,77.0141,318.4,1.7,1.3,2023-12-26,0903,Aqua,MODIS,68,61.03,305.9,12.9,D,0
12.711,76.6188,314.9,1.6,1.2,2023-12-26,0903,Aqua,MODIS,56,61.03,303.9,9,D,0
12.6548,77.1212,312.1,3.6,1.8,2023-12-27,0807,Aqua,MODIS,56,61.03,301,27.9,D,0
12.739,76.5821,320.5,1,1,2023-12-28,0848,Aqua,MODIS,72,61.03,303,9,D,0
12.3144,77.2213,302.1,1.5,1.2,2024-01-02,1657,Terra,MODIS,47,61.03,290.6,6.9,N,0
10.1532,76.3952,314.3,1.4,1.2,2024-01-03,0511,Terra,MODIS,67,61.03,296,10.5,D,2
12.4021,77.1102,318.8,1.1,1,2024-01-11,0838,Aqua,MODIS,67,61.03,300.7,9.5,D,0
12.5709,77.1269,322.7,1.1,1,2024-01-11,0838,Aqua,MODIS,74,61.03,300.3,11.5,D,0
12.5302,76.7403,318.6,1.1,1,2024-01-11,0838,Aqua,MODIS,52,61.03,302.9,7.4,D,0
12.6594,76.6131,322,1.1,1,2024-01-11,0838,Aqua,MODIS,75,61.03,302.9,11.2,D,0
12.6578,76.603,320.2,1.1,1,2024-01-11,0838,Aqua,MODIS,72,61.03,303.4,9.1,D,0
11.7864,76.7884,316.3,3.2,1.7,2024-01-12,0919,Aqua,MODIS,67,61.03,298.6,27.7,D,0
12.731,76.5835,314.5,3.2,1.7,2024-01-12,0919,Aqua,MODIS,52,61.03,299.9,26,D,0
12.731,76.5759,316.4,3.2,1.7,2024-01-12,0919,Aqua,MODIS,65,61.03,300.1,34.7,D,0
8.6067,77.2085,313.7,1.5,1.2,2024-01-14,0903,Aqua,MODIS,53,61.03,302.1,12.2,D,0
12.7204,76.5857,317.9,1.6,1.2,2024-01-14,0904,Aqua,MODIS,55,61.03,305.6,8.9,D,0
12.1161,76.7774,308.4,1.2,1.1,2024-01-14,1653,Terra,MODIS,74,61.03,290.5,11.5,N,0
12.115,76.784,305,1.2,1.1,2024-01-14,1653,Terra,MODIS,62,61.03,290.6,8.4,N,0
12.1136,76.7728,300.9,1.2,1.1,2024-01-14,1653,Terra,MODIS,27,61.03,290.5,5.4,N,0
11.7211,76.8534,322.2,1,1,2024-01-16,0848,Aqua,MODIS,32,61.03,307.2,8.5,D,0
12.6322,76.5903,322.9,1,1,2024-01-16,0848,Aqua,MODIS,73,61.03,305.3,9.9,D,0
12.6995,76.6667,318.5,1,1,2024-01-16,0848,Aqua,MODIS,65,61.03,303,6.9,D,0
12.6982,76.6575,313.8,1,1,2024-01-16,0848,Aqua,MODIS,41,61.03,300.9,3.1,D,0
12.7453,77.1419,327.1,1.2,1.1,2024-01-18,0833,Aqua,MODIS,78,61.03,303.4,21.8,D,0
12.2953,77.2421,328.1,2.7,1.6,2024-01-19,0914,Aqua,MODIS,80,61.03,303.2,70,D,0
12.1891,76.9118,314.9,1,1,2024-01-22,0456,Terra,MODIS,57,61.03,302.1,5.1,D,0
11.8438,77.0077,313.3,1,1,2024-01-22,0456,Terra,MODIS,55,61.03,300.4,4.7,D,0
10.2447,76.5222,311.7,1,1,2024-01-22,0457,Terra,MODIS,63,61.03,300,5.2,D,0
8.9571,76.9891,327.1,1,1,2024-01-23,0842,Aqua,MODIS,77,61.03,305.3,19.6,D,0
9.4895,77.2843,317.6,1,1,2024-01-23,0842,Aqua,MODIS,65,61.03,295.8,11.1,D,0
9.4881,77.2752,322.9,1,1,2024-01-23,0842,Aqua,MODIS,74,61.03,298.9,16.6,D,0
9.7448,76.8878,321.3,1,1,2024-01-23,0842,Aqua,MODIS,72,61.03,301.7,14.2,D,0
9.3738,77.3877,310.5,1.2,1.1,2024-01-24,0440,Terra,MODIS,43,61.03,298.6,6.7,D,0
9.4964,77.1318,312.6,1.7,1.3,2024-01-25,0827,Aqua,MODIS,34,61.03,296.3,16.9,D,0
9.5077,77.1297,336.9,1.7,1.3,2024-01-25,0827,Aqua,MODIS,76,61.03,297.5,76.1,D,0
9.5053,77.1148,318.1,1.7,1.3,2024-01-25,0827,Aqua,MODIS,68,61.03,295.9,26.2,D,0
9.5054,77.1251,337.1,1.7,1.3,2024-01-25,0827,Aqua,MODIS,76,61.03,298.1,74.5,D,0
9.742,76.9251,316.4,1.8,1.3,2024-01-26,0908,Aqua,MODIS,56,61.03,300.3,19.9,D,0
10.2926,77.1235,311.7,1.9,1.3,2024-01-26,0908,Aqua,MODIS,39,61.03,294.9,18.9,D,0
10.2904,77.1057,313.4,1.9,1.3,2024-01-26,0908,Aqua,MODIS,53,61.03,297.3,22.5,D,0
12.2873,77.2151,321.3,2.1,1.4,2024-01-26,0909,Aqua,MODIS,69,61.03,306.3,21.8,D,0
8.5215,77.265,308.1,1.1,1,2024-01-26,1648,Terra,MODIS,73,61.03,292.3,8.2,N,0
8.5202,77.2554,303.4,1.1,1,2024-01-26,1648,Terra,MODIS,55,61.03,292.8,4.9,N,0
12.483,77.0735,310.7,1.1,1.1,2024-01-27,0503,Terra,MODIS,53,61.03,296.3,6,D,0
9.8363,76.9268,324.5,1,1,2024-01-28,0852,Aqua,MODIS,46,61.03,301.3,16.3,D,0
9.835,76.9173,323,1,1,2024-01-28,0852,Aqua,MODIS,56,61.03,302.2,15,D,0
9.8441,76.916,324,1,1,2024-01-28,0852,Aqua,MODIS,52,61.03,303.4,16.1,D,0
10.7066,76.5014,320.3,1,1,2024-01-28,0853,Aqua,MODIS,64,61.03,305.5,8.9,D,0
10.7483,76.6665,334.1,1,1,2024-01-28,0853,Aqua,MODIS,84,61.03,305.3,26.1,D,0
10.747,76.6571,327.4,1,1,2024-01-28,0853,Aqua,MODIS,76,61.03,305.4,17,D,0
12.4181,75.0667,320.4,1,1,2024-01-28,0853,Aqua,MODIS,69,61.03,307.1,7.8,D,0
12.7419,77.1095,323.6,1.1,1.1,2024-01-28,0853,Aqua,MODIS,38,61.03,307.6,12.3,D,0
12.0811,77.0487,308,1.1,1,2024-01-28,1632,Terra,MODIS,73,61.03,290.1,10,N,0
9.5152,77.1376,304.8,2.9,1.6,2024-01-29,1712,Terra,MODIS,62,61.03,290.1,33.6,N,0
9.5175,77.1366,311.4,3.5,1.8,2024-01-30,0527,Terra,MODIS,54,61.03,293.6,52,D,0
9.5069,77.128,313.3,3.5,1.8,2024-01-30,0527,Terra,MODIS,50,61.03,293.6,63.1,D,0
8.571,77.1911,316.3,1.2,1.1,2024-01-30,0836,Aqua,MODIS,62,61.03,292.9,14,D,0
12.3224,77.1641,322.2,1.1,1,2024-01-30,0837,Aqua,MODIS,70,61.03,305.3,10.6,D,0
12.2476,77.1985,312.1,1.1,1,2024-01-30,2051,Aqua,MODIS,84,61.03,287.2,14.1,N,0
12.4195,76.7832,306.6,1.4,1.2,2024-01-31,1655,Terra,MODIS,69,61.03,293.3,12.1,N,0
12.6838,76.2327,323.2,1.4,1.2,2024-02-02,0903,Aqua,MODIS,61,61.03,308.3,10.5,D,0
12.6941,76.2312,326.6,1.4,1.2,2024-02-02,0903,Aqua,MODIS,75,61.03,307.1,17.2,D,0
9.8071,76.7735,314.5,1,1,2024-02-02,1638,Terra,MODIS,89,61.03,293.5,11.8,N,0
12.353,77.0151,314.2,1,1,2024-02-03,0452,Terra,MODIS,47,61.03,297.9,5.2,D,0
10.982,77.3139,313.5,1,1,2024-02-03,0452,Terra,MODIS,40,61.03,297.5,3.2,D,0
10.9352,76.3602,315.4,1,1,2024-02-03,0452,Terra,MODIS,59,61.03,300.2,7.1,D,0
9.457,77.0772,310,1,1,2024-02-03,0453,Terra,MODIS,45,61.03,297.9,5.3,D,0
9.4651,77.2814,335.3,1,1,2024-02-04,0847,Aqua,MODIS,85,61.03,302.3,30.5,D,0
9.4612,77.2546,318.6,1,1,2024-02-04,0847,Aqua,MODIS,60,61.03,299.6,10.9,D,0
9.5369,77.1365,326.2,1,1,2024-02-04,0847,Aqua,MODIS,57,61.03,302.2,18.3,D,0
9.6666,76.8855,319.7,1,1,2024-02-04,0847,Aqua,MODIS,63,61.03,307.2,8.5,D,0
9.724,76.9684,334,1,1,2024-02-04,0847,Aqua,MODIS,83,61.03,307.6,26,D,0
9.7227,76.9595,321.2,1,1,2024-02-04,0847,Aqua,MODIS,48,61.03,309.7,10.7,D,0
9.7329,76.9671,324.8,1,1,2024-02-04,0847,Aqua,MODIS,73,61.03,305.9,14.7,D,0
9.7993,77.0426,327.8,1,1,2024-02-04,0847,Aqua,MODIS,0,61.03,303.3,20.5,D,0
9.8053,76.9595,319,1,1,2024-02-04,0847,Aqua,MODIS,0,61.03,306.5,9.4,D,0
10.0285,76.9777,314.1,1,1,2024-02-04,0847,Aqua,MODIS,22,61.03,299,6.4,D,0
10.0272,76.9688,315.7,1,1,2024-02-04,0847,Aqua,MODIS,34,61.03,301.1,7.2,D,0
10.204,77.1035,326.3,1,1,2024-02-04,0847,Aqua,MODIS,77,61.03,298,20,D,0
10.2141,77.1111,316.4,1,1,2024-02-04,0847,Aqua,MODIS,60,61.03,296.8,10.7,D,0
10.7002,76.5241,320.2,1,1,2024-02-04,0847,Aqua,MODIS,32,61.03,305.9,7.2,D,0
10.7939,76.779,320.2,1,1,2024-02-04,0847,Aqua,MODIS,36,61.03,306.5,6,D,0
12.1798,76.6151,346.5,1,1,2024-02-04,0847,Aqua,MODIS,92,61.03,312.1,38.9,D,0
12.513,77.2583,322.1,1,1,2024-02-04,0847,Aqua,MODIS,40,61.03,309,5.2,D,0
12.5773,77.1311,322.1,1,1,2024-02-04,0847,Aqua,MODIS,52,61.03,309,6.1,D,0
12.7626,77.1375,349.6,1,1,2024-02-04,0848,Aqua,MODIS,94,61.03,311.1,49.2,D,0
12.7613,77.1284,324.7,1,1,2024-02-04,0848,Aqua,MODIS,66,61.03,308.1,9.5,D,0
12.7137,74.9794,317.8,1.1,1,2024-02-04,0848,Aqua,MODIS,62,61.03,304,8.4,D,0
9.536,77.138,306.6,1.7,1.3,2024-02-04,1621,Terra,MODIS,68,61.03,290.2,16.4,N,0
12.2997,77.1989,310.4,1.5,1.2,2024-02-04,1621,Terra,MODIS,80,61.03,296.4,15,N,0
12.3018,77.2125,310.7,1.5,1.2,2024-02-04,1621,Terra,MODIS,81,61.03,296.1,15.4,N,0
12.712,74.9837,324.8,1.3,1.1,2024-02-06,0515,Terra,MODIS,78,61.03,304.8,24.3,D,0
12.3343,75.1553,314.8,1.4,1.2,2024-02-06,0515,Terra,MODIS,48,61.03,303.2,8.4,D,0
10.23,77.0962,316.9,2.1,1.4,2024-02-06,0516,Terra,MODIS,71,61.03,295.5,38.9,D,0
10.2256,77.0882,315.8,1.4,1.2,2024-02-06,0831,Aqua,MODIS,50,61.03,299.5,16.9,D,0
9.2774,77.034,319.3,1.5,1.2,2024-02-06,0831,Aqua,MODIS,66,61.03,301.2,21.9,D,0
9.5338,77.1096,319.1,1.5,1.2,2024-02-06,0831,Aqua,MODIS,55,61.03,302.7,18.1,D,0
9.5444,77.1085,319.3,1.5,1.2,2024-02-06,0831,Aqua,MODIS,63,61.03,301.1,19.9,D,0
9.8092,76.9665,319.5,1.5,1.2,2024-02-06,0831,Aqua,MODIS,48,61.03,304.3,20.3,D,0
11.7762,77.0859,336.5,1.4,1.2,2024-02-06,0832,Aqua,MODIS,86,61.03,311.2,39.4,D,0
12.1045,76.893,325.3,1.4,1.2,2024-02-06,0832,Aqua,MODIS,69,61.03,311.2,12.5,D,0
12.1901,76.5409,324.1,1.5,1.2,2024-02-06,0832,Aqua,MODIS,61,61.03,310.9,10.2,D,0
12.1065,76.9054,328.9,1.4,1.2,2024-02-06,0832,Aqua,MODIS,75,61.03,313,20.2,D,0
12.3615,77.2272,325.9,1.3,1.1,2024-02-06,0832,Aqua,MODIS,50,61.03,311.3,13,D,0
12.3956,77.376,326.7,1.3,1.1,2024-02-06,0832,Aqua,MODIS,72,61.03,311.1,13.5,D,0
12.4056,77.3745,324.9,1.3,1.1,2024-02-06,0832,Aqua,MODIS,61,61.03,310.8,10.4,D,0
11.4734,76.5621,323.2,2.1,1.4,2024-02-07,0913,Aqua,MODIS,71,61.03,298.5,46.8,D,0
11.4739,76.557,317.8,2.1,1.4,2024-02-07,0913,Aqua,MODIS,59,61.03,298.4,33.2,D,0
10.0276,77.1079,314.1,1.1,1,2024-02-08,0459,Terra,MODIS,61,61.03,296.8,11.3,D,0
9.9774,77.442,312.2,1.1,1.1,2024-02-08,0459,Terra,MODIS,52,61.03,300,5.9,D,0
9.9398,77.4361,314.5,1.1,1.1,2024-02-08,0459,Terra,MODIS,53,61.03,302.8,7.8,D,0
9.3808,76.8044,332.1,1.1,1.1,2024-02-09,0857,Aqua,MODIS,82,61.03,306.1,24.4,D,0
9.5169,77.1277,332.4,1.2,1.1,2024-02-09,0857,Aqua,MODIS,71,61.03,307.9,29,D,0
9.7502,77.0233,328.3,1.1,1.1,2024-02-09,0857,Aqua,MODIS,67,61.03,303.3,24.7,D,0
10.223,77.1244,337.4,1.2,1.1,2024-02-09,0857,Aqua,MODIS,87,61.03,298.8,43.7,D,0
10.2755,77.1508,323.4,1.2,1.1,2024-02-09,0857,Aqua,MODIS,71,61.03,301,18.8,D,0
10.8175,76.7574,322.5,1.1,1.1,2024-02-09,0857,Aqua,MODIS,34,61.03,310.3,9.7,D,0
10.9329,76.9356,326.1,1.2,1.1,2024-02-09,0857,Aqua,MODIS,68,61.03,313.1,11.3,D,0
12.1527,77.0435,327.7,1.2,1.1,2024-02-09,0857,Aqua,MODIS,62,61.03,314.3,14.6,D,0
12.4371,77.1914,328.3,1.3,1.1,2024-02-09,0857,Aqua,MODIS,72,61.03,311.4,15.2,D,0
12.4356,77.18,323.7,1.3,1.1,2024-02-09,0857,Aqua,MODIS,58,61.03,311.5,8.5,D,0
12.4836,77.4683,326.4,1.3,1.1,2024-02-09,0857,Aqua,MODIS,60,61.03,315.2,12,D,0
12.4394,77.1332,322.2,1.3,1.1,2024-02-09,0857,Aqua,MODIS,55,61.03,310.5,8.4,D,0
12.4379,77.1219,324.3,1.2,1.1,2024-02-09,0857,Aqua,MODIS,63,61.03,311.5,11.5,D,0
12.5063,76.6477,327,1.2,1.1,2024-02-09,0857,Aqua,MODIS,68,61.03,313.1,12.6,D,0
12.7262,76.768,325.1,1.2,1.1,2024-02-09,0857,Aqua,MODIS,67,61.03,310.6,10.4,D,0
12.712,76.5673,324.7,1.2,1.1,2024-02-09,0857,Aqua,MODIS,57,61.03,311.6,6.7,D,0
12.7875,76.6213,326.5,1.2,1.1,2024-02-09,0857,Aqua,MODIS,70,61.03,312,10.5,D,0
12.7861,76.6107,326.9,1.2,1.1,2024-02-09,0857,Aqua,MODIS,71,61.03,312,10.7,D,0
12.7957,76.6093,326.6,1.2,1.1,2024-02-09,0858,Aqua,MODIS,60,61.03,312.5,10.4,D,0
12.755,77.1095,312.3,1.2,1.1,2024-02-09,1628,Terra,MODIS,84,61.03,295.5,13,N,0
12.7534,77.0987,316.5,1.2,1.1,2024-02-09,1628,Terra,MODIS,93,61.03,296.2,17.4,N,0
12.2281,76.7733,321.8,1.3,1.1,2024-02-10,0441,Terra,MODIS,73,61.03,302.9,16.1,D,0
10.1092,77.1474,325.1,1.1,1,2024-02-11,0841,Aqua,MODIS,73,61.03,298.9,21.7,D,0
10.0701,76.7655,319.5,1.1,1,2024-02-11,0841,Aqua,MODIS,70,61.03,305.4,9.8,D,0
10.9682,76.2885,320.5,1.1,1.1,2024-02-11,0841,Aqua,MODIS,63,61.03,306.8,10.4,D,0
11.451,76.6227,315.4,1.1,1,2024-02-11,0842,Aqua,MODIS,52,61.03,297.5,9.8,D,0
12.5853,77.295,325.2,1,1,2024-02-11,0842,Aqua,MODIS,66,61.03,311,9,D,0
12.7132,77.0364,328.4,1,1,2024-02-11,0842,Aqua,MODIS,69,61.03,313.6,11.6,D,0
12.65,76.4279,327.4,1.1,1,2024-02-11,0842,Aqua,MODIS,73,61.03,311.4,15.2,D,0
12.7738,77.1348,323.1,1,1,2024-02-11,0842,Aqua,MODIS,52,61.03,310.2,7.6,D,0
12.7438,76.2015,326.7,1.1,1,2024-02-11,0842,Aqua,MODIS,73,61.03,311.5,12.6,D,0
12.753,76.1999,337.2,1.1,1,2024-02-11,0842,Aqua,MODIS,85,61.03,310.2,28.6,D,0
12.7514,76.1901,327.1,1.1,1,2024-02-11,0842,Aqua,MODIS,74,61.03,310.1,13.1,D,0
12.7057,74.9832,321.2,1.3,1.1,2024-02-11,0842,Aqua,MODIS,20,61.03,310.4,10.6,D,0
12.7156,74.9818,323.6,1.3,1.1,2024-02-11,0842,Aqua,MODIS,59,61.03,310.9,14.7,D,0
10.0392,77.2077,302.6,1,1,2024-02-11,2056,Aqua,MODIS,17,61.03,291.1,6.1,N,0
12.6634,77.2367,320.2,3.9,1.8,2024-02-12,0923,Aqua,MODIS,58,61.03,305.6,52.9,D,0
12.6693,77.2312,318.7,3.9,1.8,2024-02-12,0923,Aqua,MODIS,46,61.03,304.6,37,D,0
12.5653,77.4987,309,1.4,1.2,2024-02-12,1651,Terra,MODIS,76,61.03,294.2,13.7,N,0
12.5638,77.4868,306.3,1.4,1.2,2024-02-12,1651,Terra,MODIS,68,61.03,294.4,10.8,N,0
12.3583,76.6322,314.2,1.2,1.1,2024-02-13,0505,Terra,MODIS,45,61.03,300.7,5,D,2
12.1483,77.3124,325.5,1.3,1.1,2024-02-13,0505,Terra,MODIS,77,61.03,305.1,19,D,0
12.1464,77.3242,330.6,1.3,1.1,2024-02-13,0505,Terra,MODIS,82,61.03,305,27.4,D,0
12.1474,77.3178,323,1.3,1.1,2024-02-13,0505,Terra,MODIS,74,61.03,304.9,14.6,D,0
12.1037,77.335,323.5,1.3,1.1,2024-02-13,0505,Terra,MODIS,75,61.03,302.6,16.4,D,0
12.2112,75.3057,320.9,1,1,2024-02-13,0505,Terra,MODIS,73,61.03,306.7,11.4,D,0
11.3867,77.1975,321.3,1.3,1.1,2024-02-13,0505,Terra,MODIS,74,61.03,304.9,12.4,D,0
11.3848,77.2093,329.4,1.3,1.1,2024-02-13,0505,Terra,MODIS,82,61.03,304.1,26.3,D,0
11.3232,77.2723,324,1.3,1.1,2024-02-13,0505,Terra,MODIS,54,61.03,303.6,13.7,D,0
10.775,77.2345,316,1.4,1.2,2024-02-13,0505,Terra,MODIS,61,61.03,296.2,11.9,D,0
9.9615,76.3948,318.2,1.2,1.1,2024-02-13,0505,Terra,MODIS,70,61.03,301.5,11.4,D,2
12.2079,75.2926,319.6,2.4,1.5,2024-02-13,0826,Aqua,MODIS,59,61.03,303.8,29.9,D,0
12.7487,77.1196,340.3,1.7,1.3,2024-02-13,0826,Aqua,MODIS,88,61.03,309.3,65.6,D,0
12.75,77.1295,330,1.7,1.3,2024-02-13,0826,Aqua,MODIS,79,61.03,309,32.4,D,0
12.7475,77.1145,325.6,1.7,1.3,2024-02-13,0826,Aqua,MODIS,71,61.03,309,21.9,D,0
12.1676,76.813,316.5,1.1,1,2024-02-15,0448,Terra,MODIS,56,61.03,303.3,5.1,D,0
8.2648,77.3538,314,1,1,2024-02-15,0449,Terra,MODIS,58,61.03,298.6,5.3,D,0
9.6744,76.9353,321.5,1,1,2024-02-16,0851,Aqua,MODIS,68,61.03,304.2,10.9,D,0
9.6869,76.8909,316.6,1,1,2024-02-16,0851,Aqua,MODIS,42,61.03,302.6,5.6,D,0
10.7174,76.4956,327.6,1,1,2024-02-16,0851,Aqua,MODIS,72,61.03,310.2,14.5,D,0
10.8556,76.8206,324.8,1,1,2024-02-16,0851,Aqua,MODIS,58,61.03,307.5,10.7,D,0
10.9806,76.2662,322.6,1,1,2024-02-16,0851,Aqua,MODIS,62,61.03,308.8,9.7,D,0
12.1915,76.4913,330.8,1,1,2024-02-16,0851,Aqua,MODIS,76,61.03,314.9,11.9,D,0
12.3378,77.1382,332.1,1.1,1,2024-02-16,0851,Aqua,MODIS,78,61.03,314,13.9,D,0
12.7564,76.2042,317.5,1.4,1.2,2024-02-18,0511,Terra,MODIS,58,61.03,302.8,9.7,D,0
12.7461,76.2023,317.3,1.4,1.2,2024-02-18,0511,Terra,MODIS,39,61.03,303.6,9.2,D,0
12.346,75.1434,316.3,1.2,1.1,2024-02-18,0511,Terra,MODIS,36,61.03,303.6,8,D,0
12.3347,75.1529,318.5,1.2,1.1,2024-02-18,0511,Terra,MODIS,64,61.03,302.8,10.9,D,0
10.1513,76.392,322.9,1.4,1.2,2024-02-18,0835,Aqua,MODIS,74,61.03,308.1,15.2,D,2
10.4904,77.3986,327.8,1.2,1.1,2024-02-18,0835,Aqua,MODIS,65,61.03,311.6,14.2,D,0
10.7639,77.3148,332.7,1.2,1.1,2024-02-18,0835,Aqua,MODIS,76,61.03,311.7,18,D,0
10.7681,77.3187,327.7,1.2,1.1,2024-02-18,0835,Aqua,MODIS,65,61.03,311.4,10.5,D,0
10.7738,77.2288,328.8,1.2,1.1,2024-02-18,0835,Aqua,MODIS,62,61.03,310.9,15.8,D,0
11.0412,76.4527,321.6,1.4,1.2,2024-02-18,0835,Aqua,MODIS,52,61.03,304.8,16.5,D,0
12.1027,77.3355,330.3,1.2,1.1,2024-02-18,0836,Aqua,MODIS,55,61.03,315.8,11.2,D,0
12.1407,77.3294,331.9,1.2,1.1,2024-02-18,0836,Aqua,MODIS,77,61.03,318.9,12.2,D,0
12.1391,77.3189,349.4,1.2,1.1,2024-02-18,0836,Aqua,MODIS,93,61.03,318.2,49.8,D,0
12.7113,76.7764,327.8,1.2,1.1,2024-02-18,0836,Aqua,MODIS,73,61.03,309.4,15.5,D,0
9.6484,76.9551,320,1.3,1.1,2024-02-21,0900,Aqua,MODIS,55,61.03,296.5,14.7,D,0
12.5536,76.8514,332,1.3,1.1,2024-02-21,0901,Aqua,MODIS,78,61.03,302.5,32.5,D,0
12.4472,77.4374,317,2.3,1.5,2024-02-23,0517,Terra,MODIS,61,61.03,300.5,19.1,D,0
11.5165,76.5211,319.8,1,1,2024-02-23,0845,Aqua,MODIS,64,61.03,301.6,10.4,D,0
11.5152,76.5118,330.3,1,1,2024-02-23,0845,Aqua,MODIS,80,61.03,302.6,22.7,D,0
12.1079,76.9618,329.6,1,1,2024-02-23,0845,Aqua,MODIS,73,61.03,314,9.3,D,0
12.5917,76.8105,322,1,1,2024-02-23,0846,Aqua,MODIS,41,61.03,309.1,6.1,D,0
12.3336,75.1454,323.9,1.1,1.1,2024-02-23,0846,Aqua,MODIS,63,61.03,306,13.2,D,0
12.343,75.1439,323.8,1.1,1.1,2024-02-23,0846,Aqua,MODIS,61,61.03,305.7,12.8,D,0
12.6807,77.2798,326.3,1,1,2024-02-23,0846,Aqua,MODIS,59,61.03,312.6,6.8,D,0
12.6186,76.8555,335.1,1,1,2024-02-23,0846,Aqua,MODIS,81,61.03,308.3,21.2,D,0
12.6173,76.8464,368.2,1,1,2024-02-23,0846,Aqua,MODIS,100,61.03,316.7,97.1,D,0
12.616,76.8374,325,1,1,2024-02-23,0846,Aqua,MODIS,52,61.03,311.7,8.4,D,0
10.6022,77.1543,316.7,1.2,1.1,2024-02-25,0501,Terra,MODIS,46,61.03,301,6.8,D,0
10.8059,76.1158,342.1,1.9,1.3,2024-02-25,0829,Aqua,MODIS,88,61.03,303.5,94.7,D,0
10.8031,76.0989,334.2,1.9,1.3,2024-02-25,0829,Aqua,MODIS,81,61.03,303.1,62.8,D,0
10.8117,76.108,348.5,1.9,1.3,2024-02-25,0829,Aqua,MODIS,93,61.03,304.3,125.2,D,0
12.6616,76.9674,321.9,1.5,1.2,2024-02-25,0830,Aqua,MODIS,61,61.03,305.8,12.1,D,0
9.103,76.9424,323.9,1.8,1.3,2024-02-26,0910,Aqua,MODIS,71,61.03,298.5,26.8,D,0
8.454,77.3653,304.5,1.2,1.1,2024-02-26,1628,Terra,MODIS,47,61.03,294.1,5.1,N,0
12.1732,77.1934,308,1.1,1,2024-02-26,1629,Terra,MODIS,72,61.03,295.8,7.5,N,0
9.9035,76.8753,317,1.1,1,2024-02-27,0444,Terra,MODIS,63,61.03,300.4,8.8,D,0
9.564,76.9623,319.3,1,1,2024-02-28,0854,Aqua,MODIS,55,61.03,302.8,7.4,D,0
10.2906,76.9464,318,1.1,1,2024-02-28,0854,Aqua,MODIS,52,61.03,305.1,7.5,D,0
10.8628,76.3016,323.5,1,1,2024-02-28,0855,Aqua,MODIS,44,61.03,309,7.1,D,0
11.545,76.4406,321.8,1,1,2024-02-28,0855,Aqua,MODIS,58,61.03,306.4,8.9,D,0
12.3018,76.7877,331,1.1,1,2024-02-28,0855,Aqua,MODIS,74,61.03,313.9,13.2,D,0
10.3146,77.414,303.8,2.2,1.4,2024-02-28,1612,Terra,MODIS,57,61.03,279.4,24.9,N,0
10.2314,77.2834,324.9,1.6,1.2,2024-03-01,0507,Terra,MODIS,82,61.03,286.5,43.2,D,0
10.2289,77.2991,328.5,1.6,1.2,2024-03-01,0507,Terra,MODIS,84,61.03,286.2,51.7,D,0
10.2231,77.2921,361.1,1.1,1.1,2024-03-01,0839,Aqua,MODIS,100,61.03,297,102.3,D,0
10.22,77.2716,311.1,1.1,1.1,2024-03-01,0839,Aqua,MODIS,39,61.03,290.1,7.4,D,0
10.2325,77.2905,331.2,1.1,1.1,2024-03-01,0839,Aqua,MODIS,84,61.03,296.5,30.7,D,0
10.231,77.2803,340.7,1.1,1.1,2024-03-01,0839,Aqua,MODIS,90,61.03,295.7,48.6,D,0
10.7585,76.3815,333.8,1.3,1.1,2024-03-01,0839,Aqua,MODIS,80,61.03,308.2,30.4,D,0
11.6512,76.5067,319.7,1.2,1.1,2024-03-01,0839,Aqua,MODIS,54,61.03,298.6,12.3,D,0
11.6496,76.4959,391.7,1.2,1.1,2024-03-01,0839,Aqua,MODIS,100,61.03,305.6,261,D,0
11.6479,76.4853,367.2,1.2,1.1,2024-03-01,0839,Aqua,MODIS,100,61.03,302,129.5,D,0
11.6592,76.4943,327.6,1.2,1.1,2024-03-01,0839,Aqua,MODIS,75,61.03,296.6,23,D,0
11.9633,77.0808,330.4,1.1,1.1,2024-03-01,0839,Aqua,MODIS,65,61.03,312.8,15.9,D,0
12.7961,77.2756,324.6,1.1,1,2024-03-01,0839,Aqua,MODIS,49,61.03,311.8,6.7,D,0
12.774,77.0074,328.8,1.1,1,2024-03-01,0839,Aqua,MODIS,66,61.03,313.1,12.2,D,0
10.0146,76.8609,322.6,2.8,1.6,2024-03-02,0920,Aqua,MODIS,74,61.03,304.1,48.5,D,0
10.0223,76.8598,305.7,1,1,2024-03-02,1635,Terra,MODIS,51,61.03,295.4,5.1,N,0
10.2793,77.495,316,1,1,2024-03-02,1635,Terra,MODIS,92,61.03,287.3,15.3,N,0
11.2807,76.7562,301,1,1,2024-03-02,1636,Terra,MODIS,12,61.03,289.6,4.7,N,0
12.7426,76.8612,305.9,1,1,2024-03-02,1636,Terra,MODIS,66,61.03,279.5,8.5,N,0
12.7413,76.8522,305,1,1,2024-03-02,1636,Terra,MODIS,56,61.03,282.8,7.7,N,0
12.6189,77.1275,318.8,1,1,2024-03-03,0449,Terra,MODIS,53,61.03,302.2,6.4,D,0
12.6176,77.1366,318.2,1,1,2024-03-03,0449,Terra,MODIS,50,61.03,302,5.8,D,0
12.6087,77.1353,317.8,1,1,2024-03-03,0449,Terra,MODIS,36,61.03,301.3,5.4,D,0
9.9202,76.8605,316,1,1,2024-03-03,0450,Terra,MODIS,57,61.03,300.8,7.7,D,0
9.5185,77.0873,314.4,1,1,2024-03-03,0450,Terra,MODIS,45,61.03,302,7.1,D,0
9.4058,76.9041,313.9,1,1,2024-03-03,0450,Terra,MODIS,50,61.03,302.3,5.5,D,0
12.4053,77.4078,321.3,1.9,1.3,2024-03-03,0823,Aqua,MODIS,46,61.03,307.1,15.7,D,0
10.0091,76.8775,318.9,1.4,1.2,2024-03-04,0904,Aqua,MODIS,30,61.03,302,10.4,D,0
10.0074,76.8651,319,1.4,1.2,2024-03-04,0904,Aqua,MODIS,29,61.03,302.6,10.6,D,0
10.2248,77.2778,324.5,1.5,1.2,2024-03-04,0904,Aqua,MODIS,68,61.03,304.6,28.1,D,0
12.5666,77.4991,315.8,1.5,1.2,2024-03-04,1619,Terra,MODIS,92,61.03,293.7,22.2,N,0
12.5127,76.9153,318.9,1.7,1.3,2024-03-05,0432,Terra,MODIS,58,61.03,303.6,14.4,D,0
12.3056,77.1956,320.6,1.6,1.3,2024-03-05,0432,Terra,MODIS,59,61.03,305.6,11.6,D,0
8.2544,77.4626,317.6,1.4,1.2,2024-03-05,0433,Terra,MODIS,68,61.03,303,10.5,D,0
11.7764,76.7632,332.7,1,1,2024-03-06,0849,Aqua,MODIS,82,61.03,312.8,11.6,D,0
12.3679,77.2324,328.6,1,1,2024-03-06,0849,Aqua,MODIS,31,61.03,309.1,10.1,D,0
9.9515,77.2034,300.6,1,1,2024-03-07,1641,Terra,MODIS,9,61.03,289.9,4.4,N,0
11.435,77.4711,318.9,1.1,1,2024-03-08,0456,Terra,MODIS,60,61.03,304.8,7,D,0
10.3357,77.4151,321.5,1.1,1,2024-03-08,0456,Terra,MODIS,72,61.03,299,16.3,D,0
10.3342,77.425,316.9,1.1,1,2024-03-08,0456,Terra,MODIS,62,61.03,300.2,11.1,D,0
10.3385,77.4198,330.2,1.4,1.2,2024-03-08,0832,Aqua,MODIS,76,61.03,300.2,36.2,D,0
10.3364,77.4067,338.2,1.4,1.2,2024-03-08,0832,Aqua,MODIS,85,61.03,301.4,55.9,D,0
11.2996,77.3964,330.6,1.4,1.2,2024-03-08,0833,Aqua,MODIS,73,61.03,313.9,10.8,D,0
10.3508,77.415,311,1.3,1.1,2024-03-08,2047,Aqua,MODIS,81,61.03,292.2,14.2,N,0
10.3493,77.4258,307.9,1.3,1.1,2024-03-08,2047,Aqua,MODIS,73,61.03,292.7,11,N,0
10.3015,77.4796,311.1,1.3,1.1,2024-03-08,2047,Aqua,MODIS,82,61.03,290.3,14.7,N,0
10.3003,77.4733,304.4,1.3,1.1,2024-03-08,2047,Aqua,MODIS,60,61.03,290.7,9.6,N,0
10.2985,77.4856,300.6,1.3,1.1,2024-03-08,2047,Aqua,MODIS,31,61.03,288.9,6.7,N,0
10.2984,77.4158,310.1,1.3,1.1,2024-03-08,2047,Aqua,MODIS,79,61.03,289.5,15.7,N,0
9.9301,77.0007,322.2,2.1,1.4,2024-03-09,0913,Aqua,MODIS,64,61.03,300.1,32.5,D,0
9.0116,77.0054,305.5,1.4,1.2,2024-03-09,1624,Terra,MODIS,54,61.03,294.6,6.7,N,0
9.0085,77.0072,323.7,1.1,1,2024-03-11,0857,Aqua,MODIS,62,61.03,307,10,D,0
10.0334,77.4129,325.9,1.2,1.1,2024-03-11,0857,Aqua,MODIS,60,61.03,306.6,12.6,D,0
10.032,77.4025,328.2,1.2,1.1,2024-03-11,0857,Aqua,MODIS,73,61.03,307.5,16.1,D,0
10.2238,77.2876,338.2,1.2,1.1,2024-03-11,0857,Aqua,MODIS,86,61.03,304.1,41.6,D,0
10.2333,77.2864,323.7,1.2,1.1,2024-03-11,0857,Aqua,MODIS,66,61.03,298.7,17.4,D,0
11.4815,77.2969,306.2,1.2,1.1,2024-03-12,1648,Terra,MODIS,64,61.03,295.4,7.1,N,0
9.5639,77.0358,317.1,1.3,1.1,2024-03-13,0503,Terra,MODIS,60,61.03,302.1,13.5,D,0
9.5557,77.0324,321,1.1,1.1,2024-03-13,0841,Aqua,MODIS,52,61.03,308.1,11.7,D,0
11.3662,76.8005,327.9,1.1,1,2024-03-13,0842,Aqua,MODIS,70,61.03,299.1,22.2,D,0
12.7637,76.5876,333.6,1.1,1,2024-03-13,0842,Aqua,MODIS,58,61.03,309.7,20.2,D,0
10.1862,77.4386,307.3,1,1,2024-03-13,2057,Aqua,MODIS,50,61.03,288.1,8.6,N,0
10.1773,77.4369,308.2,1,1,2024-03-13,2057,Aqua,MODIS,61,61.03,290.9,8.9,N,0
11.5183,76.9222,318.2,1.1,1,2024-03-14,1631,Terra,MODIS,96,61.03,291.6,17.7,N,0
10.4178,77.0629,314.4,1,1,2024-03-15,0445,Terra,MODIS,47,61.03,298.7,7.4,D,0
10.4257,77.0664,303.2,3.2,1.7,2024-03-15,1711,Terra,MODIS,54,61.03,291.5,27.3,N,0
10.4247,77.06,302.6,3.2,1.7,2024-03-15,1711,Terra,MODIS,42,61.03,291.7,23.7,N,0
11.7933,76.8012,334.3,1.6,1.2,2024-03-16,0907,Aqua,MODIS,81,61.03,315.5,22.2,D,0
10.2294,77.2966,357.1,1.8,1.3,2024-03-17,0428,Terra,MODIS,98,61.03,305.9,165.5,D,0
10.2322,77.2912,332.8,1.8,1.3,2024-03-17,0428,Terra,MODIS,83,61.03,303.8,59.6,D,0
10.2206,77.2903,331.4,1.8,1.3,2024-03-17,0428,Terra,MODIS,81,61.03,301.8,56.7,D,0
9.3107,77.4118,316.8,1.7,1.3,2024-03-17,0428,Terra,MODIS,27,61.03,301,12.6,D,0
11.5741,76.9064,322,1.6,1.2,2024-03-18,0508,Terra,MODIS,70,61.03,305.3,17.2,D,0
10.0047,76.7414,317.8,1,1,2024-03-18,0851,Aqua,MODIS,34,61.03,300.7,5,D,0
11.1732,77.1072,330.9,1,1,2024-03-18,0851,Aqua,MODIS,73,61.03,314.5,8,D,0
12.1738,76.9393,330,1,1,2024-03-18,0851,Aqua,MODIS,70,61.03,314,7.6,D,0
12.6081,77.4692,332.1,1,1,2024-03-18,0852,Aqua,MODIS,71,61.03,313.6,10.6,D,0
12.4289,77.114,302.5,1,1,2024-03-18,2105,Aqua,MODIS,50,61.03,292,4.5,N,0
10.336,77.3997,310.3,1.1,1,2024-03-18,2106,Aqua,MODIS,80,61.03,288.7,12,N,0
10.3346,77.4088,301.3,1.1,1,2024-03-18,2106,Aqua,MODIS,33,61.03,287.4,5.9,N,0
10.1308,76.8032,305.6,1,1,2024-03-18,2106,Aqua,MODIS,65,61.03,295.1,5.4,N,0
8.417,77.4479,325.3,1,1,2024-03-19,1636,Terra,MODIS,100,61.03,294.5,22.3,N,0
8.4157,77.439,307.5,1,1,2024-03-19,1636,Terra,MODIS,48,61.03,294,6,N,0
8.427,77.4556,314.7,1,1,2024-03-19,1636,Terra,MODIS,88,61.03,291.8,12.2,N,0
8.4258,77.4467,370.1,1,1,2024-03-19,1636,Terra,MODIS,100,61.03,295.8,115.8,N,0
8.4246,77.4377,304.5,1,1,2024-03-19,1636,Terra,MODIS,25,61.03,293.8,4.4,N,0
10.1231,77.3197,313.5,1,1,2024-03-19,1637,Terra,MODIS,62,61.03,288.8,12,N,0
10.075,77.4422,310,1,1,2024-03-19,1637,Terra,MODIS,66,61.03,292.2,8.8,N,0
10.0737,77.4333,307.5,1,1,2024-03-19,1637,Terra,MODIS,56,61.03,291.9,7.4,N,0
10.1155,77.33,305.3,1,1,2024-03-19,1637,Terra,MODIS,50,61.03,292.4,5.9,N,0
10.1143,77.3211,309,1,1,2024-03-19,1637,Terra,MODIS,76,61.03,292.2,8.3,N,0
10.1243,77.3287,325.4,1,1,2024-03-19,1637,Terra,MODIS,100,61.03,291.1,23.3,N,0
10.2757,77.2216,303.5,1,1,2024-03-19,1637,Terra,MODIS,55,61.03,292.3,4.9,N,0
10.3307,77.4227,301.3,1,1,2024-03-19,1637,Terra,MODIS,24,61.03,288.7,4.3,N,0
12.6331,76.7526,320.6,1,1,2024-03-19,1638,Terra,MODIS,100,61.03,295.7,16.6,N,0
12.6243,76.7539,314.8,1,1,2024-03-19,1638,Terra,MODIS,90,61.03,295.8,11.3,N,0
11.232,76.8738,319.8,1,1,2024-03-20,0451,Terra,MODIS,57,61.03,304.7,7.6,D,0
8.3147,77.3899,322.5,1,1,2024-03-20,0452,Terra,MODIS,71,61.03,304.5,11.8,D,0
8.3066,77.3822,316.8,1,1,2024-03-20,0452,Terra,MODIS,48,61.03,301.4,6.7,D,0
10.1333,77.3219,314.6,1,1,2024-03-20,0452,Terra,MODIS,39,61.03,294.9,10.1,D,0
10.132,77.3315,316.3,1,1,2024-03-20,0452,Terra,MODIS,52,61.03,293.7,11.2,D,0
8.4182,77.4387,321.4,1,1,2024-03-20,0452,Terra,MODIS,70,61.03,300.1,14.5,D,0
10.1194,77.3207,316.9,1.3,1.1,2024-03-20,0835,Aqua,MODIS,38,61.03,300.2,15.3,D,0
8.4292,77.4588,313.6,1.4,1.2,2024-03-20,0835,Aqua,MODIS,43,61.03,299.5,8.9,D,0
11.6574,77.2512,332.7,1.3,1.1,2024-03-20,0835,Aqua,MODIS,82,61.03,310.2,24.9,D,0
10.3358,77.4129,306.1,1.2,1.1,2024-03-20,2050,Aqua,MODIS,67,61.03,287.3,10.7,N,0
8.3664,77.4539,310.1,1.1,1.1,2024-03-20,2050,Aqua,MODIS,79,61.03,293.4,9.8,N,0
8.3634,77.4744,314.8,1.1,1.1,2024-03-20,2050,Aqua,MODIS,83,61.03,291.3,16.3,N,0
11.1803,76.5945,302.7,1.6,1.3,2024-03-21,1620,Terra,MODIS,10,61.03,292.1,9.1,N,0
9.6297,77.3865,320.6,2.7,1.6,2024-03-22,0819,Aqua,MODIS,66,61.03,290.4,59.3,D,0
9.6205,77.3831,316.4,2.7,1.6,2024-03-22,0819,Aqua,MODIS,49,61.03,290.6,43.3,D,0
9.6238,77.4024,315.6,2.7,1.6,2024-03-22,0819,Aqua,MODIS,41,61.03,295.1,38.4,D,0
11.2182,76.7882,300.1,1.2,1.1,2024-03-23,2115,Aqua,MODIS,18,61.03,285.2,5.1,N,0
11.4824,76.7735,301.5,1.1,1,2024-03-24,1643,Terra,MODIS,35,61.03,288.9,6.1,N,0
10.2366,77.2965,318.4,1.1,1,2024-03-24,1643,Terra,MODIS,97,61.03,288.1,19.4,N,0
10.2353,77.2864,315.2,1.1,1,2024-03-24,1643,Terra,MODIS,91,61.03,286.2,16.3,N,0
11.12,76.5461,304.2,1,1,2024-03-24,1643,Terra,MODIS,47,61.03,292.3,4.8,N,0
11.171,76.5807,307.6,1,1,2024-03-24,1643,Terra,MODIS,69,61.03,294.5,7.6,N,0
11.4836,76.7827,308.7,1.1,1,2024-03-24,1643,Terra,MODIS,74,61.03,289,10.8,N,0
11.4856,75.7605,317.1,1,1,2024-03-25,0457,Terra,MODIS,63,61.03,301.4,7.1,D,0
10.2973,77.4184,317.6,1.2,1.1,2024-03-25,0458,Terra,MODIS,61,61.03,306.3,9.7,D,0
10.2427,77.296,320.6,1.2,1.1,2024-03-25,0458,Terra,MODIS,48,61.03,301.1,14.3,D,0
10.2334,77.2941,322.3,1.2,1.1,2024-03-25,0458,Terra,MODIS,65,61.03,304.2,17.2,D,0
10.2048,77.4841,315.5,1.2,1.1,2024-03-25,0458,Terra,MODIS,62,61.03,298.5,12.1,D,0
10.0804,77.0198,318.7,1.1,1.1,2024-03-25,0458,Terra,MODIS,67,61.03,301.3,13.8,D,0
9.6352,77.3948,328.7,1.2,1.1,2024-03-25,0458,Terra,MODIS,80,61.03,305.3,28.4,D,0
8.3351,77.4478,324.4,1.3,1.1,2024-03-25,0458,Terra,MODIS,76,61.03,304.7,18.8,D,0
10.2504,77.2935,314,1,1,2024-03-25,2059,Aqua,MODIS,83,61.03,288.1,12.5,N,0
10.2428,77.2833,308.2,1,1,2024-03-25,2059,Aqua,MODIS,42,61.03,287.7,8.7,N,0
10.2415,77.2925,310.8,1,1,2024-03-25,2059,Aqua,MODIS,67,61.03,286,10.6,N,0
10.1745,77.2483,315,1,1,2024-03-25,2059,Aqua,MODIS,90,61.03,286.6,16,N,0
10.2695,77.2667,319.4,3.6,1.8,2024-03-26,0925,Aqua,MODIS,39,61.03,304.6,46.7,D,0
10.231,77.2909,339.2,3.6,1.8,2024-03-26,0925,Aqua,MODIS,88,61.03,301.6,227.5,D,0
10.2273,77.2603,325,3.6,1.8,2024-03-26,0925,Aqua,MODIS,54,61.03,300.2,94.4,D,0
10.2476,77.2959,326.3,3.6,1.8,2024-03-26,0925,Aqua,MODIS,37,61.03,303,99.7,D,0
11.7577,77.1799,318,3.8,1.8,2024-03-26,0925,Aqua,MODIS,19,61.03,302.9,39.9,D,0
10.0831,77.3024,328.5,1.2,1.1,2024-03-26,1626,Terra,MODIS,100,61.03,296,33.3,N,0
10.2336,77.2721,312.5,1.2,1.1,2024-03-26,1626,Terra,MODIS,59,61.03,289.5,14.4,N,0
10.2477,77.3013,343.6,1.2,1.1,2024-03-26,1626,Terra,MODIS,100,61.03,292.4,63.5,N,0
10.0733,77.3028,327.1,1.2,1.1,2024-03-26,1626,Terra,MODIS,100,61.03,296.7,30.6,N,0
10.0821,77.2293,322,1.2,1.1,2024-03-26,1626,Terra,MODIS,100,61.03,291.7,26,N,0
10.0916,77.2269,309.5,1.2,1.1,2024-03-26,1626,Terra,MODIS,66,61.03,291.4,12,N,0
10.1571,77.2458,327.3,1.2,1.1,2024-03-26,1626,Terra,MODIS,100,61.03,289.5,35.7,N,0
10.2353,77.2834,321.4,1.2,1.1,2024-03-26,1626,Terra,MODIS,84,61.03,288.8,24.1,N,0
10.1324,77.391,320.6,1.1,1,2024-03-27,0441,Terra,MODIS,65,61.03,299,15,D,0
10.0819,77.2288,325.9,1.1,1,2024-03-27,0441,Terra,MODIS,74,61.03,302,20.6,D,0
10.0807,77.2373,342.8,1.1,1,2024-03-27,0441,Terra,MODIS,90,61.03,304,48.6,D,0
10.0269,77.2019,325.8,1.9,1.3,2024-03-27,0828,Aqua,MODIS,62,61.03,297.1,46.2,D,0
10.0773,77.2371,326.3,1.8,1.3,2024-03-27,0828,Aqua,MODIS,69,61.03,294.9,48.8,D,0
10.773,77.3963,339,1.7,1.3,2024-03-27,0828,Aqua,MODIS,62,61.03,315.5,39.7,D,0
11.9094,77.0787,330.5,1.8,1.3,2024-03-27,0829,Aqua,MODIS,52,61.03,315.7,31.6,D,0
11.1773,76.5855,307.2,2.5,1.5,2024-03-27,1707,Terra,MODIS,63,61.03,294.3,27.6,N,0
11.2018,76.5881,308.7,1.9,1.3,2024-03-27,2043,Aqua,MODIS,75,61.03,288.4,25.6,N,0
11.4875,76.7935,315.3,2.7,1.6,2024-03-28,0520,Terra,MODIS,52,61.03,298.8,35,D,0
9.0805,77.261,330.7,1.6,1.3,2024-03-28,0909,Aqua,MODIS,52,61.03,302.7,31.5,D,0
11.0731,76.5381,327.5,1.6,1.2,2024-03-28,0909,Aqua,MODIS,64,61.03,305.2,26.1,D,0
11.4831,76.7854,321.5,1.7,1.3,2024-03-28,0909,Aqua,MODIS,35,61.03,302.5,15.6,D,0
12.421,75.9946,332.2,1.5,1.2,2024-03-28,0910,Aqua,MODIS,74,61.03,313.7,20.1,D,0
12.6643,76.4502,331.7,1.6,1.3,2024-03-28,0910,Aqua,MODIS,73,61.03,314.2,23,D,0
9.9111,77.2234,306.6,1.3,1.1,2024-03-29,1649,Terra,MODIS,65,61.03,291.6,9.2,N,0
11.5051,76.7668,301.7,1.3,1.1,2024-03-29,1649,Terra,MODIS,29,61.03,290.4,5.5,N,0
11.9417,77.2097,336.1,1.4,1.2,2024-03-30,0503,Terra,MODIS,85,61.03,300.1,47.8,D,0
11.9397,77.2226,337.8,1.4,1.2,2024-03-30,0503,Terra,MODIS,86,61.03,304.2,49.6,D,0
9.865,76.7101,319.3,1.4,1.2,2024-03-30,0504,Terra,MODIS,57,61.03,300.3,13.7,D,0
9.4449,76.4879,322.5,1,1,2024-03-30,0853,Aqua,MODIS,36,61.03,301.9,9,D,0
9.4436,76.479,327.9,1,1,2024-03-30,0853,Aqua,MODIS,76,61.03,302.3,15.1,D,0
9.4564,76.5044,334.7,1,1,2024-03-30,0853,Aqua,MODIS,59,61.03,300.9,23.4,D,0
9.4538,76.4866,323.9,1,1,2024-03-30,0853,Aqua,MODIS,51,61.03,301.6,10.1,D,0
9.4525,76.4777,337,1,1,2024-03-30,0853,Aqua,MODIS,85,61.03,303.1,27.4,D,0
9.489,76.4175,320.9,1,1,2024-03-30,0853,Aqua,MODIS,0,61.03,301.6,9.4,D,0
10.492,76.5927,328.3,1,1,2024-03-30,0853,Aqua,MODIS,53,61.03,304.1,16.5,D,0
11.0817,76.5317,357.6,1,1,2024-03-30,0853,Aqua,MODIS,98,61.03,308,69.1,D,0
11.0804,76.5226,324.7,1,1,2024-03-30,0853,Aqua,MODIS,36,61.03,304.7,11.9,D,0
11.4819,76.7504,322.5,1,1,2024-03-30,0853,Aqua,MODIS,47,61.03,306.4,8.6,D,0
12.2628,75.7713,336.8,1,1,2024-03-30,0854,Aqua,MODIS,82,61.03,309.6,27.1,D,0
12.4136,75.975,331.8,1,1,2024-03-30,0854,Aqua,MODIS,75,61.03,316,10.3,D,0
12.4123,75.966,333.3,1,1,2024-03-30,0854,Aqua,MODIS,77,61.03,316.9,12.4,D,0
11.4635,76.992,323.2,1,1,2024-03-30,2108,Aqua,MODIS,100,61.03,290.8,22.4,N,0
11.1594,76.5641,305.9,1,1,2024-03-30,2108,Aqua,MODIS,65,61.03,289.2,7.2,N,0
10.1072,77.0996,330,1,1,2024-03-31,1632,Terra,MODIS,100,61.03,289.4,32.6,N,0
10.1059,77.0904,315,1,1,2024-03-31,1632,Terra,MODIS,90,61.03,288.1,15.8,N,0
11.2572,77.0817,332.2,1,1,2024-03-31,1632,Terra,MODIS,100,61.03,298.8,30.2,N,0
11.9352,77.1814,308,1,1,2024-03-31,1632,Terra,MODIS,67,61.03,294.1,7.4,N,0
11.9339,77.1722,307.1,1,1,2024-03-31,1632,Terra,MODIS,63,61.03,294.5,6.6,N,0
11.417,76.6324,324.3,1,1,2024-04-01,0446,Terra,MODIS,61,61.03,302.2,17.6,D,0
12.385,76.9586,321.5,1,1,2024-04-01,0446,Terra,MODIS,51,61.03,304.2,7.6,D,0
12.3837,76.9678,320,1,1,2024-04-01,0446,Terra,MODIS,31,61.03,303.7,6.3,D,0
11.1691,76.5582,328.6,1,1,2024-04-01,0446,Terra,MODIS,69,61.03,303,21.1,D,0
11.16,76.5575,351.2,1,1,2024-04-01,0446,Terra,MODIS,95,61.03,305.2,61.1,D,0
10.112,77.3794,316.2,1,1,2024-04-01,0447,Terra,MODIS,24,61.03,300.3,6.5,D,0
10.114,77.1008,327.7,1,1,2024-04-01,0447,Terra,MODIS,77,61.03,304.1,19.7,D,0
9.6728,76.4457,320.5,1,1,2024-04-01,0447,Terra,MODIS,60,61.03,304.9,9.2,D,0
9.5583,76.928,318.5,1,1,2024-04-01,0447,Terra,MODIS,60,61.03,300.2,8.7,D,0
10.9145,76.2583,307,1.4,1.2,2024-04-01,2052,Aqua,MODIS,66,61.03,294.6,8.7,N,0
8.5384,77.2975,312.7,1.1,1.1,2024-04-01,2052,Aqua,MODIS,84,61.03,293.3,12.3,N,0
11.1731,76.5005,301.5,2,1.4,2024-04-02,1615,Terra,MODIS,19,61.03,290.7,13.7,N,0
9.8387,77.2468,326.9,1.3,1.1,2024-04-04,0902,Aqua,MODIS,50,61.03,301.6,16.3,D,0
9.8369,77.2342,338.7,1.2,1.1,2024-04-04,0902,Aqua,MODIS,87,61.03,300.4,39.8,D,0
9.8388,77.2404,339.1,1.3,1.1,2024-04-04,0902,Aqua,MODIS,87,61.03,301.2,41,D,0
9.8372,77.2282,326,1.2,1.1,2024-04-04,0902,Aqua,MODIS,68,61.03,299.5,17.6,D,0
10.7791,76.0301,327.2,1.1,1,2024-04-04,0902,Aqua,MODIS,61,61.03,304.2,12.6,D,0
10.8166,76.0959,328.5,1.1,1.1,2024-04-04,0902,Aqua,MODIS,65,61.03,305.6,14,D,0
11.5042,76.7992,300.4,1.3,1.1,2024-04-04,2117,Aqua,MODIS,28,61.03,284.3,7.1,N,0
11.1775,76.5607,303.7,1,1,2024-04-05,1638,Terra,MODIS,45,61.03,291.2,5.6,N,0
11.5058,76.8055,311.2,1,1,2024-04-05,1638,Terra,MODIS,47,61.03,295,8.9,N,0
11.5046,76.7965,319.2,1,1,2024-04-05,1638,Terra,MODIS,98,61.03,294.7,15.6,N,0
11.5033,76.7875,331.6,1,1,2024-04-05,1638,Terra,MODIS,100,61.03,294.6,29.9,N,0
11.5134,76.7953,315.5,1,1,2024-04-05,1638,Terra,MODIS,91,61.03,295.5,12.4,N,0
11.5122,76.7862,309.8,1,1,2024-04-05,1638,Terra,MODIS,72,61.03,293.7,7.9,N,0
11.4997,76.7847,328.2,1,1,2024-04-06,0452,Terra,MODIS,72,61.03,305.4,17.1,D,0
11.4983,76.7936,341.9,1,1,2024-04-06,0452,Terra,MODIS,89,61.03,304.6,37.2,D,0
11.2059,76.5151,350,1,1,2024-04-06,0452,Terra,MODIS,94,61.03,302.5,58.1,D,0
11.5146,76.8058,320.8,1,1,2024-04-06,0452,Terra,MODIS,36,61.03,304.1,8.3,D,0
11.2046,76.524,355.8,1,1,2024-04-06,0452,Terra,MODIS,97,61.03,305.5,71.6,D,0
11.4762,76.7824,344.6,1,1,2024-04-06,0846,Aqua,MODIS,90,61.03,309.5,41.9,D,0
10.562,77.3364,331.7,1,1,2024-04-06,0846,Aqua,MODIS,59,61.03,313.5,11.8,D,0
10.5606,77.3273,333.5,1,1,2024-04-06,0846,Aqua,MODIS,68,61.03,315,13.7,D,0
11.1347,76.5343,323.1,1.1,1,2024-04-06,0846,Aqua,MODIS,35,61.03,304.8,12.5,D,0
11.2059,76.5203,338.1,1.1,1,2024-04-06,0846,Aqua,MODIS,84,61.03,303.1,35.6,D,0
11.2043,76.5103,328.8,1.1,1,2024-04-06,0846,Aqua,MODIS,72,61.03,302.6,21.5,D,0
11.4054,76.7996,325.5,1,1,2024-04-06,0846,Aqua,MODIS,64,61.03,302.3,16.8,D,0
11.443,76.8062,324.7,1,1,2024-04-06,0846,Aqua,MODIS,63,61.03,305.7,13.4,D,0
11.4776,76.7918,348.5,1,1,2024-04-06,0846,Aqua,MODIS,93,61.03,308.2,50.4,D,0
11.4734,76.7634,326.6,1,1,2024-04-06,0846,Aqua,MODIS,68,61.03,308,13.7,D,0
11.4955,76.7886,371.6,1,1,2024-04-06,0846,Aqua,MODIS,100,61.03,311.4,115,D,0
11.4941,76.7791,331.4,1,1,2024-04-06,0846,Aqua,MODIS,36,61.03,307.7,18.6,D,0
11.4816,76.6952,323,1,1,2024-04-06,0846,Aqua,MODIS,35,61.03,306.8,9.1,D,0
11.5071,76.8051,338.2,1,1,2024-04-06,0846,Aqua,MODIS,76,61.03,309.3,28.2,D,0
11.5044,76.787,326.8,1,1,2024-04-06,0846,Aqua,MODIS,39,61.03,307.3,13.4,D,0
11.5147,76.7943,337.4,1,1,2024-04-06,0846,Aqua,MODIS,75,61.03,309.4,25.3,D,0
12.6621,76.4372,334.6,1,1,2024-04-06,0847,Aqua,MODIS,81,61.03,318.6,16.6,D,0
10.9673,77.0147,313.2,4.7,2,2024-04-06,1719,Terra,MODIS,81,61.03,296.1,87.4,N,0
10.9674,77.0077,314.9,4.7,2,2024-04-06,1719,Terra,MODIS,87,61.03,296.1,100.2,N,0
11.4973,76.7932,312.8,1,1,2024-04-06,2101,Aqua,MODIS,86,61.03,290.9,12.5,N,0
10.9597,77.0073,316.5,1,1,2024-04-06,2101,Aqua,MODIS,93,61.03,298.2,12.3,N,0
10.9583,77.0163,330.9,1,1,2024-04-06,2101,Aqua,MODIS,100,61.03,300.1,28.1,N,0
10.2805,77.2189,310.4,1.4,1.2,2024-04-07,1621,Terra,MODIS,76,61.03,294.4,13.6,N,0
10.958,77.011,314.7,1.4,1.2,2024-04-07,1621,Terra,MODIS,86,61.03,299.8,16.3,N,0
11.1851,76.6132,307,1.5,1.2,2024-04-07,1621,Terra,MODIS,56,61.03,293,11.8,N,0
11.191,76.621,313.1,1.5,1.2,2024-04-07,1621,Terra,MODIS,83,61.03,292.4,21,N,0
11.2091,76.527,335.4,1.5,1.2,2024-04-07,1621,Terra,MODIS,100,61.03,290,70.7,N,0
11.2068,76.5122,312.4,1.5,1.2,2024-04-07,1621,Terra,MODIS,81,61.03,288.5,23.8,N,0
11.5022,76.7711,302.2,1.5,1.2,2024-04-07,1621,Terra,MODIS,25,61.03,289.4,7.4,N,0
11.4999,76.7567,302.4,1.5,1.2,2024-04-07,1621,Terra,MODIS,30,61.03,291.4,8.1,N,0
11.2031,76.5248,334.1,1.5,1.2,2024-04-08,0435,Terra,MODIS,79,61.03,304.4,47.2,D,0
10.242,77.3823,339.5,1.2,1.1,2024-04-08,0435,Terra,MODIS,87,61.03,299.6,49.9,D,0
11.5607,76.6511,331.6,1.8,1.3,2024-04-08,0830,Aqua,MODIS,57,61.03,315.5,28,D,0
9.4356,76.4861,321.2,2.1,1.4,2024-04-08,0830,Aqua,MODIS,49,61.03,300,28.8,D,0
11.2067,76.5261,327.5,1.9,1.3,2024-04-08,0830,Aqua,MODIS,65,61.03,298.4,53.8,D,0
11.4658,76.6327,320,1.9,1.3,2024-04-08,0830,Aqua,MODIS,36,61.03,300.6,24.1,D,0
11.6777,77.4961,340.1,1.6,1.2,2024-04-08,0830,Aqua,MODIS,87,61.03,306.5,68.4,D,0
11.5629,76.6388,333.8,1.8,1.3,2024-04-08,0830,Aqua,MODIS,15,61.03,315.3,34.2,D,0
11.5579,76.6348,333.4,1.8,1.3,2024-04-08,0830,Aqua,MODIS,59,61.03,316.3,38.3,D,0
11.2137,76.5196,318.5,2,1.4,2024-04-08,1701,Terra,MODIS,96,61.03,288,50.5,N,0
11.2154,76.5234,318.8,2.1,1.4,2024-04-09,0515,Terra,MODIS,54,61.03,297,37.6,D,0
10.3181,77.4983,320.4,2.7,1.6,2024-04-09,0516,Terra,MODIS,70,61.03,294.9,53.9,D,0
9.5013,76.4613,324.5,1.5,1.2,2024-04-09,0911,Aqua,MODIS,44,61.03,298.8,25,D,0
10.2301,77.376,326.9,1.8,1.3,2024-04-09,0911,Aqua,MODIS,68,61.03,294.1,46.8,D,0
10.2887,77.4584,329.4,1.9,1.3,2024-04-09,0911,Aqua,MODIS,76,61.03,303.5,43.9,D,0
10.3167,77.4881,329.1,1.9,1.3,2024-04-09,0911,Aqua,MODIS,76,61.03,302.7,40.7,D,0
10.3125,77.5,323.2,1.9,1.3,2024-04-09,0911,Aqua,MODIS,56,61.03,302.3,23,D,0
10.3103,77.4832,326.5,1.9,1.3,2024-04-09,0911,Aqua,MODIS,70,61.03,304.2,32.3,D,0
10.52,76.6088,329.4,1.6,1.3,2024-04-09,0911,Aqua,MODIS,59,61.03,310.7,23.6,D,0
10.5311,76.6073,332.7,1.6,1.3,2024-04-09,0911,Aqua,MODIS,63,61.03,312.2,29.3,D,0
11.2002,76.6377,326.1,1.7,1.3,2024-04-09,0911,Aqua,MODIS,61,61.03,303.6,32.2,D,0
11.2104,76.5387,327.1,1.6,1.3,2024-04-09,0911,Aqua,MODIS,63,61.03,299.2,33.9,D,0
11.2086,76.5243,388.1,1.6,1.3,2024-04-09,0911,Aqua,MODIS,100,61.03,308.3,373.2,D,0
11.2197,76.5229,389.2,1.6,1.3,2024-04-09,0911,Aqua,MODIS,87,61.03,308.3,383.7,D,0
11.218,76.5093,326.4,1.6,1.3,2024-04-09,0911,Aqua,MODIS,56,61.03,300.3,31.4,D,0
11.7319,77.0491,326.9,1.8,1.3,2024-04-09,0911,Aqua,MODIS,62,61.03,311,18.9,D,0
10.3223,77.4915,303.7,2.9,1.6,2024-04-09,1604,Terra,MODIS,22,61.03,293.4,22,N,0
11.2156,76.5233,321.8,3.3,1.7,2024-04-09,1604,Terra,MODIS,100,61.03,287.1,124.7,N,0
11.2134,76.5181,318.8,3.3,1.7,2024-04-09,1604,Terra,MODIS,97,61.03,287.3,108.5,N,0
11.2238,76.5262,310.8,1.7,1.3,2024-04-09,2125,Aqua,MODIS,81,61.03,285.4,28.1,N,0
11.2213,76.5413,310.5,1.7,1.3,2024-04-09,2125,Aqua,MODIS,80,61.03,284.8,27.5,N,0
11.2144,76.5309,366.9,3.1,1.7,2024-04-10,0418,Terra,MODIS,100,61.03,300,529.2,D,0
11.2146,76.5232,356.3,3.1,1.7,2024-04-10,0418,Terra,MODIS,98,61.03,299.5,377,D,0
11.2112,76.5515,328,3.1,1.7,2024-04-10,0418,Terra,MODIS,76,61.03,295.9,109.7,D,0
10.2345,77.3763,317.4,2.6,1.5,2024-04-10,0418,Terra,MODIS,47,61.03,294.5,43.9,D,0
10.2322,77.3769,320.3,1.1,1.1,2024-04-10,1644,Terra,MODIS,100,61.03,289.3,23.5,N,0
10.2309,77.3671,306.4,1.1,1.1,2024-04-10,1644,Terra,MODIS,8,61.03,285.9,9.8,N,0
10.2416,77.3757,308.2,1.1,1.1,2024-04-10,1644,Terra,MODIS,42,61.03,285.8,11.5,N,0
10.3398,77.4954,335.4,1.2,1.1,2024-04-10,1644,Terra,MODIS,100,61.03,296.7,41.3,N,0
10.4319,77.0898,307.8,1.1,1,2024-04-10,1644,Terra,MODIS,53,61.03,292.7,9.1,N,0
10.5276,76.6263,306.4,1.1,1,2024-04-10,1644,Terra,MODIS,26,61.03,295.9,4.2,N,0
10.5262,76.6165,306,1.1,1,2024-04-10,1644,Terra,MODIS,33,61.03,295.5,3.8,N,0
10.9252,76.579,307.1,1.1,1,2024-04-10,1644,Terra,MODIS,48,61.03,295.8,5.6,N,0
12.1647,77.1752,309.2,1.2,1.1,2024-04-10,1644,Terra,MODIS,71,61.03,296.8,7.6,N,0
10.3446,77.4968,305,3.1,1.7,2024-04-10,2029,Aqua,MODIS,60,61.03,292.7,32.7,N,0
10.3432,77.4929,303,3.1,1.7,2024-04-10,2029,Aqua,MODIS,32,61.03,292.6,25.4,N,0
11.342,76.1472,322,1,1,2024-04-11,0855,Aqua,MODIS,45,61.03,302.5,10.4,D,0
11.6771,76.2984,337.1,1,1,2024-04-11,0855,Aqua,MODIS,62,61.03,310,24.7,D,0
11.686,76.297,394,1,1,2024-04-11,0855,Aqua,MODIS,100,61.03,310.6,207.8,D,0
11.6847,76.288,412.2,1,1,2024-04-11,0855,Aqua,MODIS,100,61.03,313.5,324,D,0
11.9249,77.2065,323.5,1.1,1,2024-04-11,0855,Aqua,MODIS,34,61.03,300.9,12.7,D,0
12.3848,75.0703,327.1,1,1,2024-04-11,0855,Aqua,MODIS,67,61.03,306.8,10.5,D,0
12.5216,75.0061,328,1,1,2024-04-11,0855,Aqua,MODIS,55,61.03,307.6,12.1,D,0
10.2417,77.3749,300.4,1.1,1,2024-04-11,2110,Aqua,MODIS,22,61.03,286.1,6.4,N,0
12.0936,77.0559,331.9,2.4,1.5,2024-04-15,0823,Aqua,MODIS,79,61.03,308.5,60.2,D,0
11.2159,76.5207,337.8,2.7,1.6,2024-04-15,0823,Aqua,MODIS,86,61.03,298.4,155.2,D,0
11.2115,76.4947,328.8,2.7,1.6,2024-04-15,0823,Aqua,MODIS,77,61.03,293.1,102.2,D,0
11.2067,76.5163,339.4,2.7,1.6,2024-04-15,0823,Aqua,MODIS,87,61.03,297.9,166.5,D,0
12.5368,77.4922,325.2,2.1,1.4,2024-04-15,0823,Aqua,MODIS,33,61.03,309.5,22.2,D,0
11.2197,76.5178,309,1.3,1.1,2024-04-15,1650,Terra,MODIS,51,61.03,285.8,13.9,N,0
9.4312,76.4035,319.7,1.1,1.1,2024-04-16,0903,Aqua,MODIS,60,61.03,289.3,11,D,0
11.2182,76.5084,320.3,1.2,1.1,2024-04-16,0904,Aqua,MODIS,30,61.03,295.4,13.8,D,0
11.4813,76.5813,326.5,1.2,1.1,2024-04-16,0904,Aqua,MODIS,67,61.03,295.8,23,D,0
12.1621,76.0835,352.7,1.2,1.1,2024-04-16,0904,Aqua,MODIS,95,61.03,309.4,69.1,D,0
11.2847,76.3719,321.6,1,1,2024-04-18,0447,Terra,MODIS,49,61.03,290.3,15.1,D,0
10.2881,77.4186,329.8,1,1,2024-04-18,0847,Aqua,MODIS,78,61.03,302.5,18.3,D,0
12.7556,75.103,317.2,1.2,1.1,2024-04-18,0848,Aqua,MODIS,53,61.03,294.9,8.7,D,0
10.2292,77.3854,344.2,1.7,1.3,2024-04-20,0831,Aqua,MODIS,92,61.03,292.3,100.7,D,0
10.54,76.1575,316.9,1.7,1.3,2024-04-21,0510,Terra,MODIS,44,61.03,296.7,12,D,0
10.5403,76.1512,317.2,1.7,1.3,2024-04-21,0510,Terra,MODIS,62,61.03,296.6,13.2,D,0
9.418,76.3535,319.2,1.5,1.2,2024-04-21,0912,Aqua,MODIS,0,61.03,297.5,10.5,D,0
11.0128,76.6041,323.2,1.7,1.3,2024-04-21,0912,Aqua,MODIS,46,61.03,298,27.8,D,0
10.2319,77.3597,325.2,3.5,1.8,2024-04-22,0815,Aqua,MODIS,0,61.03,284.6,126.1,D,0
10.2363,77.3662,325.4,3.5,1.8,2024-04-22,0815,Aqua,MODIS,0,61.03,282,130.9,D,0
12.5889,77.1089,327.9,1,1,2024-04-23,0453,Terra,MODIS,70,61.03,309.8,10.7,D,0
12.7231,75.884,318,1,1,2024-04-23,0453,Terra,MODIS,32,61.03,304.2,6.5,D,0
11.2848,76.3757,318.3,1,1,2024-04-23,0453,Terra,MODIS,46,61.03,303.7,7.6,D,0
10.2401,77.3747,316.1,1.1,1,2024-04-23,0453,Terra,MODIS,36,61.03,298.6,9.6,D,0
9.4192,76.4395,321.2,1,1,2024-04-23,0453,Terra,MODIS,41,61.03,306.4,9.4,D,0
11.4815,76.6072,327.5,1,1,2024-04-23,0856,Aqua,MODIS,64,61.03,303,16.2,D,0
9.3812,76.4914,319.8,1,1,2024-04-23,0856,Aqua,MODIS,60,61.03,302.1,7.3,D,0
11.0747,76.6624,336.5,1,1,2024-04-23,0856,Aqua,MODIS,79,61.03,309.6,24.1,D,0
11.2109,76.5166,324.8,1,1,2024-04-23,0856,Aqua,MODIS,49,61.03,306.6,15.3,D,0
11.436,76.6754,324.2,1,1,2024-04-23,0856,Aqua,MODIS,35,61.03,304.5,13.1,D,0
11.4804,76.6637,324.7,1,1,2024-04-23,0856,Aqua,MODIS,32,61.03,306.2,11.2,D,0
11.4752,76.6267,322.2,1,1,2024-04-23,0856,Aqua,MODIS,32,61.03,305.8,10,D,0
11.4907,76.672,324.9,1,1,2024-04-23,0856,Aqua,MODIS,44,61.03,304.5,10.4,D,0
11.4893,76.6625,323.2,1,1,2024-04-23,0856,Aqua,MODIS,35,61.03,304.3,9.3,D,0
12.565,76.0661,332.5,1,1,2024-04-23,0857,Aqua,MODIS,70,61.03,316.4,10.8,D,0
11.9491,77.2103,303.6,1.1,1,2024-04-23,2110,Aqua,MODIS,56,61.03,291.3,5.8,N,0
11.6194,77.0722,303.9,1.1,1,2024-04-23,2110,Aqua,MODIS,57,61.03,293,5.4,N,0
9.7464,77.3733,305.4,1.3,1.1,2024-04-24,1621,Terra,MODIS,20,61.03,290.7,6.8,N,0
10.2412,77.3937,315.7,1.3,1.1,2024-04-24,1621,Terra,MODIS,92,61.03,289.9,22.2,N,0
10.2395,77.382,316.6,1.3,1.1,2024-04-24,1621,Terra,MODIS,94,61.03,288.9,23.6,N,0
10.2342,77.3468,312.6,1.3,1.1,2024-04-24,1621,Terra,MODIS,85,61.03,285,19.3,N,0
11.7676,77.187,307.3,1.3,1.1,2024-04-24,1622,Terra,MODIS,64,61.03,292.6,9.7,N,0
11.7659,77.1756,307.5,1.3,1.1,2024-04-24,1622,Terra,MODIS,65,61.03,292.1,9.9,N,0
11.7776,77.1856,308,1.3,1.1,2024-04-24,1622,Terra,MODIS,61,61.03,292.7,9.8,N,0
10.3205,77.1546,324,1.2,1.1,2024-04-25,0436,Terra,MODIS,47,61.03,302.7,15.7,D,0
10.3192,77.1645,332.4,1.2,1.1,2024-04-25,0436,Terra,MODIS,81,61.03,309.2,27.8,D,0
10.3167,77.1582,325,1.2,1.1,2024-04-25,0436,Terra,MODIS,61,61.03,305,15.4,D,0
10.2251,77.3979,323.8,1.2,1.1,2024-04-25,0436,Terra,MODIS,44,61.03,296.3,19.8,D,0
9.9337,77.4381,330.2,1.2,1.1,2024-04-25,0436,Terra,MODIS,73,61.03,310.8,17,D,0
10.1818,77.3154,318.7,1.2,1.1,2024-04-25,0840,Aqua,MODIS,32,61.03,299.2,15.3,D,0
10.2226,77.3872,336.1,1.2,1.1,2024-04-25,0840,Aqua,MODIS,83,61.03,296.2,42.1,D,0
10.2261,77.3927,343.7,1.2,1.1,2024-04-25,0840,Aqua,MODIS,90,61.03,295.6,58.3,D,0
10.234,77.3799,360.5,1.2,1.1,2024-04-25,0840,Aqua,MODIS,100,61.03,298.7,106.5,D,0
10.2436,77.3781,354.9,1.2,1.1,2024-04-25,0840,Aqua,MODIS,97,61.03,298.4,86.9,D,0
10.2628,77.3745,337.2,1.2,1.1,2024-04-25,0840,Aqua,MODIS,79,61.03,302.5,40.7,D,0
10.2612,77.3639,340.5,1.2,1.1,2024-04-25,0840,Aqua,MODIS,87,61.03,299,49.3,D,0
10.2544,77.1259,365.6,1.3,1.1,2024-04-25,0840,Aqua,MODIS,100,61.03,300.5,134.5,D,0
10.3319,77.165,304.8,2.3,1.5,2024-04-25,1702,Terra,MODIS,34,61.03,286,22.7,N,0
10.3343,77.1702,307.8,1.2,1.1,2024-04-25,2055,Aqua,MODIS,73,61.03,284.4,10.2,N,0
10.3278,77.1739,304.5,1.1,1.1,2024-04-25,2055,Aqua,MODIS,61,61.03,284.3,8.5,N,0
11.4974,77.4801,321.4,2.7,1.6,2024-04-26,0516,Terra,MODIS,65,61.03,304.5,28.8,D,0
11.4794,76.6355,316.1,2.3,1.5,2024-04-26,0516,Terra,MODIS,23,61.03,299.9,30.5,D,0
11.4808,76.6288,319.3,2.3,1.5,2024-04-26,0516,Terra,MODIS,54,61.03,299.7,38.4,D,0
10.259,77.3882,339.7,2.8,1.6,2024-04-26,0516,Terra,MODIS,89,61.03,298.2,171.1,D,0
10.2454,77.3837,314.4,2.8,1.6,2024-04-26,0516,Terra,MODIS,45,61.03,296.1,39.7,D,0
10.2547,77.3795,332.7,2.8,1.6,2024-04-26,0516,Terra,MODIS,84,61.03,296.1,125.6,D,0
10.2506,77.4046,320.8,2.8,1.6,2024-04-26,0516,Terra,MODIS,66,61.03,296.9,65.9,D,0
10.2371,77.3994,313.1,2.8,1.6,2024-04-26,0516,Terra,MODIS,27,61.03,295.2,37.7,D,0
10.2422,77.3793,368.2,2.7,1.6,2024-04-26,0920,Aqua,MODIS,100,61.03,297.7,436.4,D,0
10.2564,77.3791,322.6,2.7,1.6,2024-04-26,0920,Aqua,MODIS,45,61.03,295.7,50.1,D,0
10.2325,77.3752,321.6,2.7,1.6,2024-04-26,0920,Aqua,MODIS,22,61.03,295.5,48.6,D,0
10.2465,77.3736,369,2.7,1.6,2024-04-26,0920,Aqua,MODIS,94,61.03,297.3,442.4,D,0
10.283,77.2121,325.4,2.6,1.6,2024-04-26,0920,Aqua,MODIS,64,61.03,300.6,50.7,D,0
11.472,76.6155,322.9,2.5,1.5,2024-04-26,0921,Aqua,MODIS,62,61.03,303.8,43.4,D,0
10.2402,77.3801,308.6,2.8,1.6,2024-04-26,1604,Terra,MODIS,70,61.03,288.2,42.3,N,0
10.254,77.3764,340.7,2.8,1.6,2024-04-26,1604,Terra,MODIS,100,61.03,289.4,199.4,N,0
10.2488,77.3958,317.5,2.8,1.6,2024-04-26,1604,Terra,MODIS,94,61.03,289.2,72.4,N,0
10.2448,77.3726,336.7,2.8,1.6,2024-04-26,1604,Terra,MODIS,100,61.03,289.8,173.9,N,0
10.4216,76.983,309.5,3,1.6,2024-04-26,1604,Terra,MODIS,67,61.03,291.5,41.4,N,0
10.4239,76.9779,307.8,3,1.6,2024-04-26,1604,Terra,MODIS,41,61.03,291.2,33.6,N,0
11.8751,77.1772,307.8,2.7,1.6,2024-04-26,1605,Terra,MODIS,66,61.03,292.6,28,N,0
10.2498,77.3579,336.4,2.4,1.5,2024-04-27,0419,Terra,MODIS,85,61.03,298.4,107,D,0
10.2472,77.3786,378.7,2.4,1.5,2024-04-27,0419,Terra,MODIS,100,61.03,306,513.2,D,0
10.2445,77.4002,338.1,2.4,1.5,2024-04-27,0419,Terra,MODIS,86,61.03,300.4,116.8,D,0
10.2421,77.3968,330.4,2.4,1.5,2024-04-27,0823,Aqua,MODIS,69,61.03,290.3,85,D,0
10.2385,77.3753,384.2,2.4,1.5,2024-04-27,0823,Aqua,MODIS,87,61.03,301.7,605.8,D,0
10.2347,77.3529,358.8,2.4,1.5,2024-04-27,0823,Aqua,MODIS,0,61.03,293.7,282.7,D,0
10.2516,77.3725,325.8,2.4,1.5,2024-04-27,0823,Aqua,MODIS,58,61.03,298,62.3,D,0
12.079,77.0426,328.4,2.4,1.5,2024-04-27,0824,Aqua,MODIS,54,61.03,310.5,34.2,D,0
12.0762,77.0363,329.9,2.4,1.5,2024-04-27,0824,Aqua,MODIS,68,61.03,311,41.4,D,0
11.2153,76.5933,375.9,1.1,1.1,2024-04-27,1645,Terra,MODIS,100,61.03,293.8,160.9,N,0
11.214,76.5832,303.5,1.1,1,2024-04-27,1645,Terra,MODIS,9,61.03,287.2,6.9,N,0
11.6202,77.3496,306.9,1.2,1.1,2024-04-27,1645,Terra,MODIS,41,61.03,295.9,5.2,N,0
11.219,76.5977,318.6,2.6,1.5,2024-04-27,2038,Aqua,MODIS,97,61.03,286.5,70.1,N,0
11.2032,76.614,304.2,2.6,1.5,2024-04-27,2038,Aqua,MODIS,49,61.03,289.4,25.3,N,0
11.2242,76.5936,313.7,2.6,1.5,2024-04-27,2038,Aqua,MODIS,87,61.03,285.2,52.4,N,0
11.2079,76.612,306.5,2.6,1.5,2024-04-27,2038,Aqua,MODIS,57,61.03,288.1,29.2,N,0
12.4992,75.679,317.7,1,1,2024-04-28,0458,Terra,MODIS,50,61.03,297.8,10.5,D,0
11.2148,76.5919,342.8,1.2,1.1,2024-04-28,0459,Terra,MODIS,90,61.03,298.5,53.3,D,0
11.2132,76.6024,315.1,1.2,1.1,2024-04-28,0459,Terra,MODIS,38,61.03,296.3,10.2,D,0
10.3619,77.1146,319,1.3,1.1,2024-04-28,0459,Terra,MODIS,69,61.03,297.3,18.1,D,0
10.3603,77.1251,328.9,1.3,1.1,2024-04-28,0459,Terra,MODIS,81,61.03,301.4,32.6,D,0
10.2524,77.3644,343.3,1.3,1.1,2024-04-28,0459,Terra,MODIS,92,61.03,300.7,63,D,0
10.2506,77.3761,352.1,1.3,1.1,2024-04-28,0459,Terra,MODIS,96,61.03,304.1,88.5,D,0
10.251,77.3697,348.7,1.3,1.1,2024-04-28,0459,Terra,MODIS,94,61.03,302.3,77.8,D,0
10.2493,77.3814,329.4,1.3,1.1,2024-04-28,0459,Terra,MODIS,37,61.03,303.8,29.4,D,0
10.2429,77.3562,324.1,1.3,1.1,2024-04-28,0459,Terra,MODIS,72,61.03,297.2,23.8,D,0
10.2411,77.3679,319.4,1.3,1.1,2024-04-28,0459,Terra,MODIS,52,61.03,299.3,15.7,D,0
9.9322,77.4434,324.5,1.3,1.1,2024-04-28,0459,Terra,MODIS,75,61.03,304.1,16.5,D,0
10.2429,77.366,345.2,1.3,1.1,2024-04-28,0904,Aqua,MODIS,92,61.03,284.8,71.4,D,0
10.2414,77.3543,333.1,1.3,1.1,2024-04-28,0904,Aqua,MODIS,82,61.03,278.1,42,D,0
10.253,77.3648,335.8,1.3,1.1,2024-04-28,0904,Aqua,MODIS,85,61.03,276.5,48.2,D,0
10.2514,77.3525,320.7,1.3,1.1,2024-04-28,0904,Aqua,MODIS,60,61.03,277.8,21,D,0
11.2108,76.5973,352.1,1.2,1.1,2024-04-28,0904,Aqua,MODIS,95,61.03,302.2,76.4,D,0
11.2092,76.5861,362,1.2,1.1,2024-04-28,0904,Aqua,MODIS,100,61.03,303.4,109.1,D,0
11.2204,76.5955,384.2,1.2,1.1,2024-04-28,0905,Aqua,MODIS,75,61.03,301.1,217,D,0
11.2189,76.5844,436.1,1.2,1.1,2024-04-28,0905,Aqua,MODIS,75,61.03,311.3,719.1,D,0
11.222,76.5895,362,1.2,1.1,2024-04-28,0905,Aqua,MODIS,75,61.03,303.9,112.3,D,0
11.2205,76.5785,345.5,1.2,1.1,2024-04-28,0905,Aqua,MODIS,68,61.03,303.9,60.4,D,0
11.4792,76.6197,327.3,1.2,1.1,2024-04-28,0905,Aqua,MODIS,63,61.03,305.5,19.8,D,0
11.4702,76.5543,332.3,1.2,1.1,2024-04-28,0905,Aqua,MODIS,77,61.03,302.4,30,D,0
12.5069,76.9636,328.4,1.3,1.1,2024-04-28,0905,Aqua,MODIS,53,61.03,312.3,11.1,D,0
12.5583,76.8177,337.2,1.3,1.1,2024-04-28,0905,Aqua,MODIS,80,61.03,314.8,26.1,D,0
12.5567,76.8059,335.6,1.3,1.1,2024-04-28,0905,Aqua,MODIS,77,61.03,313.9,22.3,D,0
11.4923,76.9373,307.6,1.3,1.1,2024-04-28,2119,Aqua,MODIS,54,61.03,290.7,11.4,N,0
11.4918,76.944,307.4,1.3,1.1,2024-04-28,2119,Aqua,MODIS,50,61.03,291.7,11,N,0
11.4969,76.718,305.9,1.3,1.1,2024-04-28,2119,Aqua,MODIS,65,61.03,290.4,10.4,N,0
11.4953,76.728,304.9,1.3,1.1,2024-04-28,2119,Aqua,MODIS,61,61.03,289.3,9.6,N,0
11.2187,76.5937,306.8,1.3,1.1,2024-04-28,2119,Aqua,MODIS,66,61.03,287.4,12.7,N,0
10.2524,77.3701,300.6,1.5,1.2,2024-04-28,2119,Aqua,MODIS,30,61.03,285.8,10.6,N,0
10.2469,77.3744,318.1,1.1,1,2024-04-29,1627,Terra,MODIS,96,61.03,284.4,18.8,N,0
10.256,77.3728,309.6,1.1,1,2024-04-29,1627,Terra,MODIS,78,61.03,283.7,11.3,N,0
10.2546,77.3633,344.3,1.1,1,2024-04-29,1627,Terra,MODIS,100,61.03,288.5,58.8,N,0
10.2533,77.3538,359.3,1.1,1,2024-04-29,1627,Terra,MODIS,100,61.03,289.2,96.6,N,0
10.2518,77.3438,303.4,1.1,1,2024-04-29,1627,Terra,MODIS,51,61.03,283.9,6.8,N,0
11.2052,76.6238,303.3,1.2,1.1,2024-04-29,1627,Terra,MODIS,13,61.03,284.9,7,N,0
11.4972,76.7269,333.8,1.1,1.1,2024-04-29,1627,Terra,MODIS,100,61.03,292.4,39.5,N,0
11.4956,76.7161,329.8,1.1,1.1,2024-04-29,1627,Terra,MODIS,100,61.03,294.1,33.1,N,0
11.4941,76.7058,311.8,1.1,1.1,2024-04-29,1627,Terra,MODIS,70,61.03,292.4,11.9,N,0
11.5063,76.724,313.1,1.1,1.1,2024-04-29,1627,Terra,MODIS,84,61.03,292.7,12.1,N,0
11.5048,76.7136,324.6,1.1,1.1,2024-04-29,1627,Terra,MODIS,100,61.03,293.6,25.4,N,0
11.5032,76.7031,308.7,1.1,1.1,2024-04-29,1627,Terra,MODIS,69,61.03,293.1,8.9,N,0
11.723,76.5523,320,1.1,1.1,2024-04-29,1627,Terra,MODIS,99,61.03,293.3,20.2,N,0
11.7215,76.5419,307.1,1.1,1.1,2024-04-29,1627,Terra,MODIS,63,61.03,292.6,7.7,N,0
11.5056,76.7278,322.3,1.1,1,2024-04-30,0441,Terra,MODIS,31,61.03,301.4,9.6,D,0
11.4949,76.7374,325.6,1.1,1,2024-04-30,0441,Terra,MODIS,72,61.03,302.5,14.7,D,0
10.2746,77.3611,326.4,1,1,2024-04-30,0442,Terra,MODIS,78,61.03,285,21,D,0
10.2733,77.3702,334.2,1,1,2024-04-30,0442,Terra,MODIS,85,61.03,288.7,30.7,D,0
10.2563,77.3526,363.9,1,1,2024-04-30,0442,Terra,MODIS,100,61.03,291.8,96.7,D,0
10.255,77.3617,374.7,1,1,2024-04-30,0442,Terra,MODIS,100,61.03,297.1,132.9,D,0
10.2537,77.3707,353.6,1,1,2024-04-30,0442,Terra,MODIS,97,61.03,293.2,66.5,D,0
10.2524,77.3799,342.6,1,1,2024-04-30,0442,Terra,MODIS,91,61.03,295.8,42.6,D,0
10.2461,77.3605,314.1,1,1,2024-04-30,0442,Terra,MODIS,32,61.03,289.4,7.4,D,0
10.2171,77.3798,316.9,1,1,2024-04-30,0848,Aqua,MODIS,35,61.03,286.2,11.2,D,0
11.4949,76.7308,337.2,1,1,2024-04-30,0848,Aqua,MODIS,85,61.03,301,27.8,D,0
11.4893,76.693,320.8,1,1,2024-04-30,0848,Aqua,MODIS,47,61.03,297.6,8.3,D,0
10.2595,77.367,310,2.1,1.4,2024-05-01,1610,Terra,MODIS,76,61.03,280,31.2,N,0
10.2566,77.3487,312.7,2.1,1.4,2024-05-01,1610,Terra,MODIS,83,61.03,282.7,36.3,N,0
10.2615,77.3606,314.6,2.1,1.4,2024-05-01,1610,Terra,MODIS,88,61.03,280.2,41.9,N,0
10.2612,77.3691,329.2,1.9,1.3,2024-05-02,0424,Terra,MODIS,79,61.03,290.4,48.1,D,0
10.2514,77.3524,324.3,1.9,1.3,2024-05-02,0424,Terra,MODIS,75,61.03,289.1,37,D,0
10.2528,77.3588,332.1,1.7,1.3,2024-05-02,0832,Aqua,MODIS,82,61.03,285,56.8,D,0
10.2503,77.3432,335,1.7,1.3,2024-05-02,0832,Aqua,MODIS,84,61.03,283.4,65.5,D,0
10.264,77.3566,353.4,1.7,1.3,2024-05-02,0832,Aqua,MODIS,96,61.03,282,142,D,0
10.2655,77.3646,333.9,1.7,1.3,2024-05-02,0832,Aqua,MODIS,82,61.03,282.1,61.6,D,0
10.263,77.3498,328.8,1.7,1.3,2024-05-02,0832,Aqua,MODIS,76,61.03,281.2,48.4,D,0
11.2203,76.584,306,1.3,1.1,2024-05-02,1650,Terra,MODIS,64,61.03,280,13,N,0
11.499,76.8576,300.7,1.4,1.2,2024-05-02,1650,Terra,MODIS,23,61.03,273.6,8.7,N,0
11.5096,76.8575,300.7,1.4,1.2,2024-05-02,1650,Terra,MODIS,20,61.03,275.6,8.2,N,0
11.5118,76.865,311.7,1.5,1.2,2024-05-03,0504,Terra,MODIS,58,61.03,278.4,14.3,D,0
11.2192,76.5794,326.3,1.4,1.2,2024-05-03,0504,Terra,MODIS,80,61.03,286.1,37.4,D,0
11.2172,76.5923,326.7,1.4,1.2,2024-05-03,0504,Terra,MODIS,81,61.03,283.7,38.9,D,0
10.2266,77.3973,318.4,1.7,1.3,2024-05-03,0505,Terra,MODIS,74,61.03,287.3,31.1,D,0
10.2243,77.4118,309.6,1.7,1.3,2024-05-03,0505,Terra,MODIS,53,61.03,282.2,17.4,D,0
11.2154,76.5856,317.3,1,1,2024-05-05,0447,Terra,MODIS,41,61.03,295.6,10.6,D,0
10.7612,75.9746,323.7,1,1,2024-05-05,0856,Aqua,MODIS,52,61.03,303,8.1,D,0
12.608,75.112,325.2,1,1,2024-05-05,0857,Aqua,MODIS,68,61.03,305.6,12.2,D,0
11.513,76.1782,313.7,1.4,1.2,2024-05-07,0840,Aqua,MODIS,19,61.03,294.6,10.3,D,0
11.9871,76.8924,322.7,1.3,1.1,2024-05-07,0840,Aqua,MODIS,69,61.03,302.4,10.2,D,0
12.6906,77.1122,327.2,1.2,1.1,2024-05-07,0840,Aqua,MODIS,68,61.03,306.2,10.2,D,0
12.791,76.5824,323.4,1.3,1.1,2024-05-07,0841,Aqua,MODIS,70,61.03,297.2,14.5,D,0
12.7891,76.5708,322.8,1.3,1.1,2024-05-07,0841,Aqua,MODIS,68,61.03,297.6,12.9,D,0
12.1188,77.2071,315.6,1.2,1.1,2024-05-15,0458,Terra,MODIS,17,61.03,296.5,8.7,D,0
11.4662,77.4728,311.8,1,1,2024-05-22,0446,Terra,MODIS,62,61.03,282.5,4.5,D,0
11.4319,77.4775,322,1.1,1,2024-06-05,0846,Aqua,MODIS,71,61.03,296.8,10.5,D,0
9.2612,77.4589,319.3,1.6,1.2,2024-07-10,0458,Terra,MODIS,56,61.03,297.5,12.6,D,0
10.2897,77.1403,317.8,1,1,2024-07-12,0440,Terra,MODIS,68,61.03,293.5,11.1,D,0
11.4984,77.0487,304.3,1.2,1.1,2024-07-23,1619,Terra,MODIS,59,61.03,290.3,4.8,N,0
11.4213,77.2287,318,1.4,1.2,2024-08-18,0456,Terra,MODIS,67,61.03,295.8,8.5,D,0
10.153,76.3918,319.9,1.1,1,2024-09-15,0859,Aqua,MODIS,72,61.03,301.3,10.2,D,2
12.5014,76.7141,316.2,1,1,2024-09-15,0859,Aqua,MODIS,57,61.03,299.2,6.6,D,0
12.5892,77.0627,320.1,1,1,2024-09-15,0859,Aqua,MODIS,60,61.03,301.9,8.4,D,0
9.5521,77.4569,307.6,1,1,2024-09-15,1627,Terra,MODIS,65,61.03,290.5,7,N,0
12.7821,77.4194,317.2,1,1,2024-09-16,0441,Terra,MODIS,40,61.03,300.3,8,D,2
12.2128,76.769,313.7,1,1,2024-09-16,0441,Terra,MODIS,56,61.03,298.4,5,D,0
12.1259,76.5569,301.2,1,1,2024-09-20,1632,Terra,MODIS,38,61.03,288.5,3.8,N,0
9.315,77.4735,328,1.2,1.1,2024-09-21,0446,Terra,MODIS,78,61.03,306.9,15.5,D,0
10.2401,77.2303,314.6,1.1,1,2024-09-25,0908,Aqua,MODIS,36,61.03,295.1,8,D,0
10.7751,77.2449,326.4,1.2,1.1,2024-10-18,0447,Terra,MODIS,80,61.03,293.7,24.6,D,0
10.767,77.2324,315.1,1.2,1.1,2024-10-18,0447,Terra,MODIS,53,61.03,292.7,11.4,D,0
10.7653,77.2434,316.2,1.2,1.1,2024-10-18,0447,Terra,MODIS,59,61.03,290,12.9,D,0
12.6785,77.4421,311.1,1.4,1.2,2024-10-23,0451,Terra,MODIS,26,61.03,294.5,7.7,D,0
10.9348,76.2056,313.4,1.2,1.1,2024-10-23,0451,Terra,MODIS,61,61.03,294.4,8.2,D,0
10.1522,76.3808,313.9,1.5,1.2,2024-10-24,0852,Aqua,MODIS,71,61.03,292.5,12.4,D,2
10.8354,77.0705,317.5,1.3,1.1,2024-10-24,0852,Aqua,MODIS,70,61.03,292.1,15.3,D,0
10.8336,77.0589,318.5,1.3,1.1,2024-10-24,0852,Aqua,MODIS,71,61.03,291.9,17,D,0
12.0888,76.7547,314.9,1.1,1.1,2024-10-27,0914,Aqua,MODIS,64,61.03,298.9,7.6,D,0
12.2146,76.7196,313.6,1.1,1.1,2024-10-27,0914,Aqua,MODIS,61,61.03,299.1,6.4,D,0
9.963,76.3955,303.5,1.3,1.1,2024-10-27,1641,Terra,MODIS,56,61.03,292.2,5.1,N,2
12.7787,77.4239,310.2,1.6,1.3,2024-10-28,0454,Terra,MODIS,42,61.03,296.9,9.2,D,2
12.3346,75.1578,314.5,1.2,1.1,2024-10-28,0454,Terra,MODIS,67,61.03,295.2,9.4,D,0
12.3289,75.1548,321.3,1.5,1.2,2024-10-29,0856,Aqua,MODIS,76,61.03,297.1,21.9,D,0
10.1519,76.3924,311.3,1.3,1.1,2024-10-29,0856,Aqua,MODIS,51,61.03,292.8,7.9,D,2
12.0099,76.6531,314.5,1.2,1.1,2024-10-29,0856,Aqua,MODIS,65,61.03,298.2,7,D,0
12.3373,75.14,316.5,1.5,1.2,2024-10-29,0856,Aqua,MODIS,65,61.03,297.7,14.1,D,0
12.7078,74.9789,313.3,1.5,1.2,2024-10-29,0856,Aqua,MODIS,66,61.03,297.7,11.7,D,0
12.7156,74.9854,316.6,1.3,1.1,2024-11-02,0458,Terra,MODIS,72,61.03,297.1,13,D,0
12.7057,74.984,315.4,1.3,1.1,2024-11-02,0458,Terra,MODIS,71,61.03,296.7,11.4,D,0
12.3415,75.1472,317.4,1.3,1.1,2024-11-02,0458,Terra,MODIS,74,61.03,296.9,14.1,D,0
12.4858,77.0345,313.9,1.2,1.1,2024-12-10,0858,Aqua,MODIS,69,61.03,297.2,9.7,D,0
12.1545,76.9151,313.6,1.2,1.1,2024-12-15,0859,Aqua,MODIS,68,61.03,299.6,9.1,D,0
12.7813,77.4187,308.4,1.3,1.1,2024-12-16,0445,Terra,MODIS,54,61.03,297.6,6.9,D,2
12.5719,74.9913,315.4,1,1,2024-12-23,0922,Aqua,MODIS,54,61.03,301.8,6.7,D,0
12.5706,74.9821,313.8,1,1,2024-12-23,0922,Aqua,MODIS,44,61.03,300.9,5.3,D,0
12.3441,76.5821,311.6,1.2,1.1,2024-12-25,0902,Aqua,MODIS,54,61.03,298.9,7.1,D,2
11.0801,76.0551,305.6,1.1,1.1,2024-12-28,2136,Aqua,MODIS,65,61.03,292.9,6.5,N,0
12.0132,76.802,309.8,1.7,1.3,2024-12-31,0453,Terra,MODIS,52,61.03,297.7,9,D,0
12.3585,76.788,321.4,1,1,2025-01-02,0435,Terra,MODIS,79,61.03,296.6,15.3,D,0
12.3298,77.4316,312,1.4,1.2,2025-01-02,0924,Aqua,MODIS,58,61.03,298.8,7.2,D,0
12.564,77.0419,319.2,1.3,1.1,2025-01-02,0924,Aqua,MODIS,72,61.03,301.3,15.2,D,0
12.562,77.0366,318.2,1.3,1.1,2025-01-02,0924,Aqua,MODIS,72,61.03,301.3,13.2,D,0
9.467,77.3014,318.6,1.1,1,2025-01-04,0904,Aqua,MODIS,71,61.03,295,16.2,D,0
9.4655,77.2917,320.9,1.1,1,2025-01-04,0904,Aqua,MODIS,74,61.03,294.7,18.8,D,0
10.0292,76.3824,320.5,2.6,1.6,2025-01-05,0944,Aqua,MODIS,76,61.03,300.9,44.3,D,0
10.0234,76.3757,318.1,2.6,1.6,2025-01-05,0944,Aqua,MODIS,73,61.03,301,32.6,D,0
12.42,77.0488,315.2,1,1,2025-01-07,0437,Terra,MODIS,71,61.03,296.1,10.8,D,0
10.6821,76.4965,311.6,1,1,2025-01-07,0437,Terra,MODIS,62,61.03,298.3,6.1,D,0
12.1099,76.7919,316.5,1.3,1.1,2025-01-07,0925,Aqua,MODIS,65,61.03,303.6,7.6,D,0
12.1319,76.5708,324.4,1.1,1,2025-01-09,0906,Aqua,MODIS,78,61.03,302,16.4,D,0
12.318,77.3745,312.3,1,1,2025-01-09,0906,Aqua,MODIS,45,61.03,298,5.8,D,0
12.3166,77.3652,312.4,1,1,2025-01-09,0906,Aqua,MODIS,49,61.03,297.8,6,D,0
12.6502,76.6399,324,1.1,1,2025-01-09,0906,Aqua,MODIS,78,61.03,299.8,17.2,D,0
12.6488,76.6303,315.6,1.1,1,2025-01-09,0906,Aqua,MODIS,66,61.03,298.8,8.5,D,0
12.6429,76.5918,316.1,1.1,1,2025-01-09,0906,Aqua,MODIS,67,61.03,300,8.5,D,0
10.8233,76.6707,311.6,2.3,1.5,2025-01-10,0458,Terra,MODIS,53,61.03,294.4,20.4,D,0
10.6768,76.5356,318.7,1.2,1.1,2025-01-12,0926,Aqua,MODIS,48,61.03,300.2,9.8,D,0
10.6946,76.5218,319.7,1.2,1.1,2025-01-12,0926,Aqua,MODIS,48,61.03,300.1,10.4,D,0
12.4175,76.7872,321.2,1.3,1.1,2025-01-12,0926,Aqua,MODIS,73,61.03,303.1,14.3,D,0
12.275,77.3735,301.7,1.3,1.1,2025-01-16,1629,Terra,MODIS,43,61.03,291,6,N,0
12.7697,76.9279,309.5,1.2,1.1,2025-01-17,0442,Terra,MODIS,52,61.03,296.3,6.7,D,0
12.6837,76.4074,310.6,1.1,1,2025-01-17,0442,Terra,MODIS,62,61.03,296.1,7.2,D,0
12.4204,76.7958,315.5,1.1,1.1,2025-01-17,0442,Terra,MODIS,71,61.03,298.1,11.3,D,0
10.7099,76.5018,309.7,1.2,1.1,2025-01-17,0442,Terra,MODIS,57,61.03,298.4,5.5,D,0
9.3476,76.3931,316,1.2,1.1,2025-01-17,0926,Aqua,MODIS,0,61.03,302.1,9.5,D,0
9.7965,76.9674,313.8,1.3,1.1,2025-01-17,0926,Aqua,MODIS,46,61.03,299.2,11.7,D,0
9.9625,76.3915,319.1,1.2,1.1,2025-01-17,0927,Aqua,MODIS,71,61.03,301.6,11,D,2
10.3591,76.9673,312.4,1.3,1.1,2025-01-17,0927,Aqua,MODIS,59,61.03,298.8,9.7,D,0
12.4218,76.8066,337.8,1.4,1.2,2025-01-17,0927,Aqua,MODIS,83,61.03,302.9,49.2,D,0
12.4202,76.7943,329.2,1.4,1.2,2025-01-17,0927,Aqua,MODIS,82,61.03,303,29.9,D,0
12.432,76.8049,328.3,1.4,1.2,2025-01-17,0927,Aqua,MODIS,81,61.03,301.2,29.1,D,0
12.4303,76.7926,323.1,1.4,1.2,2025-01-17,0927,Aqua,MODIS,76,61.03,300.4,19.1,D,0
12.4879,76.8404,315.2,1.4,1.2,2025-01-17,0927,Aqua,MODIS,63,61.03,300.8,9.4,D,0
12.6394,76.5962,315.5,1.3,1.1,2025-01-17,0927,Aqua,MODIS,63,61.03,301.9,8.2,D,0
12.3012,77.1598,311.5,1.3,1.1,2025-01-22,0444,Terra,MODIS,54,61.03,296.3,10,D,0
12.3144,76.8781,310,1.3,1.1,2025-01-22,0444,Terra,MODIS,59,61.03,296.3,6.8,D,0
11.127,77.1835,313.8,1.4,1.2,2025-01-22,0444,Terra,MODIS,67,61.03,296.7,9.7,D,0
11.9564,76.5918,317.6,1.3,1.1,2025-01-22,0928,Aqua,MODIS,44,61.03,297.7,8.2,D,0
12.287,77.2512,317.3,1.5,1.2,2025-01-22,0928,Aqua,MODIS,64,61.03,301.4,11.9,D,0
12.6355,76.8632,316.2,1.4,1.2,2025-01-22,0928,Aqua,MODIS,60,61.03,301.7,9.4,D,0
10.2631,77.1734,309.1,1,1,2025-01-24,0426,Terra,MODIS,62,61.03,293.9,7.2,D,0
11.7976,76.5269,311.8,1.1,1,2025-01-24,0909,Aqua,MODIS,25,61.03,301.6,5.3,D,0
12.0723,77.0565,320.4,1,1,2025-01-24,0909,Aqua,MODIS,69,61.03,303.9,10.3,D,0
12.2945,77.499,319.6,1,1,2025-01-24,0909,Aqua,MODIS,68,61.03,304.2,10.5,D,0
12.2954,77.4434,320.6,1,1,2025-01-24,0909,Aqua,MODIS,69,61.03,306.5,9.2,D,0
12.1812,76.6165,326.5,1.1,1,2025-01-24,0909,Aqua,MODIS,78,61.03,307.2,14.4,D,0
12.5335,77.3054,313.7,1,1,2025-01-24,0909,Aqua,MODIS,33,61.03,302.9,2.9,D,0
12.5431,77.2481,325.3,1,1,2025-01-24,0909,Aqua,MODIS,76,61.03,307.8,14.8,D,0
12.5417,77.239,321.3,1,1,2025-01-24,0909,Aqua,MODIS,70,61.03,306.6,10.3,D,0
12.6221,76.5997,323,1.1,1,2025-01-24,0909,Aqua,MODIS,73,61.03,307.3,10.7,D,0
12.6297,76.5888,322.1,1.1,1,2025-01-24,0909,Aqua,MODIS,63,61.03,306.7,9.3,D,0
12.6206,74.9697,315.4,1.3,1.1,2025-01-24,0909,Aqua,MODIS,60,61.03,303.7,8.4,D,0
12.6188,74.9585,317.9,1.3,1.1,2025-01-24,0909,Aqua,MODIS,66,61.03,303.6,11.6,D,0
12.6761,76.4636,315,3.2,1.7,2025-01-25,0948,Aqua,MODIS,52,61.03,302.5,27.9,D,0
12.7197,77.4575,319.2,1.9,1.3,2025-01-26,0849,Aqua,MODIS,60,61.03,308.1,20.4,D,0
9.5358,77.1049,312.4,1.3,1.1,2025-01-27,0928,Aqua,MODIS,57,61.03,295.5,10.5,D,0
9.7636,76.8189,315.9,1.3,1.1,2025-01-27,0928,Aqua,MODIS,52,61.03,296.8,10.3,D,0
9.8963,76.9001,314,1.3,1.1,2025-01-27,0928,Aqua,MODIS,27,61.03,299.9,8.6,D,0
9.9759,76.953,318.5,1.3,1.1,2025-01-27,0928,Aqua,MODIS,68,61.03,300.4,15.4,D,0
10.1528,77.052,312.5,1.3,1.1,2025-01-27,0928,Aqua,MODIS,49,61.03,300.1,10.7,D,0
11.6597,76.634,331.2,1.3,1.1,2025-01-27,0928,Aqua,MODIS,83,61.03,305.9,33.1,D,0
11.6581,76.6222,317.7,1.3,1.1,2025-01-27,0928,Aqua,MODIS,61,61.03,305.8,11.8,D,0
12.3024,77.087,319.9,1.4,1.2,2025-01-27,0929,Aqua,MODIS,67,61.03,307.6,10.6,D,0
12.7878,76.8261,318.8,1.4,1.2,2025-01-27,0929,Aqua,MODIS,60,61.03,307.9,10,D,0
12.3063,77.2337,303.1,1,1,2025-01-28,1614,Terra,MODIS,53,61.03,291.7,5.4,N,0
12.5505,76.9772,309.1,1,1,2025-01-29,0427,Terra,MODIS,55,61.03,298.2,4.7,D,0
12.1655,76.9627,318.2,1,1,2025-01-29,0428,Terra,MODIS,74,61.03,300.9,10,D,0
10.0135,76.863,312.1,1,1,2025-01-29,0428,Terra,MODIS,71,61.03,294.4,7.4,D,0
11.793,76.6711,324.5,1.1,1,2025-01-29,0909,Aqua,MODIS,76,61.03,311,10.1,D,0
12.1161,77.0406,326.8,1,1,2025-01-29,0909,Aqua,MODIS,77,61.03,308,14.4,D,0
12.3013,77.4791,324,1,1,2025-01-29,0909,Aqua,MODIS,73,61.03,310.4,11.6,D,0
12.3,77.4701,324.2,1,1,2025-01-29,0909,Aqua,MODIS,73,61.03,306.9,11.4,D,0
12.2735,76.9186,324.6,1,1,2025-01-29,0909,Aqua,MODIS,74,61.03,310,11.7,D,0
12.3181,76.9116,322,1,1,2025-01-29,0909,Aqua,MODIS,70,61.03,308.8,8.5,D,0
12.4567,77.3413,316.6,1,1,2025-01-29,0909,Aqua,MODIS,55,61.03,294.3,7.4,D,0
12.5055,76.6151,328,1.1,1,2025-01-29,0909,Aqua,MODIS,78,61.03,309.6,16,D,0
12.655,77.372,319.3,1,1,2025-01-29,0909,Aqua,MODIS,60,61.03,308.6,6.4,D,0
12.6327,76.4178,317.5,1.1,1,2025-01-29,0909,Aqua,MODIS,45,61.03,305.9,5.9,D,0
12.6313,76.4083,322.8,1.1,1,2025-01-29,0909,Aqua,MODIS,71,61.03,305.7,11.5,D,0
12.6462,76.445,346.8,1.1,1,2025-01-29,0909,Aqua,MODIS,93,61.03,310,48.8,D,0
12.6447,76.4354,318.2,1.1,1,2025-01-29,0909,Aqua,MODIS,48,61.03,307.1,5.3,D,0
12.731,76.7015,320.7,1,1,2025-01-29,0909,Aqua,MODIS,66,61.03,308.5,8.3,D,0
12.7043,74.9806,318.4,1.2,1.1,2025-01-29,0909,Aqua,MODIS,63,61.03,306.7,10.8,D,0
12.7141,74.9791,320.8,1.2,1.1,2025-01-29,0909,Aqua,MODIS,71,61.03,308.3,14.7,D,0
9.3664,77.1521,315.6,2.3,1.5,2025-01-31,0849,Aqua,MODIS,37,61.03,283.5,39.1,D,0
11.5017,76.4461,312.7,2.3,1.5,2025-01-31,0850,Aqua,MODIS,48,61.03,294.9,22.9,D,0
11.5039,76.4602,313.1,2.3,1.5,2025-01-31,0850,Aqua,MODIS,61,61.03,295.3,26,D,0
12.1199,76.7873,312,1.5,1.2,2025-02-01,0448,Terra,MODIS,62,61.03,296.6,7.8,D,0
12.2178,75.3034,317.6,1.1,1.1,2025-02-01,0929,Aqua,MODIS,48,61.03,303.3,7.8,D,0
12.6389,76.772,320.2,1.4,1.2,2025-02-01,0929,Aqua,MODIS,61,61.03,302.5,13,D,0
12.2068,76.6901,311.2,1,1,2025-02-03,0430,Terra,MODIS,44,61.03,300.4,3.2,D,0
12.0306,77.0247,314.5,1,1,2025-02-03,0430,Terra,MODIS,56,61.03,300.9,7.1,D,0
9.7796,76.9828,334.6,1.1,1,2025-02-03,0909,Aqua,MODIS,86,61.03,296.4,32.8,D,0
9.7887,76.9814,345.4,1.1,1,2025-02-03,0909,Aqua,MODIS,92,61.03,298.8,51,D,0
10.1959,77.1071,331.1,1.1,1,2025-02-03,0909,Aqua,MODIS,84,61.03,296.5,29.7,D,0
12.4029,77.4072,321.8,1,1,2025-02-03,0910,Aqua,MODIS,65,61.03,310.5,7.1,D,0
12.3028,77.42,328.9,1,1,2025-02-03,0910,Aqua,MODIS,77,61.03,315.3,13.2,D,0
12.2988,77.3929,327.2,1,1,2025-02-03,0910,Aqua,MODIS,66,61.03,313.6,11.4,D,0
12.7465,77.1007,327.3,1,1,2025-02-03,0910,Aqua,MODIS,75,61.03,312.8,13.9,D,0
12.7451,77.0915,321.8,1,1,2025-02-03,0910,Aqua,MODIS,65,61.03,311.5,7.6,D,0
12.7347,76.6592,321.7,1,1,2025-02-03,0910,Aqua,MODIS,67,61.03,309.3,9,D,0
12.7055,74.9861,316.4,1.2,1.1,2025-02-03,0910,Aqua,MODIS,38,61.03,302.6,8.6,D,0
12.7037,74.9749,320.6,1.3,1.1,2025-02-03,0910,Aqua,MODIS,64,61.03,303.7,13.7,D,0
12.7153,74.9847,318.4,1.2,1.1,2025-02-03,0910,Aqua,MODIS,54,61.03,304.1,11.6,D,0
12.7135,74.9734,320.9,1.3,1.1,2025-02-03,0910,Aqua,MODIS,64,61.03,305.1,14.5,D,0
12.5578,77.3116,320.8,3.7,1.8,2025-02-04,0949,Aqua,MODIS,63,61.03,301.3,63.2,D,0
12.2703,77.4694,322.5,3.8,1.8,2025-02-04,0949,Aqua,MODIS,73,61.03,298.9,84.3,D,0
12.5508,77.3077,317.7,3.7,1.8,2025-02-04,0949,Aqua,MODIS,28,61.03,301.4,39.9,D,0
12.7576,77.1066,319.1,3.6,1.8,2025-02-04,0949,Aqua,MODIS,67,61.03,302.4,45.9,D,0
12.4742,76.7485,328.6,1.8,1.3,2025-02-05,0411,Terra,MODIS,83,61.03,301.5,48,D,0
9.5372,77.1386,310.5,1.5,1.2,2025-02-05,0412,Terra,MODIS,40,61.03,296.6,13.2,D,0
12.2383,77.1207,318.5,2,1.4,2025-02-05,0850,Aqua,MODIS,65,61.03,304.6,17.6,D,0
12.6051,77.2484,326.2,1.9,1.4,2025-02-05,0850,Aqua,MODIS,73,61.03,305.6,39.2,D,0
9.4035,77.1217,316.3,2.3,1.5,2025-02-05,0850,Aqua,MODIS,62,61.03,300,35,D,0
9.4064,77.1395,315.3,2.3,1.5,2025-02-05,0850,Aqua,MODIS,42,61.03,297.7,31,D,0
12.7186,74.977,312.4,1.2,1.1,2025-02-06,0450,Terra,MODIS,57,61.03,302.1,8.4,D,0
12.7168,74.9882,312.7,1.3,1.1,2025-02-06,0450,Terra,MODIS,63,61.03,301.7,9.1,D,0
12.246,77.2462,320.3,1.5,1.2,2025-02-06,0929,Aqua,MODIS,39,61.03,307.4,11,D,0
12.2565,77.2447,335.2,1.5,1.2,2025-02-06,0929,Aqua,MODIS,85,61.03,308,42.2,D,0
12.2548,77.2312,327.5,1.5,1.2,2025-02-06,0929,Aqua,MODIS,77,61.03,307.3,24.4,D,0
12.2599,76.7218,322.7,1.4,1.2,2025-02-06,0929,Aqua,MODIS,69,61.03,310.7,10.1,D,0
12.4546,77.2726,323.9,1.5,1.2,2025-02-06,0929,Aqua,MODIS,60,61.03,310.8,15.2,D,0
12.4529,77.2594,323.6,1.5,1.2,2025-02-06,0929,Aqua,MODIS,59,61.03,309.6,15.3,D,0
12.4723,77.3248,323.8,1.5,1.2,2025-02-06,0929,Aqua,MODIS,71,61.03,310.7,14.6,D,0
12.4453,76.7335,319.6,1.4,1.2,2025-02-06,0929,Aqua,MODIS,44,61.03,308.2,8.6,D,0
12.6316,76.1431,321.1,1.3,1.1,2025-02-06,0930,Aqua,MODIS,43,61.03,309,9.2,D,0
12.63,76.1319,323.8,1.3,1.1,2025-02-06,0930,Aqua,MODIS,68,61.03,308.4,12.6,D,0
12.7699,77.2041,323.6,1.5,1.2,2025-02-06,0930,Aqua,MODIS,70,61.03,310.3,14.9,D,0
12.6321,76.1373,327.2,1.3,1.1,2025-02-06,0930,Aqua,MODIS,76,61.03,309.2,18.6,D,0
12.7976,76.6901,334.2,1.4,1.2,2025-02-06,0930,Aqua,MODIS,83,61.03,309.9,33.8,D,0
12.7959,76.6835,325.6,1.4,1.2,2025-02-06,0930,Aqua,MODIS,67,61.03,309.8,16.7,D,0
8.2065,77.3911,325.3,1,1,2025-02-07,1618,Terra,MODIS,100,61.03,294.2,21.6,N,0
8.2052,77.3823,307.8,1,1,2025-02-07,1618,Terra,MODIS,57,61.03,293.6,6.3,N,0
10.9786,76.2325,305.3,1,1,2025-02-07,1618,Terra,MODIS,64,61.03,295,5,N,2
12.2786,77.2241,309.5,1,1,2025-02-07,1619,Terra,MODIS,78,61.03,291.8,8.7,N,0
12.682,77.3475,305.5,1,1,2025-02-07,1619,Terra,MODIS,64,61.03,293.4,6.3,N,0
12.4624,77.1163,310.3,1,1,2025-02-08,0432,Terra,MODIS,51,61.03,299.5,5,D,0
10.2951,77.4868,318.6,1,1,2025-02-08,0909,Aqua,MODIS,71,61.03,295.4,13.5,D,0
9.4928,77.1267,311.7,1.1,1,2025-02-08,0909,Aqua,MODIS,17,61.03,297.1,7.3,D,0
9.5019,77.1252,355.6,1.1,1,2025-02-08,0909,Aqua,MODIS,98,61.03,301,78.3,D,0
9.5005,77.1158,314,1.1,1,2025-02-08,0909,Aqua,MODIS,43,61.03,297.7,8.3,D,0
9.5109,77.1238,336.9,1.1,1,2025-02-08,0909,Aqua,MODIS,87,61.03,299.6,36.4,D,0
9.5095,77.1144,345.4,1.1,1,2025-02-08,0909,Aqua,MODIS,93,61.03,299.4,52.4,D,0
9.6503,76.8834,315.5,1.1,1,2025-02-08,0909,Aqua,MODIS,60,61.03,301,8,D,0
9.7112,76.857,314.4,1.1,1,2025-02-08,0909,Aqua,MODIS,54,61.03,301,6.8,D,0
9.7979,77.006,314.4,1.1,1,2025-02-08,0909,Aqua,MODIS,33,61.03,298.3,8.1,D,0
10.0322,76.7786,318.1,1.1,1,2025-02-08,0909,Aqua,MODIS,33,61.03,302.9,8.3,D,0
10.0916,76.7424,318.2,1.1,1,2025-02-08,0909,Aqua,MODIS,70,61.03,306.1,8.7,D,0
12.5172,77.2556,320.2,1,1,2025-02-08,0910,Aqua,MODIS,56,61.03,306,7.5,D,0
11.0881,76.5509,316.2,1.1,1,2025-02-08,0910,Aqua,MODIS,40,61.03,301.6,10,D,0
12.2553,77.241,321.1,1,1,2025-02-08,0910,Aqua,MODIS,55,61.03,304.5,8.8,D,0
12.2539,77.2319,318.6,1,1,2025-02-08,0910,Aqua,MODIS,26,61.03,304,6.3,D,0
12.3208,77.4991,318,1,1,2025-02-08,0910,Aqua,MODIS,55,61.03,300.7,6.6,D,0
12.3141,77.454,318.6,1,1,2025-02-08,0910,Aqua,MODIS,59,61.03,301,6.2,D,0
12.3127,77.4449,318.7,1,1,2025-02-08,0910,Aqua,MODIS,60,61.03,302.5,6.4,D,0
12.3768,77.4933,322.6,1,1,2025-02-08,0910,Aqua,MODIS,69,61.03,301.7,11.4,D,0
12.3432,76.5987,331.2,1.1,1,2025-02-08,0910,Aqua,MODIS,81,61.03,307.1,20.4,D,2
12.5614,77.2487,326.1,1,1,2025-02-08,0910,Aqua,MODIS,75,61.03,304,14,D,0
12.6037,77.4732,318.1,1,1,2025-02-08,0910,Aqua,MODIS,59,61.03,303.8,5.3,D,0
12.5932,77.2808,320.9,1,1,2025-02-08,0910,Aqua,MODIS,66,61.03,305.9,8.3,D,0
12.3322,75.1495,321.7,1.2,1.1,2025-02-08,0910,Aqua,MODIS,67,61.03,304.6,14.4,D,0
12.3419,75.1479,319.7,1.2,1.1,2025-02-08,0910,Aqua,MODIS,59,61.03,304.3,11.3,D,0
12.6424,76.4347,316.4,1.1,1,2025-02-08,0910,Aqua,MODIS,44,61.03,304.2,5,D,0
12.641,76.4252,317,1.1,1,2025-02-08,0910,Aqua,MODIS,50,61.03,304,5.9,D,0
12.7024,76.7725,321.6,1,1,2025-02-08,0910,Aqua,MODIS,69,61.03,305.9,9.9,D,0
12.6655,76.2879,321.2,1.1,1,2025-02-08,0910,Aqua,MODIS,68,61.03,307.6,7.8,D,0
12.706,74.9832,325.2,1.3,1.1,2025-02-08,0910,Aqua,MODIS,65,61.03,305.7,19.4,D,0
12.7158,74.9818,322.6,1.3,1.1,2025-02-08,0910,Aqua,MODIS,33,61.03,306,15.7,D,0
8.2587,77.4678,322.1,1,1,2025-02-08,2124,Aqua,MODIS,100,61.03,297.2,18.3,N,0
12.6916,77.1917,316,3.6,1.8,2025-02-09,0949,Aqua,MODIS,52,61.03,302.3,35.4,D,0
8.2558,77.4104,307.4,1.6,1.2,2025-02-09,1559,Terra,MODIS,54,61.03,293.9,12.1,N,0
9.5057,77.13,318.2,2.3,1.5,2025-02-10,0850,Aqua,MODIS,63,61.03,298.8,39.7,D,0
9.5087,77.1434,316.8,2.3,1.5,2025-02-10,0850,Aqua,MODIS,56,61.03,296.7,34.7,D,0
9.5053,77.1236,312.5,2.3,1.5,2025-02-10,0850,Aqua,MODIS,38,61.03,299.4,23,D,0
9.9593,77.3943,322.1,2.1,1.4,2025-02-10,0850,Aqua,MODIS,74,61.03,303.5,31.9,D,0
11.5284,76.3109,318.2,2.4,1.5,2025-02-10,0850,Aqua,MODIS,70,61.03,299.1,42.2,D,0
11.5246,76.2889,311.1,2.4,1.5,2025-02-10,0850,Aqua,MODIS,51,61.03,297.9,21.5,D,0
12.3437,77.1444,319.8,2,1.4,2025-02-10,0851,Aqua,MODIS,63,61.03,305.5,20.1,D,0
12.3407,77.1265,322.8,2,1.4,2025-02-10,0851,Aqua,MODIS,74,61.03,305.6,27.7,D,0
9.8638,76.8182,305.9,1.8,1.3,2025-02-10,1639,Terra,MODIS,66,61.03,295.1,12.4,N,0
12.7162,74.9774,315.8,1.4,1.2,2025-02-11,0452,Terra,MODIS,68,61.03,302.2,13.2,D,0
12.7143,74.9897,314.9,1.4,1.2,2025-02-11,0452,Terra,MODIS,67,61.03,301.4,12.5,D,0
12.139,76.9664,316,1.9,1.4,2025-02-11,0453,Terra,MODIS,69,61.03,303.5,18,D,0
8.3418,77.4052,327.3,1.3,1.1,2025-02-11,0929,Aqua,MODIS,74,61.03,306.1,21.2,D,0
8.8748,77.0473,346,1.3,1.1,2025-02-11,0929,Aqua,MODIS,92,61.03,310,65.6,D,0
8.8732,77.036,336.4,1.3,1.1,2025-02-11,0929,Aqua,MODIS,85,61.03,309.2,41.9,D,0
8.8778,77.0516,322,1.3,1.1,2025-02-11,0929,Aqua,MODIS,64,61.03,306.5,16.5,D,0
8.8763,77.0403,342.6,1.3,1.1,2025-02-11,0929,Aqua,MODIS,90,61.03,311.7,56.9,D,0
12.3441,77.1461,333.9,1.4,1.2,2025-02-11,0930,Aqua,MODIS,78,61.03,311.4,35,D,0
12.46,77.4888,321,1.5,1.2,2025-02-11,0930,Aqua,MODIS,60,61.03,309.6,11.3,D,0
12.3802,76.5678,325.4,1.3,1.1,2025-02-11,0930,Aqua,MODIS,67,61.03,313.5,13,D,0
12.5081,77.3246,322.7,1.5,1.2,2025-02-11,0930,Aqua,MODIS,67,61.03,312.1,11.6,D,0
12.6482,76.7451,327.7,1.4,1.2,2025-02-11,0930,Aqua,MODIS,76,61.03,310.1,21.2,D,0
12.7789,77.2816,324.6,1.5,1.2,2025-02-11,0930,Aqua,MODIS,70,61.03,311.9,16.9,D,0
12.7135,75.7144,322.3,1.2,1.1,2025-02-11,0930,Aqua,MODIS,67,61.03,303,17.8,D,0
10.1433,77.2753,306.6,1.5,1.2,2025-02-11,2143,Aqua,MODIS,69,61.03,282.5,18.7,N,0
9.4673,77.3021,300.8,1,1,2025-02-12,1620,Terra,MODIS,31,61.03,289,5,N,0
12.5291,76.9717,312.4,1,1,2025-02-13,0434,Terra,MODIS,54,61.03,301.8,5.7,D,0
11.9825,76.9841,314.3,1,1,2025-02-13,0434,Terra,MODIS,41,61.03,302,5.6,D,0
10.9845,76.9282,313.4,1,1,2025-02-13,0434,Terra,MODIS,45,61.03,302.4,5.5,D,0
10.1603,76.4506,311.5,1,1,2025-02-13,0434,Terra,MODIS,0,61.03,300.8,4.5,D,0
10.0869,76.8183,314.1,1,1,2025-02-13,0434,Terra,MODIS,62,61.03,300.6,9.1,D,0
9.9648,77.4553,314.6,1.1,1.1,2025-02-13,0434,Terra,MODIS,57,61.03,300,7.3,D,0
9.4719,77.2485,324.9,1.1,1,2025-02-13,0909,Aqua,MODIS,73,61.03,300.8,19.1,D,0
9.2852,76.8648,317.9,1.1,1.1,2025-02-13,0909,Aqua,MODIS,59,61.03,304.9,8.4,D,0
9.2837,76.8551,316.5,1.1,1.1,2025-02-13,0909,Aqua,MODIS,51,61.03,304.7,6.8,D,0
9.4733,77.2578,315.2,1.1,1,2025-02-13,0909,Aqua,MODIS,28,61.03,300.2,8.4,D,0
9.5076,77.1167,346.3,1.1,1,2025-02-13,0909,Aqua,MODIS,93,61.03,308.5,52.2,D,0
9.5063,77.1075,358.6,1.1,1,2025-02-13,0909,Aqua,MODIS,99,61.03,303.8,83.9,D,0
9.5048,77.0981,320.2,1.1,1,2025-02-13,0909,Aqua,MODIS,65,61.03,300.1,12.8,D,0
9.5167,77.1153,346.2,1.1,1,2025-02-13,0910,Aqua,MODIS,70,61.03,306.4,50.2,D,0
9.5153,77.1059,338.3,1.1,1,2025-02-13,0910,Aqua,MODIS,66,61.03,301.9,34.9,D,0
9.5071,76.9912,319.7,1.1,1,2025-02-13,0910,Aqua,MODIS,48,61.03,305.4,10.8,D,0
9.7523,77.0204,317.5,1.1,1,2025-02-13,0910,Aqua,MODIS,46,61.03,303.7,10.4,D,0
10.0817,76.8155,315.8,1.1,1,2025-02-13,0910,Aqua,MODIS,52,61.03,303.3,6.7,D,0
10.0802,76.8062,314.8,1.1,1,2025-02-13,0910,Aqua,MODIS,46,61.03,303,5.7,D,0
10.0759,76.7155,317.1,1.1,1,2025-02-13,0910,Aqua,MODIS,63,61.03,303.9,7.4,D,0
10.9927,77.161,335.1,1,1,2025-02-13,0910,Aqua,MODIS,82,61.03,317.4,18.9,D,0
11.003,77.1689,328.5,1,1,2025-02-13,0910,Aqua,MODIS,56,61.03,315.6,9.2,D,0
11.0016,77.1596,341.2,1,1,2025-02-13,0910,Aqua,MODIS,88,61.03,316.3,29.2,D,0
11.8486,76.8897,325.1,1.1,1,2025-02-13,0910,Aqua,MODIS,61,61.03,312,7,D,0
11.8576,76.8884,345.6,1.1,1,2025-02-13,0910,Aqua,MODIS,80,61.03,314.2,39.7,D,0
11.9735,77.3447,337,1,1,2025-02-13,0910,Aqua,MODIS,85,61.03,312.9,27.5,D,0
11.843,76.425,328.9,1.1,1,2025-02-13,0910,Aqua,MODIS,61,61.03,317.7,14,D,0
12.1106,76.9059,344.4,1,1,2025-02-13,0910,Aqua,MODIS,91,61.03,315.3,38.5,D,0
12.2447,77.4383,339.5,1,1,2025-02-13,0910,Aqua,MODIS,87,61.03,310.6,30.3,D,0
12.2434,77.4293,358.9,1,1,2025-02-13,0910,Aqua,MODIS,99,61.03,311,72.6,D,0
12.2563,77.3845,326,1,1,2025-02-13,0910,Aqua,MODIS,70,61.03,311.4,11,D,0
12.2549,77.3754,335.4,1,1,2025-02-13,0910,Aqua,MODIS,83,61.03,311.7,23.1,D,0
12.2665,77.1498,328.7,1,1,2025-02-13,0910,Aqua,MODIS,71,61.03,315.7,15.7,D,0
12.2651,77.1406,323,1,1,2025-02-13,0910,Aqua,MODIS,44,61.03,313,8.6,D,0
12.2795,77.0537,325.6,1,1,2025-02-13,0910,Aqua,MODIS,71,61.03,314.5,9,D,0
12.1133,75.343,324,1.2,1.1,2025-02-13,0910,Aqua,MODIS,71,61.03,303.8,17.6,D,0
12.4473,77.4259,327.7,1,1,2025-02-13,0910,Aqua,MODIS,70,61.03,310.5,13.3,D,0
12.4757,77.4953,323.2,1,1,2025-02-13,0910,Aqua,MODIS,57,61.03,311.5,8.8,D,0
12.4193,77.0571,322.9,1,1,2025-02-13,0910,Aqua,MODIS,65,61.03,309,9.3,D,0
12.4154,76.3564,325.3,1.1,1,2025-02-13,0910,Aqua,MODIS,72,61.03,313.4,10.2,D,0
12.5584,77.1226,337.4,1,1,2025-02-13,0910,Aqua,MODIS,85,61.03,314.2,25.3,D,0
12.592,77.0364,319,1,1,2025-02-13,0910,Aqua,MODIS,38,61.03,308.5,5.4,D,0
12.3308,75.1531,327.2,1.3,1.1,2025-02-13,0910,Aqua,MODIS,77,61.03,304.8,23.6,D,0
12.3388,75.1405,328.7,1.3,1.1,2025-02-13,0910,Aqua,MODIS,79,61.03,306.3,25.8,D,0
12.7087,77.3756,324.1,1,1,2025-02-13,0910,Aqua,MODIS,65,61.03,309.7,9.3,D,0
12.7073,77.3666,322.6,1,1,2025-02-13,0910,Aqua,MODIS,61,61.03,309.7,7.4,D,0
12.608,76.2835,320.9,1.1,1,2025-02-13,0910,Aqua,MODIS,51,61.03,309.9,6.2,D,0
12.6768,76.6164,320.9,1.1,1,2025-02-13,0910,Aqua,MODIS,62,61.03,309.2,6.2,D,0
12.7963,77.347,323.5,1,1,2025-02-13,0910,Aqua,MODIS,38,61.03,309.1,7.4,D,0
12.7949,77.3379,322.9,1,1,2025-02-13,0910,Aqua,MODIS,28,61.03,309.6,7.1,D,0
12.7029,74.9747,316.9,1.3,1.1,2025-02-13,0910,Aqua,MODIS,37,61.03,304.2,8.7,D,0
12.7062,74.9792,317,1.3,1.1,2025-02-13,0910,Aqua,MODIS,28,61.03,305.1,9.4,D,0
12.3012,77.4956,304.4,1,1,2025-02-13,2123,Aqua,MODIS,60,61.03,290.3,7.1,N,0
10.0488,77.1684,305.1,1,1,2025-02-13,2124,Aqua,MODIS,63,61.03,288.8,9.1,N,0
12.2993,77.4918,322.6,3.7,1.8,2025-02-14,0949,Aqua,MODIS,70,61.03,306.6,63.7,D,0
12.5173,77.1267,319.8,3.5,1.8,2025-02-14,0949,Aqua,MODIS,62,61.03,305.8,43.7,D,0
12.5146,77.1191,321.3,3.5,1.8,2025-02-14,0949,Aqua,MODIS,68,61.03,306.2,55.2,D,0
12.6476,77.2252,319.9,3.6,1.8,2025-02-14,0950,Aqua,MODIS,62,61.03,305,49,D,0
12.6478,76.4363,335,3.1,1.7,2025-02-14,0950,Aqua,MODIS,85,61.03,306.3,132.1,D,0
12.5373,77.2707,304.7,1.3,1.1,2025-02-14,1602,Terra,MODIS,61,61.03,293.3,7.4,N,0
9.4928,77.2645,316.4,2.3,1.5,2025-02-15,0850,Aqua,MODIS,33,61.03,301.6,30.2,D,0
9.5055,77.2624,324.2,2.3,1.5,2025-02-15,0850,Aqua,MODIS,68,61.03,301.3,56.8,D,0
9.5109,77.1373,317.5,2.3,1.5,2025-02-15,0850,Aqua,MODIS,49,61.03,303.5,34.7,D,0
9.5076,77.1173,319.1,2.3,1.5,2025-02-15,0850,Aqua,MODIS,61,61.03,307.5,39.3,D,0
11.2136,77.064,321.8,2.2,1.4,2025-02-15,0851,Aqua,MODIS,65,61.03,308.5,19.3,D,0
11.9608,77.365,328.5,2,1.4,2025-02-15,0851,Aqua,MODIS,78,61.03,307.2,42.8,D,0
11.9579,77.3473,322.9,2,1.4,2025-02-15,0851,Aqua,MODIS,66,61.03,307,26.9,D,0
11.969,77.3749,321.1,2,1.4,2025-02-15,0851,Aqua,MODIS,36,61.03,307,16.7,D,0
11.966,77.3574,326,2,1.4,2025-02-15,0851,Aqua,MODIS,74,61.03,307.1,32.7,D,0
12.2622,77.4344,356.8,1.9,1.4,2025-02-15,0851,Aqua,MODIS,98,61.03,309.5,174.4,D,0
12.2594,77.4176,349,1.9,1.4,2025-02-15,0851,Aqua,MODIS,94,61.03,307.5,127.9,D,0
12.274,77.4322,321.8,1.9,1.4,2025-02-15,0851,Aqua,MODIS,69,61.03,307.9,21.4,D,0
12.2713,77.4155,322.1,1.9,1.4,2025-02-15,0851,Aqua,MODIS,70,61.03,306.8,22.7,D,0
12.2676,77.4285,370,1.9,1.4,2025-02-15,0851,Aqua,MODIS,100,61.03,310.4,273.4,D,0
12.2647,77.4117,329.6,1.9,1.4,2025-02-15,0851,Aqua,MODIS,80,61.03,307,41.8,D,0
12.2854,77.3896,327.3,2,1.4,2025-02-15,0851,Aqua,MODIS,77,61.03,310,34.9,D,0
12.3361,77.4002,319,1.9,1.4,2025-02-15,0851,Aqua,MODIS,48,61.03,306.3,14.5,D,0
12.3423,77.3931,319.9,1.9,1.4,2025-02-15,0851,Aqua,MODIS,51,61.03,305.3,17,D,0
12.6483,76.4317,331.3,2.3,1.5,2025-02-15,0851,Aqua,MODIS,81,61.03,307.4,68.2,D,0
12.6473,76.427,330.4,2.3,1.5,2025-02-15,0851,Aqua,MODIS,80,61.03,306.9,65.3,D,0
9.5021,77.2738,303.3,2.2,1.4,2025-02-15,1641,Terra,MODIS,54,61.03,288.7,20.5,N,0
9.572,77.2014,308.7,2.1,1.4,2025-02-15,1641,Terra,MODIS,75,61.03,289.9,27.4,N,0
9.5078,77.2777,303.5,2,1.4,2025-02-15,2105,Aqua,MODIS,55,61.03,288,19.3,N,0
12.7135,74.9859,312.7,1.5,1.2,2025-02-16,0454,Terra,MODIS,59,61.03,301,10.2,D,0
12.3453,75.1444,321.3,1.6,1.2,2025-02-16,0455,Terra,MODIS,75,61.03,300.5,23.5,D,0
12.343,75.1584,314.8,1.6,1.2,2025-02-16,0455,Terra,MODIS,65,61.03,299.4,12.4,D,0
12.3322,75.1567,314.5,1.6,1.2,2025-02-16,0455,Terra,MODIS,34,61.03,299.4,10.9,D,0
9.5157,77.2788,316.9,2.6,1.5,2025-02-16,0455,Terra,MODIS,60,61.03,296.6,47.4,D,0
9.5021,77.2768,313.6,2.6,1.5,2025-02-16,0455,Terra,MODIS,38,61.03,299,35.6,D,0
9.5046,77.2929,321.2,2.6,1.5,2025-02-16,0455,Terra,MODIS,54,61.03,297.3,59.9,D,0
9.5107,77.2751,330.3,1.3,1.1,2025-02-16,0929,Aqua,MODIS,50,61.03,306.5,29.7,D,0
9.5105,77.2811,328.1,1.3,1.1,2025-02-16,0929,Aqua,MODIS,36,61.03,307,26.9,D,0
9.5413,76.9852,338.7,1.3,1.1,2025-02-16,0929,Aqua,MODIS,87,61.03,307,45.5,D,0
9.5511,76.9834,335.5,1.3,1.1,2025-02-16,0929,Aqua,MODIS,84,61.03,306.5,39.3,D,0
9.5495,76.9716,321.4,1.3,1.1,2025-02-16,0929,Aqua,MODIS,63,61.03,303.8,14,D,0
11.5601,76.2602,315.5,1.2,1.1,2025-02-16,0930,Aqua,MODIS,36,61.03,304.3,7.2,D,0
11.9695,77.4048,338.7,1.5,1.2,2025-02-16,0930,Aqua,MODIS,87,61.03,310.4,48.8,D,0
11.9678,77.3916,360.1,1.5,1.2,2025-02-16,0930,Aqua,MODIS,100,61.03,311.6,128.9,D,0
11.98,77.4028,342.7,1.5,1.2,2025-02-16,0930,Aqua,MODIS,90,61.03,312.9,58.3,D,0
11.9783,77.3898,361.2,1.5,1.2,2025-02-16,0930,Aqua,MODIS,100,61.03,313.6,131.6,D,0
11.8804,76.5867,326.3,1.3,1.1,2025-02-16,0930,Aqua,MODIS,58,61.03,313.9,14.1,D,0
12.1728,77.2308,327.4,1.4,1.2,2025-02-16,0930,Aqua,MODIS,68,61.03,311.5,15.9,D,0
12.1811,77.2361,330.4,1.4,1.2,2025-02-16,0930,Aqua,MODIS,72,61.03,312,24.4,D,0
12.3253,77.4805,344.8,1.5,1.2,2025-02-16,0930,Aqua,MODIS,91,61.03,312.7,68,D,0
12.3342,77.3827,327.2,1.5,1.2,2025-02-16,0930,Aqua,MODIS,74,61.03,309.1,20,D,0
12.0924,75.3164,328.7,1.1,1.1,2025-02-16,0930,Aqua,MODIS,77,61.03,304.7,20.6,D,0
12.091,75.3065,321.8,1.1,1.1,2025-02-16,0930,Aqua,MODIS,65,61.03,304.3,11.2,D,0
12.0993,75.3087,319,1.1,1.1,2025-02-16,0930,Aqua,MODIS,55,61.03,303.8,10,D,0
12.7679,77.3458,324,1.5,1.2,2025-02-16,0930,Aqua,MODIS,42,61.03,310.8,12,D,0
12.6598,76.4447,326.8,1.3,1.1,2025-02-16,0930,Aqua,MODIS,74,61.03,310.3,16.6,D,0
12.6771,77.38,316.5,4.7,2,2025-02-17,0832,Aqua,MODIS,60,61.03,304,52.3,D,0
12.679,77.3722,318.4,4.7,2,2025-02-17,0832,Aqua,MODIS,65,61.03,304.1,69,D,0
11.3113,77.2254,308.3,1.1,1,2025-02-17,1622,Terra,MODIS,74,61.03,294.8,8.1,N,0
12.4042,75.6935,305.5,1,1,2025-02-17,1623,Terra,MODIS,65,61.03,291.5,6.7,N,0
12.403,75.6845,302.5,1,1,2025-02-17,1623,Terra,MODIS,49,61.03,291.4,4.9,N,0
12.7003,77.3658,309,1.1,1.1,2025-02-17,1623,Terra,MODIS,76,61.03,294.1,10,N,0
12.7834,76.2871,314.8,1,1,2025-02-18,0436,Terra,MODIS,63,61.03,303.7,5.9,D,0
12.609,77.3388,316.2,1.1,1,2025-02-18,0436,Terra,MODIS,64,61.03,304.3,7.5,D,0
12.1188,76.7265,320.5,1.1,1,2025-02-18,0436,Terra,MODIS,73,61.03,304.7,10.8,D,0
9.5485,76.6868,311.3,1.1,1,2025-02-18,0436,Terra,MODIS,50,61.03,300.8,5.3,D,0
10.2483,77.0509,321.8,1.1,1,2025-02-18,0910,Aqua,MODIS,71,61.03,296.9,17.2,D,0
11.0853,76.5395,324.7,1.1,1,2025-02-18,0910,Aqua,MODIS,53,61.03,303.3,19.4,D,0
11.8885,77.2588,324.1,1,1,2025-02-18,0910,Aqua,MODIS,59,61.03,312.3,8.9,D,0
11.8727,76.0006,321.6,1.1,1.1,2025-02-18,0910,Aqua,MODIS,64,61.03,300.6,16.1,D,0
12.7238,76.8479,332.9,1,1,2025-02-18,0911,Aqua,MODIS,81,61.03,310.6,20.1,D,0
12.1854,77.0173,322.9,1,1,2025-02-18,0911,Aqua,MODIS,50,61.03,307.6,8.9,D,0
12.184,77.008,320.4,1,1,2025-02-18,0911,Aqua,MODIS,42,61.03,306.3,6.1,D,0
12.2413,77.328,335.5,1,1,2025-02-18,0911,Aqua,MODIS,83,61.03,311.3,23.3,D,0
12.24,77.3189,334.4,1,1,2025-02-18,0911,Aqua,MODIS,79,61.03,311.2,22.2,D,0
12.2502,77.3266,343.7,1,1,2025-02-18,0911,Aqua,MODIS,90,61.03,312.5,37.1,D,0
12.2488,77.3175,354.7,1,1,2025-02-18,0911,Aqua,MODIS,97,61.03,313.4,62.1,D,0
12.2475,77.3085,344.6,1,1,2025-02-18,0911,Aqua,MODIS,91,61.03,307.7,41.6,D,0
12.2604,77.3343,328.3,1,1,2025-02-18,0911,Aqua,MODIS,75,61.03,312.5,13.2,D,0
12.259,77.3252,343.9,1,1,2025-02-18,0911,Aqua,MODIS,90,61.03,314.1,38.5,D,0
12.2577,77.3161,334.8,1,1,2025-02-18,0911,Aqua,MODIS,83,61.03,309.2,23.8,D,0
12.2692,77.3328,347,1,1,2025-02-18,0911,Aqua,MODIS,92,61.03,311.6,43.4,D,0
12.2679,77.3238,331.5,1,1,2025-02-18,0911,Aqua,MODIS,78,61.03,309.5,18,D,0
12.5357,77.3849,323.8,1,1,2025-02-18,0911,Aqua,MODIS,65,61.03,311.9,6.5,D,0
12.5323,77.3019,328.4,1,1,2025-02-18,0911,Aqua,MODIS,74,61.03,311.5,13.2,D,0
12.3346,75.1505,328.5,1.3,1.1,2025-02-18,0911,Aqua,MODIS,79,61.03,300.3,25.3,D,0
12.3444,75.1488,320.3,1.3,1.1,2025-02-18,0911,Aqua,MODIS,65,61.03,299.3,13.2,D,0
12.3427,75.1377,319.7,1.3,1.1,2025-02-18,0911,Aqua,MODIS,65,61.03,300.9,12.3,D,0
12.7431,77.2936,323.2,1,1,2025-02-18,0911,Aqua,MODIS,62,61.03,310.6,7.7,D,0
12.6579,76.2335,322.6,1.1,1,2025-02-18,0911,Aqua,MODIS,67,61.03,311.1,7.6,D,0
12.7867,76.7175,321.9,1.1,1,2025-02-18,0911,Aqua,MODIS,64,61.03,309.8,6.9,D,0
12.269,77.3074,306.1,1,1,2025-02-18,2123,Aqua,MODIS,67,61.03,292.1,7.6,N,0
10.1843,77.1709,305,1,1,2025-02-18,2124,Aqua,MODIS,63,61.03,282.6,9.2,N,0
12.2536,77.2869,335.5,3.5,1.8,2025-02-19,0950,Aqua,MODIS,85,61.03,306.6,148.8,D,0
12.2518,77.3135,322,3.6,1.8,2025-02-19,0950,Aqua,MODIS,68,61.03,308.1,45.4,D,0
12.2483,77.2823,332.9,3.5,1.8,2025-02-19,0950,Aqua,MODIS,83,61.03,306.6,127.8,D,0
12.3656,77.2288,320.5,3.5,1.8,2025-02-19,0950,Aqua,MODIS,59,61.03,307.5,39.2,D,0
9.7901,77.2366,302.6,1.3,1.1,2025-02-19,1603,Terra,MODIS,37,61.03,292.3,6.7,N,0
10.2567,77.0613,304.1,1.3,1.1,2025-02-19,1603,Terra,MODIS,54,61.03,289.4,10.5,N,0
10.255,77.0497,303,1.3,1.1,2025-02-19,1603,Terra,MODIS,49,61.03,288.9,9,N,0
10.2666,77.0591,301.8,1.3,1.1,2025-02-19,1603,Terra,MODIS,24,61.03,288.7,8,N,0
12.2512,77.23,330,1.2,1.1,2025-02-19,1604,Terra,MODIS,100,61.03,297.1,35.5,N,0
12.2495,77.2189,310.6,1.2,1.1,2025-02-19,1604,Terra,MODIS,80,61.03,296.2,10.4,N,0
12.5065,77.2799,305.7,1.2,1.1,2025-02-19,1604,Terra,MODIS,65,61.03,294.9,6.7,N,0
12.679,77.4286,308.7,1.2,1.1,2025-02-19,1604,Terra,MODIS,75,61.03,293,10.3,N,0
10.2886,77.0806,327.7,1.2,1.1,2025-02-20,0417,Terra,MODIS,82,61.03,296.3,30.6,D,0
10.2852,77.0737,328.3,1.2,1.1,2025-02-20,0417,Terra,MODIS,82,61.03,295.9,32.1,D,0
10.2901,77.0695,322.6,1.2,1.1,2025-02-20,0417,Terra,MODIS,77,61.03,295.2,23.2,D,0
10.2836,77.0848,310.5,1.2,1.1,2025-02-20,0417,Terra,MODIS,53,61.03,295,10.1,D,0
10.3183,77.1489,314.8,1.2,1.1,2025-02-20,0417,Terra,MODIS,46,61.03,298.4,11,D,0
10.2096,77.0334,322.3,2.3,1.5,2025-02-20,0851,Aqua,MODIS,71,61.03,299.1,57.8,D,0
11.8822,77.3524,317.1,2,1.4,2025-02-20,0851,Aqua,MODIS,35,61.03,305.2,16.7,D,0
11.8898,77.3621,327.2,2,1.4,2025-02-20,0851,Aqua,MODIS,76,61.03,305.8,43.5,D,0
11.8867,77.3444,335.2,2,1.4,2025-02-20,0851,Aqua,MODIS,85,61.03,306.6,74.1,D,0
11.8988,77.3422,322,2,1.4,2025-02-20,0851,Aqua,MODIS,68,61.03,307.8,28.9,D,0
12.3353,76.3523,321.2,2.4,1.5,2025-02-20,0851,Aqua,MODIS,66,61.03,305.6,26.8,D,0
12.3317,76.3313,318.8,2.4,1.5,2025-02-20,0851,Aqua,MODIS,59,61.03,304.6,18.6,D,0
12.3457,76.3454,320.4,2.4,1.5,2025-02-20,0851,Aqua,MODIS,42,61.03,305.6,21.5,D,0
9.6284,76.9935,301.2,2.3,1.5,2025-02-20,1643,Terra,MODIS,39,61.03,290.2,16,N,0
10.2314,77.2323,313.3,2,1.4,2025-02-20,2105,Aqua,MODIS,87,61.03,286.7,39.7,N,0
8.338,77.433,321.5,1.3,1.1,2025-02-21,0929,Aqua,MODIS,31,61.03,306.4,9.8,D,0
8.34,77.4372,321.8,1.3,1.1,2025-02-21,0929,Aqua,MODIS,28,61.03,305.7,11.4,D,0
9.4842,76.9082,327.3,1.3,1.1,2025-02-21,0929,Aqua,MODIS,74,61.03,305.7,20.9,D,0
9.6471,76.9097,323.8,1.3,1.1,2025-02-21,0930,Aqua,MODIS,67,61.03,307.7,13.8,D,0
10.0437,76.8144,323.7,1.3,1.1,2025-02-21,0930,Aqua,MODIS,70,61.03,304.3,16.8,D,0
10.2172,77.2567,320.6,1.4,1.2,2025-02-21,0930,Aqua,MODIS,64,61.03,300.6,19.9,D,0
10.2223,77.219,325.8,1.3,1.1,2025-02-21,0930,Aqua,MODIS,74,61.03,296.6,27.4,D,0
10.2325,77.2183,316.9,1.3,1.1,2025-02-21,0930,Aqua,MODIS,49,61.03,298.1,13.7,D,0
10.3167,77.1667,333.6,1.3,1.1,2025-02-21,0930,Aqua,MODIS,83,61.03,301.4,39.9,D,0
10.775,76.7767,322.3,1.3,1.1,2025-02-21,0930,Aqua,MODIS,43,61.03,309.3,10.2,D,0
11.0699,77.2897,328.9,1.4,1.2,2025-02-21,0930,Aqua,MODIS,74,61.03,312.3,15.1,D,0
11.0682,77.2773,340.5,1.4,1.2,2025-02-21,0930,Aqua,MODIS,87,61.03,313.6,41.9,D,0
11.078,77.2818,328,1.4,1.2,2025-02-21,0930,Aqua,MODIS,69,61.03,312.7,14.1,D,0
11.7832,76.8952,327.4,1.3,1.1,2025-02-21,0930,Aqua,MODIS,75,61.03,309.9,14.3,D,0
11.8219,76.4251,327.2,1.3,1.1,2025-02-21,0930,Aqua,MODIS,57,61.03,312.7,15.6,D,0
11.8204,76.4139,331.3,1.3,1.1,2025-02-21,0930,Aqua,MODIS,70,61.03,309.8,23.1,D,0
11.9458,76.9663,323.6,1.4,1.2,2025-02-21,0930,Aqua,MODIS,37,61.03,311.1,10.5,D,0
12.0208,77.3047,335.1,1.4,1.2,2025-02-21,0930,Aqua,MODIS,83,61.03,308.9,40.6,D,0
12.0191,77.2914,327.1,1.4,1.2,2025-02-21,0930,Aqua,MODIS,73,61.03,304.9,21.7,D,0
12.1811,77.4243,339.6,1.5,1.2,2025-02-21,0930,Aqua,MODIS,87,61.03,309,52.5,D,0
12.2607,77.4878,334,1.5,1.2,2025-02-21,0930,Aqua,MODIS,82,61.03,307.7,39.6,D,0
12.2713,77.4863,335.7,1.5,1.2,2025-02-21,0930,Aqua,MODIS,84,61.03,308.1,42.7,D,0
12.2695,77.4732,328.9,1.5,1.2,2025-02-21,0930,Aqua,MODIS,76,61.03,306.3,24.6,D,0
12.2362,77.2231,323.4,1.4,1.2,2025-02-21,0930,Aqua,MODIS,61,61.03,306.7,12.8,D,0
12.2572,77.2212,334.3,1.4,1.2,2025-02-21,0930,Aqua,MODIS,82,61.03,309.5,32.6,D,0
12.3212,77.4195,324.3,1.5,1.2,2025-02-21,0930,Aqua,MODIS,51,61.03,309.2,11.4,D,0
12.3176,77.3919,323.9,1.5,1.2,2025-02-21,0930,Aqua,MODIS,32,61.03,308.2,10.9,D,0
12.3064,77.1446,324.7,1.4,1.2,2025-02-21,0930,Aqua,MODIS,48,61.03,308.7,13.5,D,0
12.3634,77.4945,325.5,1.5,1.2,2025-02-21,0930,Aqua,MODIS,71,61.03,309.4,14.9,D,0
12.2643,76.677,325.6,1.3,1.1,2025-02-21,0930,Aqua,MODIS,56,61.03,311.1,12.5,D,0
9.8582,77.1844,302.9,3,1.6,2025-02-21,1544,Terra,MODIS,52,61.03,291.1,24.5,N,0
9.8516,77.1647,302.5,3,1.6,2025-02-21,1544,Terra,MODIS,47,61.03,291.4,23.5,N,0
12.2824,77.4947,316,2.5,1.5,2025-02-21,1545,Terra,MODIS,92,61.03,295.9,44.6,N,0
12.2787,77.4718,305.8,2.5,1.5,2025-02-21,1545,Terra,MODIS,41,61.03,295.5,15.8,N,0
12.2777,77.4891,317.2,2.5,1.5,2025-02-21,1545,Terra,MODIS,95,61.03,295.7,47.9,N,0
12.2692,77.4974,306.9,2.5,1.5,2025-02-21,1545,Terra,MODIS,68,61.03,295.2,19,N,0
12.2527,77.4992,313,1.2,1.1,2025-02-22,1624,Terra,MODIS,86,61.03,295.6,13,N,0
12.3682,75.0969,313.5,1,1,2025-02-23,0438,Terra,MODIS,62,61.03,299,5.1,D,0
8.3461,77.4326,315.5,1.3,1.1,2025-02-23,0439,Terra,MODIS,50,61.03,300.7,11.7,D,0
8.3415,77.4352,322.8,1.1,1,2025-02-23,0910,Aqua,MODIS,50,61.03,308.1,10.2,D,0
8.4982,77.31,328.5,1.1,1,2025-02-23,0910,Aqua,MODIS,77,61.03,303.4,21.3,D,0
8.4968,77.3004,321.6,1.1,1,2025-02-23,0910,Aqua,MODIS,65,61.03,303.2,12.5,D,0
9.5228,76.9992,317.5,1.1,1,2025-02-23,0910,Aqua,MODIS,44,61.03,304.6,8.1,D,0
10.092,77.0935,321.3,1.1,1,2025-02-23,0910,Aqua,MODIS,69,61.03,300.7,15.6,D,0
10.0906,77.0839,317.5,1.1,1,2025-02-23,0910,Aqua,MODIS,60,61.03,301,11.3,D,0
10.2512,77.1022,334.1,1.1,1,2025-02-23,0910,Aqua,MODIS,84,61.03,297,33.6,D,0
10.2602,77.1051,328.2,1.1,1,2025-02-23,0910,Aqua,MODIS,78,61.03,297.7,26.2,D,0
10.2588,77.096,324.6,1.1,1,2025-02-23,0910,Aqua,MODIS,73,61.03,298.6,20.9,D,0
10.7459,77.0124,324.8,1.1,1,2025-02-23,0910,Aqua,MODIS,62,61.03,310.4,9.1,D,0
10.7753,76.7854,321.2,1.1,1,2025-02-23,0910,Aqua,MODIS,32,61.03,306,8.1,D,0
10.7738,76.7757,321.4,1.1,1,2025-02-23,0910,Aqua,MODIS,32,61.03,304.7,8.3,D,0
12.1793,77.4465,365.7,1,1,2025-02-23,0911,Aqua,MODIS,100,61.03,311.4,93.3,D,0
12.178,77.4375,337.5,1,1,2025-02-23,0911,Aqua,MODIS,75,61.03,307.5,28,D,0
12.1882,77.4451,336.7,1,1,2025-02-23,0911,Aqua,MODIS,69,61.03,303.7,26.1,D,0
12.1868,77.4361,333.9,1,1,2025-02-23,0911,Aqua,MODIS,83,61.03,298.4,21.9,D,0
12.1074,76.7262,322.5,1.1,1,2025-02-23,0911,Aqua,MODIS,45,61.03,306.9,8.8,D,0
12.1775,76.4518,325.6,1.1,1,2025-02-23,0911,Aqua,MODIS,50,61.03,306.3,14.1,D,0
12.5234,77.2751,330.6,1,1,2025-02-23,0911,Aqua,MODIS,52,61.03,305.5,20.4,D,0
12.611,77.4382,333,1,1,2025-02-23,0911,Aqua,MODIS,82,61.03,309.4,20.7,D,0
12.3363,75.1441,318,1.3,1.1,2025-02-23,0911,Aqua,MODIS,66,61.03,300.3,10.7,D,0
10.0993,77.0916,303.6,1,1,2025-02-23,2124,Aqua,MODIS,56,61.03,287.6,7.7,N,0
10.098,77.1005,300.8,1,1,2025-02-23,2124,Aqua,MODIS,34,61.03,287.9,6.1,N,0
12.3008,77.491,320,3.6,1.8,2025-02-24,0950,Aqua,MODIS,52,61.03,306.4,37.8,D,0
12.5685,76.071,323.3,2.8,1.6,2025-02-24,0950,Aqua,MODIS,70,61.03,308.1,39.7,D,0
12.5581,76.0671,327.3,2.8,1.6,2025-02-24,0950,Aqua,MODIS,76,61.03,306.8,60.3,D,0
8.4892,77.3086,350.6,1.2,1.1,2025-02-24,1605,Terra,MODIS,100,61.03,303.1,81.1,N,0
8.4876,77.2979,327.6,1.2,1.1,2025-02-24,1605,Terra,MODIS,100,61.03,299.8,30.2,N,0
11.2713,77.043,306.5,1.2,1.1,2025-02-24,1605,Terra,MODIS,66,61.03,295.5,6.6,N,0
12.371,77.1159,304.6,1.1,1.1,2025-02-24,1606,Terra,MODIS,61,61.03,293.2,6.5,N,0
11.9815,77.4119,311.6,1.1,1.1,2025-02-24,1606,Terra,MODIS,83,61.03,296.2,10.4,N,0
12.0361,77.0254,301.8,1.2,1.1,2025-02-24,1606,Terra,MODIS,44,61.03,291.5,5.3,N,0
12.448,77.0607,317.2,1.2,1.1,2025-02-25,0419,Terra,MODIS,67,61.03,302.6,12,D,0
12.7743,76.2911,318.2,1.3,1.1,2025-02-25,0419,Terra,MODIS,69,61.03,300.3,13.7,D,0
12.7073,76.7912,313.7,1.2,1.1,2025-02-25,0419,Terra,MODIS,57,61.03,301,7.3,D,0
10.0066,77.2737,320.8,1.1,1,2025-02-25,0419,Terra,MODIS,69,61.03,299.8,16.4,D,0
8.4564,77.2905,322.2,1.1,1,2025-02-25,0420,Terra,MODIS,0,61.03,302.7,13.1,D,0
8.3202,77.4738,317,1,1,2025-02-25,0420,Terra,MODIS,52,61.03,302.9,8.8,D,0
8.3176,77.4718,316.3,2.3,1.5,2025-02-25,0850,Aqua,MODIS,52,61.03,301.3,24.4,D,0
12.7168,77.3643,326.9,2,1.4,2025-02-25,0851,Aqua,MODIS,76,61.03,304.4,39.2,D,0
12.7138,77.3464,324.2,2,1.4,2025-02-25,0851,Aqua,MODIS,64,61.03,304.9,29.1,D,0
12.7288,77.3621,320,2,1.4,2025-02-25,0851,Aqua,MODIS,40,61.03,304,18.9,D,0
12.7258,77.3444,320,2,1.4,2025-02-25,0851,Aqua,MODIS,49,61.03,303.4,17.1,D,0
12.7215,77.3583,333.2,2,1.4,2025-02-25,0851,Aqua,MODIS,83,61.03,304.7,60.3,D,0
11.8982,77.3585,317.9,2.9,1.6,2025-02-26,0458,Terra,MODIS,70,61.03,299.9,46.3,D,0
11.8937,77.3839,312.6,2.9,1.6,2025-02-26,0458,Terra,MODIS,45,61.03,298.1,25.9,D,0
11.884,77.3557,336.1,2.9,1.6,2025-02-26,0458,Terra,MODIS,88,61.03,298.8,147.7,D,0
11.8796,77.3808,316.1,2.9,1.6,2025-02-26,0458,Terra,MODIS,60,61.03,297.7,39.2,D,0
11.8905,77.3779,319.8,2.9,1.6,2025-02-26,0458,Terra,MODIS,50,61.03,298.6,52.7,D,0
11.8806,77.3495,324.3,2.9,1.6,2025-02-26,0458,Terra,MODIS,78,61.03,297.8,75,D,0
11.8763,77.3749,319.9,2.9,1.6,2025-02-26,0458,Terra,MODIS,70,61.03,297.6,55.7,D,0
10.8374,76.6484,320.8,2.7,1.6,2025-02-26,0459,Terra,MODIS,69,61.03,299.3,50.1,D,0
10.8334,76.6718,315.8,2.7,1.6,2025-02-26,0459,Terra,MODIS,48,61.03,298.2,30.4,D,0
11.8357,77.3892,328.2,1.4,1.2,2025-02-26,0930,Aqua,MODIS,47,61.03,305.8,21.8,D,0
10.8375,76.6646,343.1,1.2,1.1,2025-02-26,0930,Aqua,MODIS,78,61.03,306.9,48.3,D,0
10.8456,76.6516,331.2,1.2,1.1,2025-02-26,0930,Aqua,MODIS,70,61.03,306.6,23.5,D,0
10.8442,76.641,324.2,1.2,1.1,2025-02-26,0930,Aqua,MODIS,35,61.03,306.4,13,D,0
11.2137,76.9436,327.4,1.3,1.1,2025-02-26,0930,Aqua,MODIS,74,61.03,305.7,16.6,D,0
11.3453,76.0983,320.2,1.2,1.1,2025-02-26,0930,Aqua,MODIS,63,61.03,298.2,12.3,D,0
11.7007,77.3888,319.6,1.4,1.2,2025-02-26,0930,Aqua,MODIS,50,61.03,305.3,10.7,D,0
11.8271,77.4041,326.9,1.4,1.2,2025-02-26,0930,Aqua,MODIS,65,61.03,308.2,20.9,D,0
11.8375,77.4022,335.2,1.4,1.2,2025-02-26,0930,Aqua,MODIS,78,61.03,306.8,38.8,D,0
11.8755,77.3705,321.6,1.4,1.2,2025-02-26,0930,Aqua,MODIS,25,61.03,305.1,12.9,D,0
11.8737,77.3576,323.7,1.4,1.2,2025-02-26,0930,Aqua,MODIS,39,61.03,305.7,16,D,0
11.872,77.3448,354,1.4,1.2,2025-02-26,0930,Aqua,MODIS,97,61.03,307.5,99.5,D,0
11.8703,77.3324,339.3,1.4,1.2,2025-02-26,0930,Aqua,MODIS,87,61.03,304.6,52.8,D,0
11.8676,77.3399,344.3,1.4,1.2,2025-02-26,0930,Aqua,MODIS,91,61.03,305.4,63.2,D,0
11.8796,77.3512,345.8,1.4,1.2,2025-02-26,0930,Aqua,MODIS,92,61.03,308.5,66.4,D,0
11.878,77.3387,345.5,1.4,1.2,2025-02-26,0930,Aqua,MODIS,92,61.03,307.6,66.2,D,0
11.9401,77.3304,324.3,1.4,1.2,2025-02-26,0930,Aqua,MODIS,32,61.03,307.5,14.1,D,0
11.9505,77.329,363.8,1.4,1.2,2025-02-26,0930,Aqua,MODIS,100,61.03,310.1,138.9,D,0
11.9487,77.3156,361.6,1.4,1.2,2025-02-26,0930,Aqua,MODIS,100,61.03,306.6,130.2,D,0
11.9608,77.3273,333.2,1.4,1.2,2025-02-26,0930,Aqua,MODIS,71,61.03,305.6,32.7,D,0
11.9595,77.3339,328,1.4,1.2,2025-02-26,0930,Aqua,MODIS,75,61.03,307.7,20.3,D,0
11.9578,77.3205,330.6,1.4,1.2,2025-02-26,0930,Aqua,MODIS,74,61.03,305.8,27.6,D,0
12.3438,77.1405,324.6,1.4,1.2,2025-02-26,0930,Aqua,MODIS,49,61.03,309.7,11.3,D,0
12.1388,75.3518,328.8,1.1,1,2025-02-26,0930,Aqua,MODIS,76,61.03,308.9,19.1,D,0
12.2833,75.6095,317.4,1.1,1.1,2025-02-26,0930,Aqua,MODIS,23,61.03,302,10.7,D,0
12.282,75.5996,325.5,1.1,1.1,2025-02-26,0930,Aqua,MODIS,71,61.03,306.3,21.3,D,0
12.618,76.7487,324.9,1.3,1.1,2025-02-26,0930,Aqua,MODIS,49,61.03,308.8,11.5,D,0
12.2883,75.5854,301.2,1.1,1,2025-02-26,2143,Aqua,MODIS,39,61.03,288.4,5.8,N,0
10.8683,76.6348,309.3,1.3,1.1,2025-02-26,2144,Aqua,MODIS,74,61.03,295.3,9.3,N,0
10.5661,76.2291,311.7,1.2,1.1,2025-02-26,2144,Aqua,MODIS,83,61.03,296.5,10.7,N,0
10.1915,76.7636,303.7,1.3,1.1,2025-02-26,2144,Aqua,MODIS,56,61.03,293.3,7.2,N,0
9.3152,76.9773,305.9,1.4,1.2,2025-02-26,2144,Aqua,MODIS,66,61.03,293.2,9.5,N,0
9.3074,76.9757,303.1,1.1,1.1,2025-02-27,1626,Terra,MODIS,53,61.03,290.5,4.1,N,0
9.964,76.9241,309.8,1.2,1.1,2025-02-27,1626,Terra,MODIS,78,61.03,282.1,12.2,N,0
9.97,76.9285,303.7,1.2,1.1,2025-02-27,1626,Terra,MODIS,51,61.03,282.3,7.5,N,0
10.1909,76.7717,309.8,1.1,1.1,2025-02-27,1626,Terra,MODIS,78,61.03,287.4,12,N,0
10.1896,76.7617,300.8,1.1,1.1,2025-02-27,1626,Terra,MODIS,24,61.03,285.1,5.2,N,0
10.4235,76.4455,304.5,1.1,1.1,2025-02-27,1626,Terra,MODIS,60,61.03,292.8,4.5,N,0
10.4223,76.4359,309.4,1.1,1.1,2025-02-27,1626,Terra,MODIS,77,61.03,292.9,8.3,N,0
10.8537,76.6523,311.1,1.1,1.1,2025-02-27,1626,Terra,MODIS,72,61.03,296.9,8.8,N,0
10.8618,76.6411,307.5,1.1,1.1,2025-02-27,1626,Terra,MODIS,67,61.03,295.6,6.2,N,0
10.8621,76.4256,308.4,1.1,1.1,2025-02-27,1626,Terra,MODIS,70,61.03,295,7.1,N,0
10.8608,76.4156,307.3,1.1,1.1,2025-02-27,1626,Terra,MODIS,66,61.03,294.6,6.4,N,0
12.2783,75.5839,301,1.1,1,2025-02-27,1626,Terra,MODIS,36,61.03,290.4,4.5,N,0
10.4274,76.4295,320.9,1.2,1.1,2025-02-28,0440,Terra,MODIS,75,61.03,299.9,15.8,D,0
10.4259,76.4397,323.2,1.2,1.1,2025-02-28,0440,Terra,MODIS,78,61.03,300,19.3,D,0
10.4242,76.4502,315.2,1.2,1.1,2025-02-28,0440,Terra,MODIS,60,61.03,298.9,9,D,0
9.7029,76.8906,317.4,1.1,1.1,2025-02-28,0910,Aqua,MODIS,61,61.03,295.9,9.8,D,0
10.1094,76.8214,325.3,1.1,1.1,2025-02-28,0910,Aqua,MODIS,78,61.03,290.8,18.5,D,0
10.1839,76.7615,319.6,1.1,1.1,2025-02-28,0910,Aqua,MODIS,64,61.03,292.6,11.5,D,0
10.1824,76.7514,321.5,1.1,1.1,2025-02-28,0910,Aqua,MODIS,60,61.03,294.5,13.5,D,0
10.4226,76.4477,319.8,1.2,1.1,2025-02-28,0910,Aqua,MODIS,69,61.03,299.5,10.9,D,0
10.421,76.4371,326.7,1.2,1.1,2025-02-28,0910,Aqua,MODIS,78,61.03,301.5,19.6,D,0
10.4194,76.4268,327,1.2,1.1,2025-02-28,0910,Aqua,MODIS,79,61.03,301,19.5,D,0
10.4288,76.4253,344,1.2,1.1,2025-02-28,0910,Aqua,MODIS,92,61.03,301.3,51.6,D,0
10.7346,76.4462,322.3,1.1,1.1,2025-02-28,0910,Aqua,MODIS,70,61.03,300.4,10,D,0
10.733,76.436,324.6,1.1,1.1,2025-02-28,0910,Aqua,MODIS,73,61.03,301.7,13.1,D,0
11.1052,76.617,324.7,1.1,1.1,2025-02-28,0910,Aqua,MODIS,72,61.03,303.5,13.8,D,0
11.1126,76.6204,324.7,1.1,1.1,2025-02-28,0910,Aqua,MODIS,65,61.03,302.6,15.6,D,0
11.9195,77.2987,327.7,1,1,2025-02-28,0911,Aqua,MODIS,75,61.03,304.5,14.4,D,0
12.026,76.7783,325.7,1.1,1,2025-02-28,0911,Aqua,MODIS,53,61.03,308.5,8.9,D,0
12.035,76.7768,338.3,1.1,1,2025-02-28,0911,Aqua,MODIS,86,61.03,307.7,27.1,D,0
12.3019,75.5703,338.3,1.2,1.1,2025-02-28,0911,Aqua,MODIS,88,61.03,300.1,48.9,D,0
12.3003,75.5603,319.4,1.2,1.1,2025-02-28,0911,Aqua,MODIS,66,61.03,294.7,17.2,D,0
10.4237,76.4535,303,1.1,1.1,2025-02-28,2124,Aqua,MODIS,34,61.03,287.7,5.3,N,0
11.7648,76.2019,312.1,1.2,1.1,2025-03-05,0441,Terra,MODIS,59,61.03,299.2,8.5,D,0
10.143,77.0121,326.2,1.4,1.2,2025-03-05,0442,Terra,MODIS,80,61.03,300,36,D,0
8.4811,77.2556,322.3,1.1,1.1,2025-03-05,0910,Aqua,MODIS,69,61.03,303.4,13.6,D,0
9.3968,76.9009,319,1.1,1.1,2025-03-05,0910,Aqua,MODIS,45,61.03,298.9,11.5,D,0
10.1288,77.2741,316.7,1.1,1,2025-03-05,0910,Aqua,MODIS,46,61.03,293.1,13.5,D,0
10.1272,77.264,320.6,1.1,1,2025-03-05,0910,Aqua,MODIS,65,61.03,291.3,18,D,0
10.2153,77.2928,323.5,1.1,1,2025-03-05,0910,Aqua,MODIS,71,61.03,298.6,18.6,D,0
10.2139,77.2833,333.2,1.1,1,2025-03-05,0910,Aqua,MODIS,83,61.03,301.5,32.4,D,0
11.2287,77.3335,332.5,1.1,1,2025-03-05,0910,Aqua,MODIS,80,61.03,317.5,13.2,D,0
11.2269,76.9528,334.8,1.1,1,2025-03-05,0910,Aqua,MODIS,82,61.03,314.5,21.4,D,0
11.236,76.9546,328.3,1.1,1,2025-03-05,0910,Aqua,MODIS,75,61.03,312.9,12.4,D,2
11.9947,76.8948,332.1,1.1,1,2025-03-05,0911,Aqua,MODIS,72,61.03,313,19.6,D,0
11.9932,76.8852,329.3,1.1,1,2025-03-05,0911,Aqua,MODIS,65,61.03,312.9,15,D,0
12.3904,77.3162,325,1,1,2025-03-05,0911,Aqua,MODIS,63,61.03,302.6,13.6,D,0
12.3129,76.1515,335.9,1.2,1.1,2025-03-05,0911,Aqua,MODIS,86,61.03,307,28.9,D,0
12.3113,76.1412,330.9,1.2,1.1,2025-03-05,0911,Aqua,MODIS,82,61.03,306.8,20.1,D,0
12.8,77.4467,333.1,1,1,2025-03-05,0911,Aqua,MODIS,82,61.03,312.7,17.6,D,0
12.7986,77.4375,327.3,1,1,2025-03-05,0911,Aqua,MODIS,68,61.03,310.5,9.8,D,0
12.7126,75.0533,313.7,1.3,1.1,2025-03-05,0911,Aqua,MODIS,56,61.03,297.6,7.7,D,0
8.41,77.3848,325.8,1.1,1,2025-03-06,1608,Terra,MODIS,100,61.03,296.7,24.5,N,0
12.2421,77.2416,316.6,1,1,2025-03-07,0422,Terra,MODIS,36,61.03,304.4,4.7,D,0
9.3436,76.9977,316,1,1,2025-03-07,0423,Terra,MODIS,61,61.03,301.1,9,D,0
9.1512,77.3691,321.3,1,1,2025-03-07,0423,Terra,MODIS,62,61.03,301.7,10.7,D,0
9.9247,77.3893,316.2,1,1,2025-03-07,0423,Terra,MODIS,43,61.03,304.2,6.3,D,0
12.24,77.2406,353,2.2,1.4,2025-03-07,0851,Aqua,MODIS,96,61.03,309.4,171,D,0
12.2369,77.2223,342.4,2.2,1.4,2025-03-07,0851,Aqua,MODIS,90,61.03,308.5,106.6,D,0
12.2419,77.2342,361.9,2.2,1.4,2025-03-07,0851,Aqua,MODIS,100,61.03,310.6,240.9,D,0
12.4958,77.4845,326.8,2.1,1.4,2025-03-07,0851,Aqua,MODIS,74,61.03,306.8,32.9,D,0
12.4925,77.4657,321.8,2.1,1.4,2025-03-07,0851,Aqua,MODIS,44,61.03,308,18.5,D,0
12.5079,77.4821,322.9,2.1,1.4,2025-03-07,0851,Aqua,MODIS,54,61.03,307.1,22.4,D,0
12.64,76.5705,320.4,2.4,1.5,2025-03-07,0851,Aqua,MODIS,59,61.03,303.8,26.1,D,0
10.2272,77.2785,347.2,1.3,1.1,2025-03-08,0930,Aqua,MODIS,93,61.03,306.6,71.7,D,0
11.3224,76.2407,320.7,1.2,1.1,2025-03-08,0930,Aqua,MODIS,59,61.03,301.9,10,D,0
12.0009,77.3112,328,1.4,1.2,2025-03-08,0930,Aqua,MODIS,66,61.03,307.9,20.5,D,0
11.9993,77.299,331.6,1.4,1.2,2025-03-08,0930,Aqua,MODIS,77,61.03,306.6,28.5,D,0
12.0313,77.3072,376.1,1.4,1.2,2025-03-08,0930,Aqua,MODIS,100,61.03,312.2,192.1,D,0
12.0296,77.2945,339.9,1.4,1.2,2025-03-08,0930,Aqua,MODIS,86,61.03,309.3,43,D,0
12.0415,77.3059,348.2,1.4,1.2,2025-03-08,0930,Aqua,MODIS,93,61.03,311.2,66.5,D,0
12.0398,77.2936,351.1,1.4,1.2,2025-03-08,0930,Aqua,MODIS,95,61.03,312,75.8,D,0
12.494,77.4895,326,1.4,1.2,2025-03-08,0930,Aqua,MODIS,64,61.03,308,14.3,D,0
12.6574,77.4934,328.4,1.4,1.2,2025-03-08,0930,Aqua,MODIS,71,61.03,311.4,17.8,D,0
11.2267,76.5946,420.5,1.4,1.2,2025-03-10,0443,Terra,MODIS,100,61.03,302.5,636.7,D,0
11.2247,76.6077,359.5,1.4,1.2,2025-03-10,0443,Terra,MODIS,99,61.03,295.8,133.3,D,0
8.4865,77.2582,321.1,1.2,1.1,2025-03-10,0909,Aqua,MODIS,72,61.03,301.7,13.9,D,0
9.5425,77.0165,327.1,1.2,1.1,2025-03-10,0910,Aqua,MODIS,75,61.03,304.3,20.5,D,0
9.541,77.0067,327.6,1.2,1.1,2025-03-10,0910,Aqua,MODIS,76,61.03,304.9,21.4,D,0
9.9109,76.9453,318.1,1.2,1.1,2025-03-10,0910,Aqua,MODIS,52,61.03,305.5,9.1,D,0
10.0243,76.978,319.8,1.1,1.1,2025-03-10,0910,Aqua,MODIS,63,61.03,304.1,12.4,D,0
10.0227,76.9677,329.9,1.1,1.1,2025-03-10,0910,Aqua,MODIS,80,61.03,307.5,25.7,D,0
10.0664,77.189,314.4,1.1,1.1,2025-03-10,0910,Aqua,MODIS,28,61.03,298.5,9.1,D,0
10.0848,77.1243,317.3,1.1,1.1,2025-03-10,0910,Aqua,MODIS,58,61.03,298.3,11.7,D,0
10.0833,77.1141,316,1.1,1.1,2025-03-10,0910,Aqua,MODIS,51,61.03,302,10.2,D,0
10.2292,77.2773,320.7,1.1,1,2025-03-10,0910,Aqua,MODIS,68,61.03,301.2,15.9,D,0
10.8315,76.8121,327.3,1.1,1.1,2025-03-10,0910,Aqua,MODIS,68,61.03,308.9,15.5,D,0
11.2256,76.5966,376.3,1.2,1.1,2025-03-10,0910,Aqua,MODIS,100,61.03,306.5,169,D,0
11.2241,76.5865,331.2,1.2,1.1,2025-03-10,0910,Aqua,MODIS,77,61.03,300.4,34.4,D,0
11.8593,77.0538,328.1,1.1,1,2025-03-10,0910,Aqua,MODIS,64,61.03,311.7,13.7,D,0
11.8784,77.0649,321.3,1.1,1,2025-03-10,0910,Aqua,MODIS,34,61.03,310,6.8,D,0
12.0183,77.3095,326.2,1.1,1,2025-03-10,0910,Aqua,MODIS,25,61.03,312.9,9,D,0
12.0169,77.3003,379.3,1.1,1,2025-03-10,0910,Aqua,MODIS,100,61.03,317,147.9,D,0
12.0154,77.2908,339.3,1.1,1,2025-03-10,0910,Aqua,MODIS,86,61.03,310.9,30,D,0
12.2217,77.3705,340.7,1.1,1,2025-03-10,0910,Aqua,MODIS,87,61.03,312.8,32.2,D,0
12.2307,77.369,336.3,1.1,1,2025-03-10,0910,Aqua,MODIS,83,61.03,313.4,24.2,D,0
12.2816,77.2207,327.1,1.1,1,2025-03-10,0910,Aqua,MODIS,65,61.03,313.6,10,D,0
12.3255,77.1453,331.4,1.1,1,2025-03-10,0910,Aqua,MODIS,73,61.03,316.2,14.6,D,0
12.3241,77.1358,330.6,1.1,1,2025-03-10,0910,Aqua,MODIS,71,61.03,316.1,12.9,D,0
12.5724,77.497,351,1,1,2025-03-10,0911,Aqua,MODIS,94,61.03,314.5,51.5,D,0
12.571,77.4877,335.4,1,1,2025-03-10,0911,Aqua,MODIS,82,61.03,311.4,21.3,D,0
12.5459,75.7586,319.9,1.2,1.1,2025-03-10,0911,Aqua,MODIS,54,61.03,304.4,14.9,D,0
12.7842,76.2814,326,1.2,1.1,2025-03-10,0911,Aqua,MODIS,69,61.03,313,12.2,D,0
11.2313,76.5991,308.7,1.2,1.1,2025-03-10,2124,Aqua,MODIS,75,61.03,282,14.7,N,0
10.5344,76.4172,307,1.2,1.1,2025-03-10,2124,Aqua,MODIS,70,61.03,295.3,6.6,N,0
12.6732,76.6581,305,1,1,2025-03-11,1611,Terra,MODIS,63,61.03,291.6,5.4,N,0
11.9658,77.4071,321.8,2.2,1.4,2025-03-12,0851,Aqua,MODIS,78,61.03,286,41.9,D,0
9.3331,76.4835,324.2,1.1,1,2025-03-13,0929,Aqua,MODIS,0,61.03,300.4,14.5,D,0
12.2423,77.1864,349.6,1.3,1.1,2025-03-13,0930,Aqua,MODIS,94,61.03,315.2,63,D,0
12.2847,77.1997,330.6,1.3,1.1,2025-03-13,0930,Aqua,MODIS,62,61.03,315.1,15.1,D,0
12.2931,77.1868,335.6,1.3,1.1,2025-03-13,0930,Aqua,MODIS,82,61.03,312.5,26.8,D,0
12.3982,77.3573,336.1,1.3,1.1,2025-03-13,0930,Aqua,MODIS,82,61.03,313,28.6,D,0
12.4675,77.2689,344,1.3,1.1,2025-03-13,0930,Aqua,MODIS,89,61.03,314.9,45.1,D,0
12.7798,76.8467,330.3,1.3,1.1,2025-03-13,0930,Aqua,MODIS,64,61.03,316,15.1,D,0
12.2909,77.0116,318.9,1.5,1.2,2025-03-15,0445,Terra,MODIS,68,61.03,307.2,11.6,D,0
11.4741,76.6284,327.7,1.2,1.1,2025-03-15,0910,Aqua,MODIS,76,61.03,304.3,25.3,D,0
11.485,76.6367,321.3,1.2,1.1,2025-03-15,0910,Aqua,MODIS,64,61.03,302.7,15.8,D,0
11.4835,76.6266,329.8,1.2,1.1,2025-03-15,0910,Aqua,MODIS,79,61.03,302.1,28.6,D,0
11.5194,76.5142,318.4,1.2,1.1,2025-03-15,0910,Aqua,MODIS,53,61.03,307.7,9,D,0
12.0062,77.2747,344.3,1.1,1,2025-03-15,0910,Aqua,MODIS,90,61.03,314.9,37.9,D,0
12.0047,77.2649,337.1,1.1,1,2025-03-15,0910,Aqua,MODIS,83,61.03,316.3,24.3,D,0
12.0153,77.2733,349.7,1.1,1,2025-03-15,0910,Aqua,MODIS,94,61.03,317.4,49.3,D,0
12.0138,77.2635,329.8,1.1,1,2025-03-15,0910,Aqua,MODIS,67,61.03,317.2,11.9,D,0
12.1039,77.1833,326,1.1,1,2025-03-15,0910,Aqua,MODIS,62,61.03,312.6,13,D,0
12.2343,77.4983,369.5,1.1,1,2025-03-15,0910,Aqua,MODIS,100,61.03,319.7,104.1,D,0
12.2328,77.4887,366.6,1.1,1,2025-03-15,0910,Aqua,MODIS,100,61.03,319.7,94.6,D,0
12.2432,77.4969,362.1,1.1,1,2025-03-15,0910,Aqua,MODIS,100,61.03,320.1,75.9,D,0
12.2418,77.4874,403.7,1.1,1,2025-03-15,0910,Aqua,MODIS,100,61.03,324.8,275.8,D,0
12.2404,77.4778,360.4,1.1,1,2025-03-15,0910,Aqua,MODIS,100,61.03,316.7,73,D,0
12.2508,77.486,348,1.1,1,2025-03-15,0910,Aqua,MODIS,79,61.03,322.3,39,D,0
12.2494,77.4765,373.1,1.1,1,2025-03-15,0910,Aqua,MODIS,100,61.03,324.1,115.8,D,0
12.2479,77.4669,350.3,1.1,1,2025-03-15,0910,Aqua,MODIS,94,61.03,318,48.3,D,0
12.2598,77.4847,336.6,1.1,1,2025-03-15,0910,Aqua,MODIS,73,61.03,319.7,19,D,0
12.2584,77.4752,335.6,1.1,1,2025-03-15,0910,Aqua,MODIS,66,61.03,318.2,19.1,D,0
12.1563,76.5058,335.1,1.2,1.1,2025-03-15,0910,Aqua,MODIS,81,61.03,317.5,20.7,D,0
12.2826,77.1419,333.9,1.1,1,2025-03-15,0910,Aqua,MODIS,74,61.03,314.7,17.1,D,0
12.2811,77.1322,337.7,1.1,1,2025-03-15,0910,Aqua,MODIS,84,61.03,315.5,23.6,D,0
12.2917,77.1405,330.5,1.1,1,2025-03-15,0910,Aqua,MODIS,70,61.03,316.2,12.3,D,0
12.2902,77.1307,334.3,1.1,1,2025-03-15,0910,Aqua,MODIS,80,61.03,316.6,18,D,0
12.3301,77.2173,330.3,1.1,1,2025-03-15,0910,Aqua,MODIS,55,61.03,318,12.2,D,0
12.4886,77.3425,330.3,1.1,1,2025-03-15,0910,Aqua,MODIS,72,61.03,320.1,11.3,D,0
12.5403,77.2606,327.8,1.1,1,2025-03-15,0910,Aqua,MODIS,56,61.03,314.9,8.8,D,0
12.5388,77.2507,328.9,1.1,1,2025-03-15,0910,Aqua,MODIS,69,61.03,317.8,10,D,0
12.4462,76.12,350.6,1.2,1.1,2025-03-15,0910,Aqua,MODIS,94,61.03,315.2,62.2,D,0
12.4445,76.1091,325.5,1.2,1.1,2025-03-15,0910,Aqua,MODIS,67,61.03,313.6,8.5,D,0
12.7521,76.3024,334.7,1.2,1.1,2025-03-15,0910,Aqua,MODIS,82,61.03,314.4,23.4,D,0
12.7505,76.292,346.6,1.2,1.1,2025-03-15,0910,Aqua,MODIS,92,61.03,315.6,48.8,D,0
11.9727,77.424,341.6,1.3,1.1,2025-03-18,0929,Aqua,MODIS,88,61.03,310.5,41.8,D,0
8.7344,77.0502,319.4,1.2,1.1,2025-03-20,0909,Aqua,MODIS,62,61.03,302.3,11.2,D,0
12.6343,77.4507,332,1.1,1,2025-03-20,0910,Aqua,MODIS,75,61.03,316.1,12,D,0
12.6329,77.4411,332.8,1.1,1,2025-03-20,0910,Aqua,MODIS,77,61.03,315.9,14.5,D,0
12.2268,77.3304,320.5,1,1,2025-03-21,1614,Terra,MODIS,100,61.03,295.6,15.5,N,0
12.7445,74.9283,322.9,1,1,2025-03-23,0929,Aqua,MODIS,72,61.03,301.9,10.8,D,0
11.913,77.4492,322.5,1.1,1.1,2025-03-25,0909,Aqua,MODIS,63,61.03,305.9,8.7,D,0
9.4498,76.3582,324,1,1,2025-03-28,0927,Aqua,MODIS,0,61.03,302.5,10.6,D,0
11.5637,76.6413,323.3,1.3,1.1,2025-03-30,0908,Aqua,MODIS,42,61.03,312,10.1,D,0
11.5649,76.6474,323.3,1.3,1.1,2025-03-30,0908,Aqua,MODIS,53,61.03,311.6,10,D,0
12.1735,77.188,331.7,1.2,1.1,2025-03-30,0908,Aqua,MODIS,78,61.03,315.6,18.5,D,0
12.2148,77.1758,332.4,1.2,1.1,2025-03-30,0908,Aqua,MODIS,63,61.03,315.7,19.5,D,0
12.6744,77.4392,324.6,1.1,1.1,2025-03-30,0908,Aqua,MODIS,39,61.03,310.9,10.5,D,0
11.4715,76.6248,323.3,2.2,1.5,2025-03-31,0947,Aqua,MODIS,63,61.03,294.9,48.5,D,0
8.4054,77.3787,301.6,1,1,2025-03-31,1616,Terra,MODIS,42,61.03,286.1,3.4,N,0
8.4066,77.3879,303.1,1,1,2025-03-31,1616,Terra,MODIS,53,61.03,286.1,4.4,N,0
9.8767,77.229,301.5,1,1,2025-03-31,1616,Terra,MODIS,37,61.03,287.8,4.2,N,0
9.9912,77.394,304.3,1,1,2025-03-31,1616,Terra,MODIS,60,61.03,290.8,4.1,N,0
12.1603,77.4392,310.2,1.1,1,2025-03-31,1617,Terra,MODIS,79,61.03,295.7,7.9,N,0
12.1615,77.4489,310.1,1.1,1,2025-03-31,1617,Terra,MODIS,78,61.03,296.1,7.8,N,0
9.5103,76.8526,316.2,1.1,1,2025-04-01,0431,Terra,MODIS,64,61.03,297.5,9.4,D,0
12.3865,77.3682,327.3,1.2,1.1,2025-04-04,0907,Aqua,MODIS,65,61.03,305.9,14.7,D,0
12.3848,77.3574,330.8,1.2,1.1,2025-04-04,0907,Aqua,MODIS,76,61.03,305.7,21.8,D,0
12.6726,77.4418,313.9,1.1,1,2025-04-06,0431,Terra,MODIS,34,61.03,297.8,6.1,D,0
11.4579,77.1612,315.2,1.1,1,2025-04-06,0432,Terra,MODIS,63,61.03,298.7,6.2,D,0
11.299,76.9876,315.6,1.1,1,2025-04-06,0432,Terra,MODIS,61,61.03,298.9,6.5,D,0
12.6715,77.4389,314.9,1.1,1.1,2025-04-11,0433,Terra,MODIS,38,61.03,298.5,7.4,D,0
12.1603,77.3658,321,1.1,1,2025-04-12,0925,Aqua,MODIS,63,61.03,305.2,7.1,D,0
12.1402,76.0664,315.4,1,1,2025-04-12,0925,Aqua,MODIS,48,61.03,299.7,6.8,D,0
12.2133,76.7561,328.9,1.9,1.3,2025-04-15,0944,Aqua,MODIS,77,61.03,307.6,29.2,D,0
12.4592,75.3784,320.1,1,1,2025-04-17,0924,Aqua,MODIS,69,61.03,299.3,11.9,D,0
9.8729,77.2388,326.3,1,1,2025-04-17,2137,Aqua,MODIS,100,61.03,292.4,25,N,0
9.8715,77.248,321.6,1,1,2025-04-17,2137,Aqua,MODIS,100,61.03,294.8,19,N,0
9.8642,77.2369,311.2,1,1,2025-04-17,2137,Aqua,MODIS,80,61.03,289.8,10.4,N,0
9.8627,77.2462,342.4,1,1,2025-04-17,2137,Aqua,MODIS,100,61.03,293.2,48.5,N,0
10.2156,77.2909,347.8,1,1,2025-04-22,0922,Aqua,MODIS,71,61.03,298.1,53.7,D,0
10.2143,77.2821,317.3,1,1,2025-04-22,0922,Aqua,MODIS,33,61.03,290.9,11.3,D,0
12.6929,77.1034,319.9,1.7,1.3,2025-04-24,0902,Aqua,MODIS,54,61.03,304.5,13.1,D,0
12.049,76.9585,329.8,1.6,1.3,2025-04-25,0941,Aqua,MODIS,69,61.03,309.4,19.3,D,0
9.4629,76.3811,310.8,3.1,1.7,2025-04-28,0959,Aqua,MODIS,19,61.03,289,26.6,D,0
12.6774,77.4437,315.6,1.5,1.2,2025-05-06,0438,Terra,MODIS,33,61.03,299.5,11.5,D,0
12.5726,77.0111,313.9,1.4,1.2,2025-05-06,0438,Terra,MODIS,58,61.03,298.5,9.4,D,0
9.9638,76.3969,307.2,1.1,1.1,2025-05-07,2131,Aqua,MODIS,71,61.03,292.4,7.5,N,2
12.1027,75.315,322.2,1.2,1.1,2025-05-08,0419,Terra,MODIS,74,61.03,301.7,14.8,D,0
11.4828,77.4706,324.7,1,1,2025-05-08,0419,Terra,MODIS,77,61.03,301.2,12.5,D,0
10.3762,77.4651,319.5,1,1,2025-05-08,0420,Terra,MODIS,62,61.03,300.8,8.2,D,0
12.7995,76.5774,315.4,1.4,1.2,2025-05-11,0439,Terra,MODIS,57,61.03,298.7,7.9,D,0
12.6942,77.1031,315.3,1.5,1.2,2025-05-11,0439,Terra,MODIS,58,61.03,298.3,9.1,D,0
12.3879,76.1911,320.4,1.3,1.1,2025-05-11,0439,Terra,MODIS,70,61.03,303.4,9.6,D,0
9.6672,76.4858,314,1,1,2025-05-13,0421,Terra,MODIS,54,61.03,296.8,6.6,D,0
11.661,75.9225,302.1,1,1,2025-05-15,2147,Aqua,MODIS,46,61.03,283.9,6.2,N,0
12.2262,76.9841,312,1.3,1.1,2025-05-22,0912,Aqua,MODIS,57,61.03,291,8.5,D,0
9.2706,77.3359,314.2,1.1,1,2025-06-21,1613,Terra,MODIS,41,61.03,282.7,13.9,N,0
9.1759,77.4231,326.7,1.1,1,2025-08-19,0929,Aqua,MODIS,66,61.03,307.5,11.2,D,0
10.5309,77.2129,307.9,1.8,1.3,2025-08-25,1622,Terra,MODIS,73,61.03,288.7,18,N,0
10.5393,77.2062,310.5,1.8,1.3,2025-08-25,1622,Terra,MODIS,80,61.03,288.5,21.6,N,0
9.2731,77.4737,304.3,1.3,1.1,2025-09-03,2135,Aqua,MODIS,59,61.03,283.8,7.5,N,0
11.9765,76.8901,310.4,1.9,1.3,2025-09-05,0436,Terra,MODIS,39,61.03,291.8,11.5,D,0
9.3149,77.4726,328,1,1,2025-09-06,0938,Aqua,MODIS,80,61.03,305.1,11,D,0
9.1511,77.3526,320,1.2,1.1,2025-09-14,0359,Terra,MODIS,38,61.03,301.6,7.7,D,0
9.3558,77.3664,308.3,1.6,1.3,2025-09-14,2207,Aqua,MODIS,59,61.03,287.9,18.1,N,0
9.3553,77.3579,312.4,1.6,1.3,2025-09-14,2207,Aqua,MODIS,80,61.03,289.5,23.8,N,0
12.1985,76.841,300.3,1,1,2025-09-16,1605,Terra,MODIS,23,61.03,285.7,3.5,N,0
10.436,77.2828,317.7,1.1,1,2025-09-17,0418,Terra,MODIS,68,61.03,296.2,8.7,D,0
12.116,77.223,317.9,1,1,2025-10-09,0938,Aqua,MODIS,72,61.03,290.7,11,D,0
12.1147,77.214,317.8,1,1,2025-10-09,0938,Aqua,MODIS,68,61.03,290.6,11.1,D,0
9.8852,77.4525,331.2,1.7,1.3,2025-10-29,0923,Aqua,MODIS,84,61.03,298,50.9,D,0
9.8964,77.4505,327.7,1.7,1.3,2025-10-29,0923,Aqua,MODIS,81,61.03,296.9,41.7,D,0
10.7752,77.2415,310.8,1.7,1.3,2025-10-29,0923,Aqua,MODIS,30,61.03,294.9,9.3,D,0
10.7728,77.2263,316.8,1.7,1.3,2025-10-29,0923,Aqua,MODIS,67,61.03,294.9,21.4,D,0
10.7991,77.2478,316.6,1.7,1.3,2025-10-29,0923,Aqua,MODIS,66,61.03,295.5,20.5,D,0
10.8653,77.1587,315.4,1.7,1.3,2025-10-29,0923,Aqua,MODIS,49,61.03,295.7,18,D,0
10.8912,77.2481,313.3,1.7,1.3,2025-10-29,0923,Aqua,MODIS,44,61.03,297,13.3,D,0
10.8766,77.1568,316.9,1.7,1.3,2025-10-29,0923,Aqua,MODIS,63,61.03,295.9,20.7,D,0
10.867,77.1672,312.9,1.7,1.3,2025-10-29,0923,Aqua,MODIS,32,61.03,295.5,13.2,D,0
10.8644,77.152,312.4,1.7,1.3,2025-10-29,0923,Aqua,MODIS,20,61.03,296,12.3,D,0
10.8936,77.2563,317.7,1.7,1.3,2025-10-29,0923,Aqua,MODIS,67,61.03,297.2,21.9,D,0
10.891,77.2412,311.2,1.7,1.3,2025-10-29,0923,Aqua,MODIS,43,61.03,296.9,10.8,D,0
11.0478,77.2859,316.4,1.7,1.3,2025-10-29,0923,Aqua,MODIS,65,61.03,298.6,12,D,0
11.1912,77.1724,319.6,1.7,1.3,2025-10-29,0923,Aqua,MODIS,71,61.03,299.3,22.1,D,0
11.3815,77.204,322,1.7,1.3,2025-10-29,0923,Aqua,MODIS,75,61.03,297.7,24.8,D,0
12.6735,77.4436,310.4,1.2,1.1,2025-11-01,0419,Terra,MODIS,53,61.03,299.2,6.6,D,0
12.4073,77.3719,312.5,1.2,1.1,2025-11-01,0419,Terra,MODIS,60,61.03,298.4,8.3,D,0
11.303,77.4859,315.2,1.3,1.1,2025-11-01,0419,Terra,MODIS,69,61.03,300.2,9.6,D,0
10.5052,77.2535,316.3,1.3,1.1,2025-11-01,0419,Terra,MODIS,59,61.03,302.7,9.1,D,0
9.9336,77.3034,315.5,1.3,1.1,2025-11-01,0419,Terra,MODIS,53,61.03,301.3,8.7,D,0
9.8906,77.4522,322.2,1.3,1.1,2025-11-01,0419,Terra,MODIS,75,61.03,304,16.8,D,0
9.8888,77.464,319.3,1.3,1.1,2025-11-01,0419,Terra,MODIS,71,61.03,304,12.4,D,0
9.876,77.4136,323.4,1.3,1.1,2025-11-01,0419,Terra,MODIS,77,61.03,303,21.1,D,0
9.8742,77.4254,328.4,1.3,1.1,2025-11-01,0419,Terra,MODIS,81,61.03,304.3,28.3,D,0
8.7971,77.4952,315.2,1.4,1.2,2025-11-01,0420,Terra,MODIS,61,61.03,301.8,8.4,D,0
12.5899,76.8742,305.6,1.4,1.2,2025-11-04,0958,Aqua,MODIS,60,61.03,287.8,6.6,D,0
12.7113,74.9835,312,1.4,1.2,2025-11-06,0937,Aqua,MODIS,62,61.03,300.4,9.9,D,0
12.7838,77.419,310.6,1.2,1.1,2025-11-11,0419,Terra,MODIS,50,61.03,297.2,6.8,D,2
12.7043,74.985,309.4,1.7,1.3,2025-11-11,0933,Aqua,MODIS,43,61.03,298.3,8.6,D,0
11.959,77.0449,309.1,1,1,2025-11-14,0950,Aqua,MODIS,55,61.03,292.7,6.1,D,0
10.4447,77.2734,311.3,1.3,1.1,2025-11-16,0419,Terra,MODIS,62,61.03,294.2,9,D,0
11.497,77.0364,305.1,1.5,1.2,2025-11-16,0928,Aqua,MODIS,9,61.03,289.5,3.5,D,0
10.4794,77.0679,309.8,1.3,1.1,2025-11-21,0419,Terra,MODIS,51,61.03,292.8,7.8,D,0
12.3518,77.3225,303.7,1.3,1.1,2025-11-27,0958,Aqua,MODIS,48,61.03,283.7,9.6,D,0
12.4561,75.3704,311.3,1,1,2025-12-07,0949,Aqua,MODIS,62,61.03,298.5,6.3,D,0
12.5518,77.2316,310.9,1.7,1.3,2025-12-10,1006,Aqua,MODIS,60,61.03,299.6,9.3,D,0
12.5836,74.9625,312.1,1,1,2025-12-11,0417,Terra,MODIS,70,61.03,301.7,6.9,D,0
11.9631,76.5886,316.6,1,1,2025-12-12,0945,Aqua,MODIS,70,61.03,301.6,8.7,D,0
12.273,77.4816,322.7,1,1,2025-12-12,0945,Aqua,MODIS,77,61.03,300.5,15.3,D,0
12.3699,77.3871,325.8,1,1,2025-12-12,0945,Aqua,MODIS,80,61.03,303.6,17.3,D,0
12.3686,77.3782,316.2,1,1,2025-12-12,0945,Aqua,MODIS,66,61.03,301.5,8,D,0
12.4807,77.2727,315.2,1,1,2025-12-12,0945,Aqua,MODIS,67,61.03,300.5,7.2,D,0
12.7713,76.6194,313,1,1,2025-12-12,0945,Aqua,MODIS,63,61.03,301.8,6.2,D,0
12.7729,77.4756,309.2,1.1,1,2025-12-13,0357,Terra,MODIS,63,61.03,297.3,6.2,D,0
12.6092,77.4597,310.6,1.1,1,2025-12-13,0358,Terra,MODIS,66,61.03,297.1,7.2,D,0
12.6079,77.4692,317.1,1.1,1,2025-12-13,0358,Terra,MODIS,75,61.03,297.1,13.1,D,0
12.1328,76.637,309,1.1,1.1,2025-12-13,0358,Terra,MODIS,64,61.03,295.3,7.7,D,0
12.5593,77.2345,312.4,2,1.4,2025-12-14,0923,Aqua,MODIS,63,61.03,301.1,16.7,D,0
12.5647,77.1202,316.3,2.1,1.4,2025-12-14,0923,Aqua,MODIS,70,61.03,302.7,25.4,D,0
12.0112,77.091,314.3,1.3,1.1,2025-12-15,1001,Aqua,MODIS,65,61.03,302.9,10.7,D,0
12.1035,76.6356,312.7,1.2,1.1,2025-12-15,1001,Aqua,MODIS,60,61.03,301,8.9,D,0
12.3081,77.327,314.9,1.4,1.2,2025-12-15,1001,Aqua,MODIS,67,61.03,304.6,11.2,D,0
12.3183,77.3254,330.6,1.4,1.2,2025-12-15,1001,Aqua,MODIS,84,61.03,305.4,37.1,D,0
12.5327,77.3959,314.8,1.4,1.2,2025-12-15,1002,Aqua,MODIS,67,61.03,302.4,10.3,D,0
12.5407,77.3878,313.9,1.4,1.2,2025-12-15,1002,Aqua,MODIS,62,61.03,302.9,9.3,D,0
12.3309,77.3289,303.1,1.4,1.2,2025-12-15,1604,Terra,MODIS,53,61.03,291.9,8.9,N,0
9.1928,76.8018,311.3,1.4,1.2,2025-12-16,0418,Terra,MODIS,48,61.03,296,9.9,D,0
12.2609,77.4897,336.1,1.1,1,2025-12-17,0940,Aqua,MODIS,88,61.03,301.5,34.4,D,0
12.27,77.4924,328.4,1.1,1,2025-12-17,0940,Aqua,MODIS,83,61.03,301.7,23,D,0
12.2685,77.4829,318,1.1,1,2025-12-17,0940,Aqua,MODIS,72,61.03,300.8,10.7,D,0
12.3075,77.4961,313.4,1.1,1,2025-12-17,0940,Aqua,MODIS,20,61.03,301.8,4.9,D,0
12.3421,77.3568,312.9,1.1,1,2025-12-17,0940,Aqua,MODIS,60,61.03,302.4,6,D,0
12.3406,77.347,326.7,1.1,1,2025-12-17,0940,Aqua,MODIS,81,61.03,303.5,20.9,D,0
11.4889,77.3677,307.3,1.1,1,2025-12-18,0358,Terra,MODIS,62,61.03,296.9,5,D,0
8.4907,77.339,311.1,1.1,1,2025-12-20,0956,Aqua,MODIS,59,61.03,298.4,6.9,D,0
8.4894,77.3299,321.6,1.1,1,2025-12-20,0956,Aqua,MODIS,72,61.03,301.1,16.4,D,0
9.6611,76.4257,320.3,1,1,2025-12-20,0956,Aqua,MODIS,71,61.03,302.9,12.4,D,0
11.7552,75.5154,312.6,1,1,2025-12-20,0957,Aqua,MODIS,63,61.03,300.8,6.3,D,0
11.7539,75.5065,325.5,1,1,2025-12-20,0957,Aqua,MODIS,62,61.03,301.8,18.6,D,0
12.2594,77.377,321.6,1.2,1.1,2025-12-20,0957,Aqua,MODIS,79,61.03,301.7,17.3,D,0
12.3036,77.4873,312.8,1.2,1.1,2025-12-20,0957,Aqua,MODIS,68,61.03,300.7,8,D,0
12.3021,77.4769,314.3,1.2,1.1,2025-12-20,0957,Aqua,MODIS,70,61.03,300.7,9.4,D,0
12.2963,77.1774,317.4,1.1,1.1,2025-12-20,0957,Aqua,MODIS,75,61.03,300.3,12,D,0
12.7097,77.3642,316.6,1.2,1.1,2025-12-20,0957,Aqua,MODIS,72,61.03,300.5,11.4,D,0
10.824,76.3676,315.1,1.6,1.2,2025-12-22,0935,Aqua,MODIS,65,61.03,298.7,17,D,0
10.8217,76.3531,310.5,1.6,1.2,2025-12-22,0935,Aqua,MODIS,51,61.03,299.6,10.3,D,0
12.4282,76.7998,314.4,1.4,1.2,2025-12-22,0935,Aqua,MODIS,69,61.03,298.3,13.5,D,0
12.5858,74.9879,313.1,1.4,1.2,2025-12-23,0357,Terra,MODIS,71,61.03,298.1,14.1,D,0
9.1742,76.7977,316,1.1,1,2025-12-23,0358,Terra,MODIS,74,61.03,299.3,10.1,D,0
9.1729,76.8071,320.8,1.1,1,2025-12-23,0358,Terra,MODIS,79,61.03,300.1,14.8,D,0
12.4641,77.261,328,1,1,2025-12-25,0952,Aqua,MODIS,81,61.03,302.8,21.1,D,0
12.4628,77.2519,322.2,1,1,2025-12-25,0952,Aqua,MODIS,76,61.03,303.7,14.6,D,0
12.5274,77.2607,315.6,1,1,2025-12-25,0952,Aqua,MODIS,54,61.03,301,6.8,D,0
12.5261,77.2517,315.7,1,1,2025-12-25,0952,Aqua,MODIS,53,61.03,303.8,6.7,D,0
12.6685,76.958,312.4,1,1,2025-12-25,0952,Aqua,MODIS,58,61.03,302,6,D,0
11.9671,76.5926,313.4,1.8,1.3,2025-12-27,0931,Aqua,MODIS,35,61.03,301.4,10.3,D,0
11.9107,76.5501,322.4,1.5,1.2,2025-12-28,1009,Aqua,MODIS,77,61.03,301.6,25.2,D,0
11.9137,76.5442,316.4,1.5,1.2,2025-12-28,1009,Aqua,MODIS,53,61.03,302.1,12.2,D,0
12.2592,77.457,316.9,1.8,1.3,2025-12-28,1009,Aqua,MODIS,69,61.03,301.5,20.1,D,0
